x1,y1,x2,y2
6.388986,62.465832999999996,6.388720062274269,62.46609575312083
6.5631407,62.481624000000004,6.56315349481559,62.482031001146154
6.56315349481559,62.482031001146154,6.563619382199362,62.48213105748864
6.563697126545899,62.47945102519563,6.564173371932599,62.48011301661502
6.563606197060765,62.48117315144814,6.5631407,62.481624000000004
6.5660762,62.482175999999995,6.5671756728249155,62.48248974619104
6.5671756728249155,62.48248974619104,6.5674223,62.482975999999994
6.5616910679832445,62.47847591196743,6.562804942277691,62.47882996535675
6.566737009018473,62.484451970120006,6.565659010136926,62.48474338749547
6.563619382199362,62.48213105748864,6.564674705327052,62.482168300458305
6.56727338888727,62.48392750117748,6.566737009018473,62.484451970120006
6.565659010136926,62.48474338749547,6.5650409,62.48480300000001
6.5623188072874745,62.48483914397147,6.5610297,62.484871000000005
6.5610297,62.484871000000005,6.5597242496198405,62.48483770019287
6.5563389,62.47840299999999,6.55741880817108,62.478307598870416
6.55838344021914,62.48476880175732,6.5570493,62.484674000000005
6.5590122,62.478304999999985,6.5603566,62.47835499999999
6.5603566,62.47835499999999,6.5616910679832445,62.47847591196743
6.5650409,62.48480300000001,6.563528318475856,62.484815371163116
6.554481265765703,62.4844119539486,6.553160183836304,62.48425481203256
6.551885119675411,62.48409609525698,6.5506270107668945,62.48415356938339
6.5506270107668945,62.48415356938339,6.549646478493592,62.48441814662014
6.549646478493592,62.48441814662014,6.5484305520110695,62.4845243739419
6.563528318475856,62.484815371163116,6.5623188072874745,62.48483914397147
6.5597242496198405,62.48483770019287,6.55838344021914,62.48476880175732
6.5570493,62.484674000000005,6.555761389181452,62.4845364935834
6.555761389181452,62.4845364935834,6.554481265765703,62.4844119539486
6.553160183836304,62.48425481203256,6.551885119675411,62.48409609525698
6.54196517629707,62.4834430887389,6.540898100096166,62.48330620159486
6.56405109509321,62.48059073101142,6.563606197060765,62.48117315144814
6.5484305520110695,62.4845243739419,6.5469696,62.48436900000001
6.5382029,62.48297900000001,6.536986445069752,62.482618973946664
6.5469696,62.48436900000001,6.545766114554278,62.484184258603825
6.545766114554278,62.484184258603825,6.5444555,62.48396400000002
6.5444555,62.48396400000002,6.543075231051852,62.48366630745837
6.53977459174494,62.483198042430686,6.5382029,62.48297900000001
6.543075231051852,62.48366630745837,6.54196517629707,62.4834430887389
6.540898100096166,62.48330620159486,6.53977459174494,62.483198042430686
6.536986445069752,62.482618973946664,6.535921510496322,62.48229523577326
6.528249156805311,62.48186762549034,6.526926385432963,62.48171963764682
6.535921510496322,62.48229523577326,6.534750065751695,62.482056635984144
6.5255234008585346,62.481627828553414,6.5246587,62.48188900000001
6.5246587,62.48188900000001,6.5234269,62.481936000000005
6.534750065751695,62.482056635984144,6.5334492102627015,62.48191253934717
6.5334492102627015,62.48191253934717,6.532201881635775,62.48189123853324
6.532201881635775,62.48189123853324,6.5308628,62.481894000000004
6.519482609240633,62.48164932903819,6.518084200431503,62.48137791383709
6.5308628,62.481894000000004,6.529637212970933,62.481879250883914
6.51694550962644,62.481243761798915,6.5157688,62.48128700000001
6.529637212970933,62.481879250883914,6.528249156805311,62.48186762549034
6.526926385432963,62.48171963764682,6.5255234008585346,62.481627828553414
6.513055886128979,62.48124238093552,6.5124982,62.48124500000001
6.5124982,62.48124500000001,6.511835496687923,62.481252936550796
6.511835496687923,62.481252936550796,6.511428738369707,62.48128525214739
6.511428738369707,62.48128525214739,6.5107364,62.48134999999999
6.5107364,62.48134999999999,6.5106846,62.48159499999999
6.5106846,62.48159499999999,6.5110044,62.481694999999995
6.5110044,62.481694999999995,6.511441271742928,62.481806805162634
6.511441271742928,62.481806805162634,6.5121203,62.481866999999994
6.5121203,62.481866999999994,6.5127594,62.48192599999999
6.5127594,62.48192599999999,6.5132831,62.48218500000001
6.5132831,62.48218500000001,6.513270797182184,62.48250681532606
6.5133039,62.482729,6.512675754462686,62.48275342506145
6.513270797182184,62.48250681532606,6.5133039,62.482729
6.512675754462686,62.48275342506145,6.511786855067392,62.48275488351816
6.511786855067392,62.48275488351816,6.511113240994072,62.4826979512282
6.511113240994072,62.4826979512282,6.510752507456971,62.482670638230495
6.510752507456971,62.482670638230495,6.510226636640959,62.48262189644012
6.510226636640959,62.48262189644012,6.509420751907076,62.48253436654583
6.509420751907076,62.48253436654583,6.508715713079795,62.48242036015547
6.508715713079795,62.48242036015547,6.5082144,62.482335000000006
6.5082144,62.482335000000006,6.5076042,62.482293000000006
6.5076042,62.482293000000006,6.507084870338947,62.48225750862138
6.507084870338947,62.48225750862138,6.5064126,62.482393000000016
6.5064126,62.482393000000016,6.505791980895025,62.48247222797085
6.505791980895025,62.48247222797085,6.504908301633712,62.48283553191566
6.504908301633712,62.48283553191566,6.504270013069805,62.48326367652656
6.504270013069805,62.48326367652656,6.503364040190424,62.48375451068244
6.503364040190424,62.48375451068244,6.50229304247537,62.483999880662104
6.50229304247537,62.483999880662104,6.501250017257074,62.484034036044676
6.501250017257074,62.484034036044676,6.499788361933904,62.48385145017851
6.499788361933904,62.48385145017851,6.4985660850108,62.48354680829783
6.4985660850108,62.48354680829783,6.497403773877786,62.48329914387588
6.497403773877786,62.48329914387588,6.496081103291489,62.48311436391365
6.496081103291489,62.48311436391365,6.494929209824744,62.48295995226897
6.494929209824744,62.48295995226897,6.49352793140174,62.48283006426654
6.49352793140174,62.48283006426654,6.492305191421523,62.482986473271104
6.492305191421523,62.482986473271104,6.491227744465367,62.48328402850016
6.491227744465367,62.48328402850016,6.489911944264587,62.48351833544168
6.489911944264587,62.48351833544168,6.48859875366889,62.48368772134858
6.48859875366889,62.48368772134858,6.487262819562208,62.48379271221854
6.487262819562208,62.48379271221854,6.486086279814678,62.483847668734995
6.486086279814678,62.483847668734995,6.484984580928721,62.48395197942516
6.484984580928721,62.48395197942516,6.4836684,62.48415299999999
6.4836684,62.48415299999999,6.4821072189677835,62.48417476043512
6.4821072189677835,62.48417476043512,6.481017567811835,62.48404664694574
6.481017567811835,62.48404664694574,6.4798589903338275,62.483755745650356
6.4798589903338275,62.483755745650356,6.478773563987723,62.483435073870055
6.478773563987723,62.483435073870055,6.4777492,62.48323100000001
6.4777492,62.48323100000001,6.4765004,62.48306900000001
6.4765004,62.48306900000001,6.4752776,62.482873000000005
6.4752776,62.482873000000005,6.4740737,62.482651000000004
6.4740737,62.482651000000004,6.472773821761839,62.48242951285869
6.472773821761839,62.48242951285869,6.4717796419493805,62.48213259383764
6.4717796419493805,62.48213259383764,6.47079938236115,62.482065769206564
6.47079938236115,62.482065769206564,6.469560211574916,62.4820882145727
6.469560211574916,62.4820882145727,6.46813220347232,62.48200196997791
6.46813220347232,62.48200196997791,6.46694880725456,62.48189117376082
6.46694880725456,62.48189117376082,6.465791452889445,62.4818298222136
6.465791452889445,62.4818298222136,6.464418667253571,62.481692404186745
6.464418667253571,62.481692404186745,6.4630383,62.481466000000005
6.4630383,62.481466000000005,6.4618068733692136,62.4812540907119
6.4618068733692136,62.4812540907119,6.460657703257695,62.480868006782856
6.460657703257695,62.480868006782856,6.4597575,62.480563000000004
6.4597575,62.480563000000004,6.45857,62.48034100000001
6.45857,62.48034100000001,6.457569346139663,62.48008045036385
6.457569346139663,62.48008045036385,6.456602831399708,62.479820728748386
6.456602831399708,62.479820728748386,6.4552213,62.479456000000006
6.4552213,62.479456000000006,6.454258125639629,62.478988898563166
6.454258125639629,62.478988898563166,6.4533988,62.478629000000005
6.4533988,62.478629000000005,6.452359626420462,62.478460092066335
6.452359626420462,62.478460092066335,6.451026892843963,62.47828046985322
6.451026892843963,62.47828046985322,6.449733783207712,62.47798805061961
6.449733783207712,62.47798805061961,6.448495719366684,62.4777213645912
6.448495719366684,62.4777213645912,6.4474934,62.477503000000006
6.4474934,62.477503000000006,6.4462808064366035,62.47736845007803
6.4462808064366035,62.47736845007803,6.4449712,62.477335000000004
6.4449712,62.477335000000004,6.443587856221879,62.47723200241682
6.443587856221879,62.47723200241682,6.442337274736214,62.47711893095621
6.442337274736214,62.47711893095621,6.441185734129286,62.477048335221575
6.441185734129286,62.477048335221575,6.4400399047209875,62.47706435430452
6.4400399047209875,62.47706435430452,6.438866032258362,62.477161234282526
6.438866032258362,62.477161234282526,6.437622271788912,62.477328409451
6.437622271788912,62.477328409451,6.4361718,62.47745900000001
6.4361718,62.47745900000001,6.434749841039387,62.47741353965876
6.434749841039387,62.47741353965876,6.4336247,62.477425000000004
6.4336247,62.477425000000004,6.432495457863505,62.477534433204
6.432495457863505,62.477534433204,6.430975924688744,62.477525355542035
6.430975924688744,62.477525355542035,6.429810956211188,62.4773586549643
6.429810956211188,62.4773586549643,6.428661616762492,62.47736574146408
6.428661616762492,62.47736574146408,6.427540125449272,62.47749066691359
6.427540125449272,62.47749066691359,6.4261476,62.477641000000006
6.4261476,62.477641000000006,6.424876654831067,62.477711776959865
6.424876654831067,62.477711776959865,6.423612,62.477740000000004
6.423612,62.477740000000004,6.4223395,62.47773800000001
6.4223395,62.47773800000001,6.421097414936202,62.47769615622182
6.421097414936202,62.47769615622182,6.41986855988755,62.47759491494655
6.41986855988755,62.47759491494655,6.418576,62.47747100000001
6.418576,62.47747100000001,6.417681174528653,62.47734271489493
6.417681174528653,62.47734271489493,6.416591642297256,62.477132750554354
6.416591642297256,62.477132750554354,6.4151807,62.476708000000016
6.4151807,62.476708000000016,6.414390121711461,62.47636045524638
6.414390121711461,62.47636045524638,6.413547761048322,62.4759459325771
6.413547761048322,62.4759459325771,6.412551585329858,62.47546115442043
6.412551585329858,62.47546115442043,6.411739518405149,62.47481789962181
6.411739518405149,62.47481789962181,6.4111557,62.47447200000002
6.4111557,62.47447200000002,6.410044762124613,62.474238727144595
6.410044762124613,62.474238727144595,6.4089820337655885,62.47410478546949
6.4089820337655885,62.47410478546949,6.407774058839161,62.47392848764139
6.407774058839161,62.47392848764139,6.4064806,62.47361000000001
6.4064806,62.47361000000001,6.4055496,62.47321500000001
6.4055496,62.47321500000001,6.404668351667949,62.47279944128603
6.404668351667949,62.47279944128603,6.403693726471734,62.47235200778642
6.403693726471734,62.47235200778642,6.40296549451739,62.4719034221626
6.40296549451739,62.4719034221626,6.402213851850586,62.4716176694374
6.402213851850586,62.4716176694374,6.401100472885984,62.47129940816643
6.401100472885984,62.47129940816643,6.4001835,62.470803000000004
6.4001835,62.470803000000004,6.399248219028733,62.47043417346767
6.399248219028733,62.47043417346767,6.3981727987279085,62.47029027747927
6.3981727987279085,62.47029027747927,6.396967553992115,62.47002856219367
6.396967553992115,62.47002856219367,6.3958178,62.46972000000002
6.3958178,62.46972000000002,6.3946732451657695,62.46957362541312
6.3946732451657695,62.46957362541312,6.393201342987938,62.469422203540255
6.393201342987938,62.469422203540255,6.391927856869425,62.46929399572964
6.391927856869425,62.46929399572964,6.390928,62.469195000000006
6.390928,62.469195000000006,6.3899976099776294,62.46896236723644
6.3899976099776294,62.46896236723644,6.389437468049363,62.46878131316779
6.389437468049363,62.46878131316779,6.389215005344368,62.468674331181056
6.389215005344368,62.468674331181056,6.389048253710901,62.4685961062684
6.389048253710901,62.4685961062684,6.3888939,62.46853200000002
6.3888939,62.46853200000002,6.388580641760483,62.468415937224535
6.388580641760483,62.468415937224535,6.38835617941502,62.4682605614253
6.38835617941502,62.4682605614253,6.388026776094407,62.468049460783796
6.388026776094407,62.468049460783796,6.387776964319496,62.46786805560177
6.387776964319496,62.46786805560177,6.38745151910519,62.467567923365095
6.38745151910519,62.467567923365095,6.387367144902162,62.46720428512799
6.387367144902162,62.46720428512799,6.3873425,62.467033999999984
6.3873425,62.467033999999984,6.3876147,62.46679799999998
6.3876147,62.46679799999998,6.387979707840989,62.466499285958946
6.387979707840989,62.466499285958946,6.3883722441521265,62.46626337631223
6.3883722441521265,62.46626337631223,6.388720062274269,62.46609575312083
6.388986,62.465832999999996,6.389181927843503,62.46564297917104
6.389181927843503,62.46564297917104,6.389467954369164,62.465396212415854
6.389467954369164,62.465396212415854,6.3898407,62.46506099999999
6.3898407,62.46506099999999,6.3902528,62.464879999999994
6.3902528,62.464879999999994,6.39052397550316,62.464778387349895
6.39052397550316,62.464778387349895,6.391161186426294,62.4646101709351
6.391161186426294,62.4646101709351,6.39182129677469,62.464502446355
6.39182129677469,62.464502446355,6.3931367,62.46454499999999
6.3931367,62.46454499999999,6.39419049796918,62.46472339274589
6.39419049796918,62.46472339274589,6.3954641,62.46486299999999
6.3954641,62.46486299999999,6.3965349,62.46514299999999
6.3965349,62.46514299999999,6.3976299332158595,62.465252854495795
6.3976299332158595,62.465252854495795,6.3989921,62.46528899999999
6.3989921,62.46528899999999,6.400208363462991,62.46530982642916
6.400208363462991,62.46530982642916,6.401544427604799,62.46550362753944
6.401544427604799,62.46550362753944,6.402595414348855,62.46563659695575
6.402595414348855,62.46563659695575,6.4038342,62.46565199999999
6.4038342,62.46565199999999,6.4050494,62.465537999999995
6.4050494,62.465537999999995,6.4062167,62.465340999999995
6.4062167,62.465340999999995,6.407391270977991,62.46513869581237
6.407391270977991,62.46513869581237,6.4085909,62.465018999999984
6.4085909,62.465018999999984,6.409734441227756,62.464912523270655
6.409734441227756,62.464912523270655,6.4109953,62.46474399999999
6.4109953,62.46474399999999,6.4122072,62.464691999999985
6.4122072,62.464691999999985,6.41305297194156,62.464812142172086
6.41305297194156,62.464812142172086,6.414163604413947,62.46510847164403
6.414163604413947,62.46510847164403,6.4152818,62.46557899999997
6.4152818,62.46557899999997,6.4160503,62.46602599999999
6.4160503,62.46602599999999,6.416881341137415,62.466534700568715
6.416881341137415,62.466534700568715,6.4176595,62.466884999999984
6.4176595,62.466884999999984,6.418702411307748,62.467151348444524
6.418702411307748,62.467151348444524,6.4199179,62.46731399999999
6.4199179,62.46731399999999,6.4211408,62.46737099999999
6.4211408,62.46737099999999,6.422238422771331,62.46732632670853
6.422238422771331,62.46732632670853,6.4235906,62.46723399999998
6.4235906,62.46723399999998,6.424731151243397,62.46717169004133
6.424731151243397,62.46717169004133,6.425953407399706,62.46712268011462
6.425953407399706,62.46712268011462,6.4272792,62.46708599999999
6.4272792,62.46708599999999,6.4285103,62.467094999999986
6.4285103,62.467094999999986,6.429789928970336,62.467206920020494
6.429789928970336,62.467206920020494,6.4308991,62.46735799999998
6.4308991,62.46735799999998,6.431913025731028,62.46744725106087
6.431913025731028,62.46744725106087,6.433184746853543,62.46755368708356
6.433184746853543,62.46755368708356,6.4344608,62.467760999999996
6.4344608,62.467760999999996,6.4356078,62.467963999999995
6.4356078,62.467963999999995,6.436680770634632,62.46811433980529
6.436680770634632,62.46811433980529,6.437944412571636,62.468320656464456
6.437944412571636,62.468320656464456,6.43919279375623,62.468592663093
6.43919279375623,62.468592663093,6.440356970686843,62.46883523367219
6.440356970686843,62.46883523367219,6.441418321209957,62.46900514184321
6.441418321209957,62.46900514184321,6.442508831758684,62.46911446928279
6.442508831758684,62.46911446928279,6.4437315,62.46917999999998
6.4437315,62.46917999999998,6.4449393,62.469270999999985
6.4449393,62.469270999999985,6.446142226074285,62.469383057701314
6.446142226074285,62.469383057701314,6.447285454556449,62.46942628350287
6.447285454556449,62.46942628350287,6.448578,62.46946099999999
6.448578,62.46946099999999,6.4497868,62.469548999999994
6.4497868,62.469548999999994,6.450834741829455,62.469568039326326
6.450834741829455,62.469568039326326,6.452171,62.46966199999999
6.452171,62.46966199999999,6.4532579,62.46991699999998
6.4532579,62.46991699999998,6.454347819376171,62.470194558089545
6.454347819376171,62.470194558089545,6.4553588,62.470489999999984
6.4553588,62.470489999999984,6.4563164,62.47083999999998
6.4563164,62.47083999999998,6.457503702829732,62.47102583626222
6.457503702829732,62.47102583626222,6.4585814,62.47094099999999
6.4585814,62.47094099999999,6.459733,62.47075499999999
6.459733,62.47075499999999,6.460929,62.47069099999999
6.460929,62.47069099999999,6.4621363,62.470753999999985
6.4621363,62.470753999999985,6.4633059,62.47090599999999
6.4633059,62.47090599999999,6.4644221,62.47112899999998
6.4644221,62.47112899999998,6.4655447,62.471344999999985
6.4655447,62.471344999999985,6.4667428500865,62.47155904333506
6.4667428500865,62.47155904333506,6.4678436896291664,62.47173124644927
6.4678436896291664,62.47173124644927,6.4690194,62.47183599999999
6.4690194,62.47183599999999,6.470130518196313,62.47191557708601
6.470130518196313,62.47191557708601,6.471364638463906,62.47217661069294
6.471364638463906,62.47217661069294,6.472342,62.472441999999994
6.472342,62.472441999999994,6.473457953678502,62.472596023838804
6.473457953678502,62.472596023838804,6.4746975,62.47264999999999
6.4746975,62.47264999999999,6.4759055,62.472616999999985
6.4759055,62.472616999999985,6.476919456101024,62.47253277307098
6.476919456101024,62.47253277307098,6.4782918,62.47242499999999
6.4782918,62.47242499999999,6.4794971,62.47242499999999
6.4794971,62.47242499999999,6.480691,62.47251199999998
6.480691,62.47251199999998,6.4817229,62.47277999999999
6.4817229,62.47277999999999,6.482693,62.473113999999995
6.482693,62.473113999999995,6.4837201,62.473407999999985
6.4837201,62.473407999999985,6.4847664,62.47368699999999
6.4847664,62.47368699999999,6.485635914872964,62.47396703558252
6.485635914872964,62.47396703558252,6.4866161627101775,62.4743123971859
6.4866161627101775,62.4743123971859,6.487679562095278,62.47474202226591
6.487679562095278,62.47474202226591,6.4885479572672216,62.47520025395119
6.4885479572672216,62.47520025395119,6.4892989,62.475499999999975
6.4892989,62.475499999999975,6.4903754130433295,62.475718251959464
6.4903754130433295,62.475718251959464,6.491577311571817,62.47590882592862
6.491577311571817,62.47590882592862,6.492724355299872,62.47611997859148
6.492724355299872,62.47611997859148,6.4938036,62.47626799999998
6.4938036,62.47626799999998,6.4949922,62.47634999999999
6.4949922,62.47634999999999,6.4961936,62.47636499999999
6.4961936,62.47636499999999,6.4973933,62.476398999999994
6.4973933,62.476398999999994,6.4985873,62.47646399999999
6.4985873,62.47646399999999,6.4997833,62.47651799999999
6.4997833,62.47651799999999,6.5009774,62.47657799999999
6.5009774,62.47657799999999,6.502124468878563,62.47665635351541
6.502124468878563,62.47665635351541,6.5033278,62.476794999999996
6.5033278,62.476794999999996,6.5044517,62.47698699999999
6.5044517,62.47698699999999,6.505787846426478,62.477099226236895
6.505787846426478,62.477099226236895,6.506936083475986,62.477108826027234
6.506936083475986,62.477108826027234,6.5080093,62.47706199999999
6.5080093,62.47706199999999,6.5090161149951165,62.4769028409688
6.5090161149951165,62.4769028409688,6.510204313669023,62.47670411358307
6.510204313669023,62.47670411358307,6.5114404,62.476669999999984
6.5114404,62.476669999999984,6.512612,62.476773999999985
6.512612,62.476773999999985,6.513698932072125,62.47685694377352
6.513698932072125,62.47685694377352,6.5149747,62.476814999999995
6.5149747,62.476814999999995,6.516156,62.47687099999999
6.516156,62.47687099999999,6.5172417,62.477092999999975
6.5172417,62.477092999999975,6.518479193203388,62.477269436258034
6.518479193203388,62.477269436258034,6.5195515,62.47735299999999
6.5195515,62.47735299999999,6.520739381909656,62.47730846073884
6.520739381909656,62.47730846073884,6.5219251,62.477322999999984
6.5219251,62.477322999999984,6.5231105,62.47737999999999
6.5231105,62.47737999999999,6.524129739245485,62.477264791668624
6.524129739245485,62.477264791668624,6.5254472,62.477239999999995
6.5254472,62.477239999999995,6.5266345,62.477277999999984
6.5266345,62.477277999999984,6.527610719927939,62.477186544931556
6.527610719927939,62.477186544931556,6.5289635335138545,62.477074451555104
6.5289635335138545,62.477074451555104,6.530247262601658,62.477167125198
6.530247262601658,62.477167125198,6.5313162,62.477237999999986
6.5313162,62.477237999999986,6.532459076590708,62.4772042327531
6.532459076590708,62.4772042327531,6.533762978816536,62.477085477606394
6.533762978816536,62.477085477606394,6.535075810002991,62.47711625272715
6.535075810002991,62.47711625272715,6.5358839,62.47732099999999
6.5358839,62.47732099999999,6.5365701,62.47776599999999
6.5365701,62.47776599999999,6.5373893,62.478162999999995
6.5234269,62.481936000000005,6.522076346394459,62.481892085129836
6.522076346394459,62.481892085129836,6.520858529904247,62.481745756666555
6.520858529904247,62.481745756666555,6.519482609240633,62.48164932903819
6.518084200431503,62.48137791383709,6.51694550962644,62.481243761798915
6.5157688,62.48128700000001,6.5143247707353344,62.48126727363827
6.5143247707353344,62.48126727363827,6.513055886128979,62.48124238093552
6.564173371932599,62.48011301661502,6.56405109509321,62.48059073101142
6.562804942277691,62.47882996535675,6.563697126545899,62.47945102519563
6.564674705327052,62.482168300458305,6.5660762,62.482175999999995
6.555085466449038,62.478604548260996,6.5563389,62.47840299999999
6.55741880817108,62.478307598870416,6.5590122,62.478304999999985
6.552632289250655,62.47882684580473,6.553962223807179,62.47871032442745
6.5458387451456295,62.47954539914134,6.5472525,62.47951699999998
6.5384772,62.478548999999994,6.53928333993575,62.479065609514265
6.5432033,62.47944599999999,6.5445441,62.479537999999984
6.5405072,62.479308999999986,6.5418511,62.47939599999999
6.5472525,62.47951699999998,6.548685346096807,62.47946521920997
6.5445441,62.479537999999984,6.5458387451456295,62.47954539914134
6.553962223807179,62.47871032442745,6.555085466449038,62.478604548260996
6.551176196951664,62.479039289063934,6.552632289250655,62.47882684580473
6.548685346096807,62.47946521920997,6.549937979241134,62.47931299446843
6.5418511,62.47939599999999,6.5432033,62.47944599999999
6.53928333993575,62.479065609514265,6.5405072,62.479308999999986
6.549937979241134,62.47931299446843,6.551176196951664,62.479039289063934
6.5373893,62.478162999999995,6.5384772,62.478548999999994
6.5674223,62.482975999999994,6.56727338888727,62.48392750117748
