Time [yyyy.MM.dd HH:mm:ss],NH4 [gN/m3]
2024.08.01 00:00:00,0
2024.08.01 01:00:00,0
2024.08.01 02:00:00,0
2024.08.01 03:00:00,0
2024.08.01 04:00:00,0
2024.08.01 05:00:00,0
2024.08.01 06:00:00,4.79749129312E-10
2024.08.01 07:00:00,6.05443029045E-10
2024.08.01 08:00:00,6.70184407969E-10
2024.08.01 09:00:00,6.95269619655E-10
2024.08.01 10:00:00,6.88747336941E-10
2024.08.01 11:00:00,6.70395183811E-10
2024.08.01 12:00:00,6.78419542766E-10
2024.08.01 13:00:00,8.86511253295E-10
2024.08.01 14:00:00,2.42505993064E-09
2024.08.01 15:00:00,1.59694266699E-08
2024.08.01 16:00:00,9.3735920359E-08
2024.08.01 17:00:00,2.46976185281E-07
2024.08.01 18:00:00,3.70699780206E-07
2024.08.01 19:00:00,4.22476432504E-07
2024.08.01 20:00:00,4.29139817015E-07
2024.08.01 21:00:00,4.36050555663E-07
2024.08.01 22:00:00,4.47859889618E-07
2024.08.01 23:00:00,4.74579394449E-07
2024.08.02 00:00:00,5.22395964708E-07
2024.08.02 01:00:00,5.89642354498E-07
2024.08.02 02:00:00,6.74218767927E-07
2024.08.02 03:00:00,7.52955770622E-07
2024.08.02 04:00:00,8.39910853756E-07
2024.08.02 05:00:00,9.40637733038E-07
2024.08.02 06:00:00,1.02362662346E-06
2024.08.02 07:00:00,1.04854120764E-06
2024.08.02 08:00:00,1.0264662933E-06
2024.08.02 09:00:00,1.01060788893E-06
2024.08.02 10:00:00,1.02419357972E-06
2024.08.02 11:00:00,1.07086623302E-06
2024.08.02 12:00:00,1.12915006412E-06
2024.08.02 13:00:00,1.09335780962E-06
2024.08.02 14:00:00,1.00016029592E-06
2024.08.02 15:00:00,9.83457653092E-07
2024.08.02 16:00:00,1.13050441541E-06
2024.08.02 17:00:00,1.49220375079E-06
2024.08.02 18:00:00,1.90803211808E-06
2024.08.02 19:00:00,2.11699807551E-06
2024.08.02 20:00:00,2.1731277684E-06
2024.08.02 21:00:00,2.19626531361E-06
2024.08.02 22:00:00,2.25171970669E-06
2024.08.02 23:00:00,2.34697608903E-06
2024.08.03 00:00:00,2.48610786002E-06
2024.08.03 01:00:00,2.67248037744E-06
2024.08.03 02:00:00,2.91011428999E-06
2024.08.03 03:00:00,3.17669309879E-06
2024.08.03 04:00:00,3.41440090779E-06
2024.08.03 05:00:00,3.63206072507E-06
2024.08.03 06:00:00,3.88509124605E-06
2024.08.03 07:00:00,4.17146884502E-06
2024.08.03 08:00:00,4.4299486035E-06
2024.08.03 09:00:00,4.50959760201E-06
2024.08.03 10:00:00,4.41922475147E-06
2024.08.03 11:00:00,4.28790190199E-06
2024.08.03 12:00:00,4.14608757637E-06
2024.08.03 13:00:00,4.00688077207E-06
2024.08.03 14:00:00,3.88215948988E-06
2024.08.03 15:00:00,3.82528969567E-06
2024.08.03 16:00:00,3.91134062738E-06
2024.08.03 17:00:00,4.24235668106E-06
2024.08.03 18:00:00,4.81154529552E-06
2024.08.03 19:00:00,5.39232269148E-06
2024.08.03 20:00:00,5.87422618992E-06
2024.08.03 21:00:00,6.18195554125E-06
2024.08.03 22:00:00,6.48904551781E-06
2024.08.03 23:00:00,6.89585976943E-06
2024.08.04 00:00:00,7.33050728741E-06
2024.08.04 01:00:00,7.77775403549E-06
2024.08.04 02:00:00,8.1673006207E-06
2024.08.04 03:00:00,8.46003149491E-06
2024.08.04 04:00:00,8.71434986038E-06
2024.08.04 05:00:00,9.01995190361E-06
2024.08.04 06:00:00,9.35380376177E-06
2024.08.04 07:00:00,9.69396205619E-06
2024.08.04 08:00:00,1.00320285128E-05
2024.08.04 09:00:00,1.02596422948E-05
2024.08.04 10:00:00,1.03667007352E-05
2024.08.04 11:00:00,1.04607051981E-05
2024.08.04 12:00:00,1.0956299775E-05
2024.08.04 13:00:00,1.24839043565E-05
2024.08.04 14:00:00,1.5120423086E-05
2024.08.04 15:00:00,1.79758826562E-05
2024.08.04 16:00:00,1.97507197299E-05
2024.08.04 17:00:00,1.99229853024E-05
2024.08.04 18:00:00,1.89793918253E-05
2024.08.04 19:00:00,1.76852645382E-05
2024.08.04 20:00:00,1.61532680067E-05
2024.08.04 21:00:00,1.47618693518E-05
2024.08.04 22:00:00,1.35991049319E-05
2024.08.04 23:00:00,1.26905897559E-05
2024.08.05 00:00:00,1.19427149912E-05
2024.08.05 01:00:00,1.13692549348E-05
2024.08.05 02:00:00,1.09958973553E-05
2024.08.05 03:00:00,1.08354761323E-05
2024.08.05 04:00:00,1.07869300336E-05
2024.08.05 05:00:00,1.07954328996E-05
2024.08.05 06:00:00,1.08916447061E-05
2024.08.05 07:00:00,1.10417013275E-05
2024.08.05 08:00:00,1.11923709483E-05
2024.08.05 09:00:00,1.13252463052E-05
2024.08.05 10:00:00,1.14579988804E-05
2024.08.05 11:00:00,1.16197170428E-05
2024.08.05 12:00:00,1.19087744679E-05
2024.08.05 13:00:00,1.26248742163E-05
2024.08.05 14:00:00,1.38616906042E-05
2024.08.05 15:00:00,1.49283159772E-05
2024.08.05 16:00:00,1.55166198965E-05
2024.08.05 17:00:00,1.57000540639E-05
2024.08.05 18:00:00,1.56708028953E-05
2024.08.05 19:00:00,1.55720317707E-05
2024.08.05 20:00:00,1.53310847963E-05
2024.08.05 21:00:00,1.50263122123E-05
2024.08.05 22:00:00,1.46323800436E-05
2024.08.05 23:00:00,1.41814734889E-05
2024.08.06 00:00:00,1.3819594642E-05
2024.08.06 01:00:00,1.35736772791E-05
2024.08.06 02:00:00,1.34639349199E-05
2024.08.06 03:00:00,1.33853327497E-05
2024.08.06 04:00:00,1.31246815727E-05
2024.08.06 05:00:00,1.27315433929E-05
2024.08.06 06:00:00,1.2260308722E-05
2024.08.06 07:00:00,1.17432155093E-05
2024.08.06 08:00:00,1.12373354568E-05
2024.08.06 09:00:00,1.08371623355E-05
2024.08.06 10:00:00,1.054216591E-05
2024.08.06 11:00:00,1.03152806332E-05
2024.08.06 12:00:00,1.0170270798E-05
2024.08.06 13:00:00,1.01305358839E-05
2024.08.06 14:00:00,1.02320118458E-05
2024.08.06 15:00:00,1.06878678707E-05
2024.08.06 16:00:00,1.1413694665E-05
2024.08.06 17:00:00,1.23096497191E-05
2024.08.06 18:00:00,1.31638853418E-05
2024.08.06 19:00:00,1.3921901882E-05
2024.08.06 20:00:00,1.45642707139E-05
2024.08.06 21:00:00,1.5076222553E-05
2024.08.06 22:00:00,1.54419176397E-05
2024.08.06 23:00:00,1.55514026119E-05
2024.08.07 00:00:00,1.52847278514E-05
2024.08.07 01:00:00,1.4696598555E-05
2024.08.07 02:00:00,1.39660596687E-05
2024.08.07 03:00:00,1.32445056806E-05
2024.08.07 04:00:00,1.26674522107E-05
2024.08.07 05:00:00,1.2245472135E-05
2024.08.07 06:00:00,1.19576343423E-05
2024.08.07 07:00:00,1.17104473247E-05
2024.08.07 08:00:00,1.14634331112E-05
2024.08.07 09:00:00,1.12696770884E-05
2024.08.07 10:00:00,1.11375056804E-05
2024.08.07 11:00:00,1.10980008685E-05
2024.08.07 12:00:00,1.12177485789E-05
2024.08.07 13:00:00,1.13993091873E-05
2024.08.07 14:00:00,1.14282765935E-05
2024.08.07 15:00:00,1.12682628242E-05
2024.08.07 16:00:00,1.10731480163E-05
2024.08.07 17:00:00,1.09430329758E-05
2024.08.07 18:00:00,1.09277789306E-05
2024.08.07 19:00:00,1.10806795419E-05
2024.08.07 20:00:00,1.13588885142E-05
2024.08.07 21:00:00,1.16892297228E-05
2024.08.07 22:00:00,1.20074746519E-05
2024.08.07 23:00:00,1.23495947264E-05
2024.08.08 00:00:00,1.25879305415E-05
2024.08.08 01:00:00,1.27501571114E-05
2024.08.08 02:00:00,1.28991168822E-05
2024.08.08 03:00:00,1.30995176733E-05
2024.08.08 04:00:00,1.33027115226E-05
2024.08.08 05:00:00,1.34757356136E-05
2024.08.08 06:00:00,1.3633002709E-05
2024.08.08 07:00:00,1.37941979119E-05
2024.08.08 08:00:00,1.39780768222E-05
2024.08.08 09:00:00,1.41758118843E-05
2024.08.08 10:00:00,1.4530865883E-05
2024.08.08 11:00:00,1.5385909137E-05
2024.08.08 12:00:00,1.65991586982E-05
2024.08.08 13:00:00,1.73748667294E-05
2024.08.08 14:00:00,1.74540127773E-05
2024.08.08 15:00:00,1.76020239451E-05
2024.08.08 16:00:00,1.79070884769E-05
2024.08.08 17:00:00,1.81410759978E-05
2024.08.08 18:00:00,1.80660244951E-05
2024.08.08 19:00:00,1.75372169906E-05
2024.08.08 20:00:00,1.69906161318E-05
2024.08.08 21:00:00,1.62132546393E-05
2024.08.08 22:00:00,1.5398434698E-05
2024.08.08 23:00:00,1.47704713527E-05
2024.08.09 00:00:00,1.42146791404E-05
2024.08.09 01:00:00,1.37658926178E-05
2024.08.09 02:00:00,1.33602015921E-05
2024.08.09 03:00:00,1.29635091071E-05
2024.08.09 04:00:00,1.26187951537E-05
2024.08.09 05:00:00,1.23526788229E-05
2024.08.09 06:00:00,1.21576640595E-05
2024.08.09 07:00:00,1.20222584883E-05
2024.08.09 08:00:00,1.19312453535E-05
2024.08.09 09:00:00,1.18549742183E-05
2024.08.09 10:00:00,1.17874651551E-05
2024.08.09 11:00:00,1.18163425213E-05
2024.08.09 12:00:00,1.21971934277E-05
2024.08.09 13:00:00,1.28469255287E-05
2024.08.09 14:00:00,1.33078683575E-05
2024.08.09 15:00:00,1.32519444378E-05
2024.08.09 16:00:00,1.30688631543E-05
2024.08.09 17:00:00,1.29221207317E-05
2024.08.09 18:00:00,1.27302628243E-05
2024.08.09 19:00:00,1.25092119561E-05
2024.08.09 20:00:00,1.22836354421E-05
2024.08.09 21:00:00,1.20890208564E-05
2024.08.09 22:00:00,1.19291926239E-05
2024.08.09 23:00:00,1.1768080185E-05
2024.08.10 00:00:00,1.16231067295E-05
2024.08.10 01:00:00,1.14830681923E-05
2024.08.10 02:00:00,1.13391597552E-05
2024.08.10 03:00:00,1.12171737783E-05
2024.08.10 04:00:00,1.11252466013E-05
2024.08.10 05:00:00,1.10679438876E-05
2024.08.10 06:00:00,1.10627461254E-05
2024.08.10 07:00:00,1.10811306513E-05
2024.08.10 08:00:00,1.11210938485E-05
2024.08.10 09:00:00,1.11885065053E-05
2024.08.10 10:00:00,1.13429723569E-05
2024.08.10 11:00:00,1.16608207463E-05
2024.08.10 12:00:00,1.20213508126E-05
2024.08.10 13:00:00,1.21986731756E-05
2024.08.10 14:00:00,1.21798329928E-05
2024.08.10 15:00:00,1.21053544717E-05
2024.08.10 16:00:00,1.20089580378E-05
2024.08.10 17:00:00,1.18792577268E-05
2024.08.10 18:00:00,1.1692969565E-05
2024.08.10 19:00:00,1.14861186375E-05
2024.08.10 20:00:00,1.12801835712E-05
2024.08.10 21:00:00,1.10830214908E-05
2024.08.10 22:00:00,1.08843432827E-05
2024.08.10 23:00:00,1.07036894406E-05
2024.08.11 00:00:00,1.0559072507E-05
2024.08.11 01:00:00,1.04566615846E-05
2024.08.11 02:00:00,1.03951961137E-05
2024.08.11 03:00:00,1.0357969586E-05
2024.08.11 04:00:00,1.0339687833E-05
2024.08.11 05:00:00,1.03268084786E-05
2024.08.11 06:00:00,1.02982548924E-05
2024.08.11 07:00:00,1.02531894299E-05
2024.08.11 08:00:00,1.02072599475E-05
2024.08.11 09:00:00,1.01834375528E-05
2024.08.11 10:00:00,1.01766427179E-05
2024.08.11 11:00:00,1.01740542959E-05
2024.08.11 12:00:00,1.01816158349E-05
2024.08.11 13:00:00,1.01840678326E-05
2024.08.11 14:00:00,1.01509331216E-05
2024.08.11 15:00:00,1.00641327663E-05
2024.08.11 16:00:00,9.94526908471E-06
2024.08.11 17:00:00,9.82039364317E-06
2024.08.11 18:00:00,9.70948076429E-06
2024.08.11 19:00:00,9.62396006798E-06
2024.08.11 20:00:00,9.55864652497E-06
2024.08.11 21:00:00,9.51085985434E-06
2024.08.11 22:00:00,9.47931312112E-06
2024.08.11 23:00:00,9.4604511105E-06
2024.08.12 00:00:00,9.45506326389E-06
2024.08.12 01:00:00,9.46634281718E-06
2024.08.12 02:00:00,9.49195964495E-06
2024.08.12 03:00:00,9.52802838583E-06
2024.08.12 04:00:00,9.56945132202E-06
2024.08.12 05:00:00,9.60956185736E-06
2024.08.12 06:00:00,9.64032369666E-06
2024.08.12 07:00:00,9.65372510109E-06
2024.08.12 08:00:00,9.64140690485E-06
2024.08.12 09:00:00,9.59958288149E-06
2024.08.12 10:00:00,9.53741982812E-06
2024.08.12 11:00:00,9.45648025663E-06
2024.08.12 12:00:00,9.36062224355E-06
2024.08.12 13:00:00,9.26936263568E-06
2024.08.12 14:00:00,9.19998365134E-06
2024.08.12 15:00:00,9.17050329008E-06
2024.08.12 16:00:00,9.14338761504E-06
2024.08.12 17:00:00,9.08062793314E-06
2024.08.12 18:00:00,9.00512895896E-06
2024.08.12 19:00:00,8.93770902621E-06
2024.08.12 20:00:00,8.8855958893E-06
2024.08.12 21:00:00,8.84641940502E-06
2024.08.12 22:00:00,8.81306550582E-06
2024.08.12 23:00:00,8.79339768289E-06
2024.08.13 00:00:00,8.78414812178E-06
2024.08.13 01:00:00,8.78554055816E-06
2024.08.13 02:00:00,8.79094750417E-06
2024.08.13 03:00:00,8.7966573119E-06
2024.08.13 04:00:00,8.79739491211E-06
2024.08.13 05:00:00,8.7891557996E-06
2024.08.13 06:00:00,8.77788988873E-06
2024.08.13 07:00:00,8.76599187905E-06
2024.08.13 08:00:00,8.7539146989E-06
2024.08.13 09:00:00,8.71723204909E-06
2024.08.13 10:00:00,8.639571206E-06
2024.08.13 11:00:00,8.53635992826E-06
2024.08.13 12:00:00,8.43509678816E-06
2024.08.13 13:00:00,8.3585637185E-06
2024.08.13 14:00:00,8.31724719319E-06
2024.08.13 15:00:00,8.29284181236E-06
2024.08.13 16:00:00,8.26992345537E-06
2024.08.13 17:00:00,8.24303879199E-06
2024.08.13 18:00:00,8.23027039587E-06
2024.08.13 19:00:00,8.24082599138E-06
2024.08.13 20:00:00,8.27088570077E-06
2024.08.13 21:00:00,8.30786029837E-06
2024.08.13 22:00:00,8.34325055621E-06
2024.08.13 23:00:00,8.36613162392E-06
2024.08.14 00:00:00,8.37218794913E-06
2024.08.14 01:00:00,8.36730032461E-06
2024.08.14 02:00:00,8.34097681945E-06
2024.08.14 03:00:00,8.34183174447E-06
2024.08.14 04:00:00,8.35003356769E-06
2024.08.14 05:00:00,8.36098024593E-06
2024.08.14 06:00:00,8.3737049863E-06
2024.08.14 07:00:00,8.38682353788E-06
2024.08.14 08:00:00,8.39612857817E-06
2024.08.14 09:00:00,8.39459698909E-06
2024.08.14 10:00:00,8.38347386889E-06
2024.08.14 11:00:00,8.36998333398E-06
2024.08.14 12:00:00,8.35941773403E-06
2024.08.14 13:00:00,8.35277660372E-06
2024.08.14 14:00:00,8.33779631648E-06
2024.08.14 15:00:00,8.32324349176E-06
2024.08.14 16:00:00,8.30417411635E-06
2024.08.14 17:00:00,8.27963140182E-06
2024.08.14 18:00:00,8.25860388431E-06
2024.08.14 19:00:00,8.23687878437E-06
2024.08.14 20:00:00,8.21007415652E-06
2024.08.14 21:00:00,8.18299122329E-06
2024.08.14 22:00:00,8.15167186374E-06
2024.08.14 23:00:00,8.12153211882E-06
2024.08.15 00:00:00,8.0935042206E-06
2024.08.15 01:00:00,8.06815296528E-06
2024.08.15 02:00:00,8.04051796877E-06
2024.08.15 03:00:00,8.01139140094E-06
2024.08.15 04:00:00,7.97992015578E-06
2024.08.15 05:00:00,7.9447427197E-06
2024.08.15 06:00:00,7.90628200775E-06
2024.08.15 07:00:00,7.86346299719E-06
2024.08.15 08:00:00,7.81883227319E-06
2024.08.15 09:00:00,7.77737750468E-06
2024.08.15 10:00:00,7.7424592746E-06
2024.08.15 11:00:00,7.70992210164E-06
2024.08.15 12:00:00,7.68158679421E-06
2024.08.15 13:00:00,7.66021821619E-06
2024.08.15 14:00:00,7.64645210438E-06
2024.08.15 15:00:00,7.63716434449E-06
2024.08.15 16:00:00,7.63215939514E-06
2024.08.15 17:00:00,7.62164700063E-06
2024.08.15 18:00:00,7.59932709116E-06
2024.08.15 19:00:00,7.57065890866E-06
2024.08.15 20:00:00,7.53381618779E-06
2024.08.15 21:00:00,7.49432047087E-06
2024.08.15 22:00:00,7.45301485949E-06
2024.08.15 23:00:00,7.41130133974E-06
2024.08.16 00:00:00,7.36587253414E-06
2024.08.16 01:00:00,7.31807085685E-06
2024.08.16 02:00:00,7.26904181647E-06
2024.08.16 03:00:00,7.22026879885E-06
2024.08.16 04:00:00,7.17389957572E-06
2024.08.16 05:00:00,7.12946484782E-06
2024.08.16 06:00:00,7.08751485945E-06
2024.08.16 07:00:00,7.04806916474E-06
2024.08.16 08:00:00,7.00955251887E-06
2024.08.16 09:00:00,6.96769939168E-06
2024.08.16 10:00:00,6.91972036293E-06
2024.08.16 11:00:00,6.86303155817E-06
2024.08.16 12:00:00,6.79871936882E-06
2024.08.16 13:00:00,6.73285921948E-06
2024.08.16 14:00:00,6.67629819873E-06
2024.08.16 15:00:00,6.63776927468E-06
2024.08.16 16:00:00,6.61313697492E-06
2024.08.16 17:00:00,6.59839633954E-06
2024.08.16 18:00:00,6.58868020764E-06
2024.08.16 19:00:00,6.58152521282E-06
2024.08.16 20:00:00,6.5775029725E-06
2024.08.16 21:00:00,6.57550253891E-06
2024.08.16 22:00:00,6.57342025079E-06
2024.08.16 23:00:00,6.56927613818E-06
2024.08.17 00:00:00,6.56197562421E-06
2024.08.17 01:00:00,6.55265239402E-06
2024.08.17 02:00:00,6.5411891228E-06
2024.08.17 03:00:00,6.52659537081E-06
2024.08.17 04:00:00,6.51057780487E-06
2024.08.17 05:00:00,6.49482853987E-06
2024.08.17 06:00:00,6.47515207675E-06
2024.08.17 07:00:00,6.44077908873E-06
2024.08.17 08:00:00,6.37535731585E-06
2024.08.17 09:00:00,6.29123314866E-06
2024.08.17 10:00:00,6.21700928605E-06
2024.08.17 11:00:00,6.16568559053E-06
2024.08.17 12:00:00,6.14624059381E-06
2024.08.17 13:00:00,6.15867020315E-06
2024.08.17 14:00:00,6.19606453256E-06
2024.08.17 15:00:00,6.23671121502E-06
2024.08.17 16:00:00,6.26273094895E-06
2024.08.17 17:00:00,6.27397957942E-06
2024.08.17 18:00:00,6.27490089755E-06
2024.08.17 19:00:00,6.26879682386E-06
2024.08.17 20:00:00,6.25789607511E-06
2024.08.17 21:00:00,6.24212816547E-06
2024.08.17 22:00:00,6.22236166237E-06
2024.08.17 23:00:00,6.19935008217E-06
2024.08.18 00:00:00,6.17392652202E-06
2024.08.18 01:00:00,6.15132785242E-06
2024.08.18 02:00:00,6.1297960201E-06
2024.08.18 03:00:00,6.10954384683E-06
2024.08.18 04:00:00,6.08990103501E-06
2024.08.18 05:00:00,6.06864068686E-06
2024.08.18 06:00:00,6.04666138315E-06
2024.08.18 07:00:00,6.02474347033E-06
2024.08.18 08:00:00,6.00813882556E-06
2024.08.18 09:00:00,5.99361101195E-06
2024.08.18 10:00:00,5.97695589022E-06
2024.08.18 11:00:00,5.95885694565E-06
2024.08.18 12:00:00,5.93990171183E-06
2024.08.18 13:00:00,5.92525020693E-06
2024.08.18 14:00:00,5.92308288105E-06
2024.08.18 15:00:00,5.93621098233E-06
2024.08.18 16:00:00,5.95181518293E-06
2024.08.18 17:00:00,5.96027803113E-06
2024.08.18 18:00:00,5.96089785176E-06
2024.08.18 19:00:00,5.94922948949E-06
2024.08.18 20:00:00,5.93097684032E-06
2024.08.18 21:00:00,5.90885611018E-06
2024.08.18 22:00:00,5.88564216741E-06
2024.08.18 23:00:00,5.85979660173E-06
2024.08.19 00:00:00,5.83693099543E-06
2024.08.19 01:00:00,5.80997448196E-06
2024.08.19 02:00:00,5.77721084483E-06
2024.08.19 03:00:00,5.75430112804E-06
2024.08.19 04:00:00,5.73335955778E-06
2024.08.19 05:00:00,5.71566624785E-06
2024.08.19 06:00:00,5.69419489693E-06
2024.08.19 07:00:00,5.67290317122E-06
2024.08.19 08:00:00,5.65217442272E-06
2024.08.19 09:00:00,5.6384706113E-06
2024.08.19 10:00:00,5.63542607779E-06
2024.08.19 11:00:00,5.63365301787E-06
2024.08.19 12:00:00,5.62803825233E-06
2024.08.19 13:00:00,5.64119682167E-06
2024.08.19 14:00:00,5.68234281673E-06
2024.08.19 15:00:00,5.72742419536E-06
2024.08.19 16:00:00,5.76001230002E-06
2024.08.19 17:00:00,5.76719139644E-06
2024.08.19 18:00:00,5.74802152187E-06
2024.08.19 19:00:00,5.73048464503E-06
2024.08.19 20:00:00,5.70744668948E-06
2024.08.19 21:00:00,5.67489132663E-06
2024.08.19 22:00:00,5.64142010262E-06
2024.08.19 23:00:00,5.61385877518E-06
2024.08.20 00:00:00,5.58540659767E-06
2024.08.20 01:00:00,5.55665383217E-06
2024.08.20 02:00:00,5.52560368305E-06
2024.08.20 03:00:00,5.49349897483E-06
2024.08.20 04:00:00,5.46576075067E-06
2024.08.20 05:00:00,5.44020258531E-06
2024.08.20 06:00:00,5.41441841051E-06
2024.08.20 07:00:00,5.38482436241E-06
2024.08.20 08:00:00,5.35448680239E-06
2024.08.20 09:00:00,5.32739159098E-06
2024.08.20 10:00:00,5.3053222473E-06
2024.08.20 11:00:00,5.28510190634E-06
2024.08.20 12:00:00,5.26327994521E-06
2024.08.20 13:00:00,5.24440520167E-06
2024.08.20 14:00:00,5.22782283952E-06
2024.08.20 15:00:00,5.21529455E-06
2024.08.20 16:00:00,5.20458843312E-06
2024.08.20 17:00:00,5.19517743669E-06
2024.08.20 18:00:00,5.18411025041E-06
2024.08.20 19:00:00,5.16800810146E-06
2024.08.20 20:00:00,5.14358180226E-06
2024.08.20 21:00:00,5.11369671585E-06
2024.08.20 22:00:00,5.0759322221E-06
2024.08.20 23:00:00,5.04442687088E-06
2024.08.21 00:00:00,5.01538579556E-06
2024.08.21 01:00:00,4.983423878E-06
2024.08.21 02:00:00,4.95542553836E-06
2024.08.21 03:00:00,4.93366678711E-06
2024.08.21 04:00:00,4.9154723456E-06
2024.08.21 05:00:00,4.8991382755E-06
2024.08.21 06:00:00,4.88303930979E-06
2024.08.21 07:00:00,4.86659519083E-06
2024.08.21 08:00:00,4.85102464154E-06
2024.08.21 09:00:00,4.83564599563E-06
2024.08.21 10:00:00,4.82173982164E-06
2024.08.21 11:00:00,4.80854032503E-06
2024.08.21 12:00:00,4.8038841669E-06
2024.08.21 13:00:00,4.80892413179E-06
2024.08.21 14:00:00,4.8123824854E-06
2024.08.21 15:00:00,4.81597135149E-06
2024.08.21 16:00:00,4.82561199533E-06
2024.08.21 17:00:00,4.82991299577E-06
2024.08.21 18:00:00,4.82156428916E-06
2024.08.21 19:00:00,4.80295693706E-06
2024.08.21 20:00:00,4.7740336413E-06
2024.08.21 21:00:00,4.73514273835E-06
2024.08.21 22:00:00,4.6860063776E-06
2024.08.21 23:00:00,4.63145988761E-06
2024.08.22 00:00:00,4.58145086668E-06
2024.08.22 01:00:00,4.5426527322E-06
2024.08.22 02:00:00,4.51482537756E-06
2024.08.22 03:00:00,4.48989112556E-06
2024.08.22 04:00:00,4.45818295702E-06
2024.08.22 05:00:00,4.41883548774E-06
2024.08.22 06:00:00,4.37193284597E-06
2024.08.22 07:00:00,4.31251919508E-06
2024.08.22 08:00:00,4.24017434852E-06
2024.08.22 09:00:00,4.1653088374E-06
2024.08.22 10:00:00,4.0995710151E-06
2024.08.22 11:00:00,4.03163176088E-06
2024.08.22 12:00:00,3.96071618525E-06
2024.08.22 13:00:00,3.90035847886E-06
2024.08.22 14:00:00,3.85378598367E-06
2024.08.22 15:00:00,3.82441885449E-06
2024.08.22 16:00:00,3.81396262128E-06
2024.08.22 17:00:00,3.81374570679E-06
2024.08.22 18:00:00,3.81234099223E-06
2024.08.22 19:00:00,3.80315736948E-06
2024.08.22 20:00:00,3.79058656108E-06
2024.08.22 21:00:00,3.77589913114E-06
2024.08.22 22:00:00,3.76131401936E-06
2024.08.22 23:00:00,3.74910291612E-06
2024.08.23 00:00:00,3.74018691218E-06
2024.08.23 01:00:00,3.7372483348E-06
2024.08.23 02:00:00,3.73546959054E-06
2024.08.23 03:00:00,3.73503507944E-06
2024.08.23 04:00:00,3.73486363969E-06
2024.08.23 05:00:00,3.73321290681E-06
2024.08.23 06:00:00,3.73114676222E-06
2024.08.23 07:00:00,3.72828662876E-06
2024.08.23 08:00:00,3.72630711354E-06
2024.08.23 09:00:00,3.72543718186E-06
2024.08.23 10:00:00,3.72461113329E-06
2024.08.23 11:00:00,3.72572799279E-06
2024.08.23 12:00:00,3.72998079001E-06
2024.08.23 13:00:00,3.73408875021E-06
2024.08.23 14:00:00,3.73139596377E-06
2024.08.23 15:00:00,3.72563522433E-06
2024.08.23 16:00:00,3.72606859855E-06
2024.08.23 17:00:00,3.7302927467E-06
2024.08.23 18:00:00,3.73285411115E-06
2024.08.23 19:00:00,3.72595991394E-06
2024.08.23 20:00:00,3.70968109564E-06
2024.08.23 21:00:00,3.69000917999E-06
2024.08.23 22:00:00,3.67409506907E-06
2024.08.23 23:00:00,3.6639114569E-06
2024.08.24 00:00:00,3.65956293535E-06
2024.08.24 01:00:00,3.65996788787E-06
2024.08.24 02:00:00,3.66079325431E-06
2024.08.24 03:00:00,3.66034464605E-06
2024.08.24 04:00:00,3.66052086065E-06
2024.08.24 05:00:00,3.659838967E-06
2024.08.24 06:00:00,3.65824462278E-06
2024.08.24 07:00:00,3.65852133655E-06
2024.08.24 08:00:00,3.66029303223E-06
2024.08.24 09:00:00,3.66217295777E-06
2024.08.24 10:00:00,3.66509152627E-06
2024.08.24 11:00:00,3.67422603631E-06
2024.08.24 12:00:00,3.68806581719E-06
2024.08.24 13:00:00,3.70444399778E-06
2024.08.24 14:00:00,3.72071053789E-06
2024.08.24 15:00:00,3.76481989406E-06
2024.08.24 16:00:00,3.84705799661E-06
2024.08.24 17:00:00,3.90651939597E-06
2024.08.24 18:00:00,3.93031041312E-06
2024.08.24 19:00:00,3.93836171497E-06
2024.08.24 20:00:00,3.93651680497E-06
2024.08.24 21:00:00,3.927756552E-06
2024.08.24 22:00:00,3.92351421397E-06
2024.08.24 23:00:00,3.9188912524E-06
2024.08.25 00:00:00,3.91249659515E-06
2024.08.25 01:00:00,3.90806098949E-06
2024.08.25 02:00:00,3.89778733734E-06
2024.08.25 03:00:00,3.87983300243E-06
2024.08.25 04:00:00,3.85644034395E-06
2024.08.25 05:00:00,3.83273936677E-06
2024.08.25 06:00:00,3.8088267047E-06
2024.08.25 07:00:00,3.78561912839E-06
2024.08.25 08:00:00,3.75876447833E-06
2024.08.25 09:00:00,3.72986141883E-06
2024.08.25 10:00:00,3.70342240785E-06
2024.08.25 11:00:00,3.67985808225E-06
2024.08.25 12:00:00,3.65505070477E-06
2024.08.25 13:00:00,3.6259832541E-06
2024.08.25 14:00:00,3.59355908586E-06
2024.08.25 15:00:00,3.56038094651E-06
2024.08.25 16:00:00,3.5255743569E-06
2024.08.25 17:00:00,3.49035758518E-06
2024.08.25 18:00:00,3.45680768987E-06
2024.08.25 19:00:00,3.42301518685E-06
2024.08.25 20:00:00,3.38561039825E-06
2024.08.25 21:00:00,3.34681385539E-06
2024.08.25 22:00:00,3.3093856473E-06
2024.08.25 23:00:00,3.27739167005E-06
2024.08.26 00:00:00,3.2507632568E-06
2024.08.26 01:00:00,3.2262203149E-06
2024.08.26 02:00:00,3.20150456901E-06
2024.08.26 03:00:00,3.17709145747E-06
2024.08.26 04:00:00,3.1545357615E-06
2024.08.26 05:00:00,3.1338036024E-06
2024.08.26 06:00:00,3.11472808789E-06
2024.08.26 07:00:00,3.09133679366E-06
2024.08.26 08:00:00,3.03974252347E-06
2024.08.26 09:00:00,2.95250924864E-06
2024.08.26 10:00:00,2.85739861283E-06
2024.08.26 11:00:00,2.80326685242E-06
2024.08.26 12:00:00,2.78908669316E-06
2024.08.26 13:00:00,2.76857099379E-06
2024.08.26 14:00:00,2.73460409517E-06
2024.08.26 15:00:00,2.69027418653E-06
2024.08.26 16:00:00,2.65024414148E-06
2024.08.26 17:00:00,2.62236835624E-06
2024.08.26 18:00:00,2.60424508269E-06
2024.08.26 19:00:00,2.5982101306E-06
2024.08.26 20:00:00,2.59653234025E-06
2024.08.26 21:00:00,2.59444345829E-06
2024.08.26 22:00:00,2.58699969891E-06
2024.08.26 23:00:00,2.5735687359E-06
2024.08.27 00:00:00,2.56151133726E-06
2024.08.27 01:00:00,2.55486270362E-06
2024.08.27 02:00:00,2.56133671428E-06
2024.08.27 03:00:00,2.58422642219E-06
2024.08.27 04:00:00,2.61603986473E-06
2024.08.27 05:00:00,2.65095832219E-06
2024.08.27 06:00:00,2.68226790467E-06
2024.08.27 07:00:00,2.70576356343E-06
2024.08.27 08:00:00,2.72272654911E-06
2024.08.27 09:00:00,2.73575960819E-06
2024.08.27 10:00:00,2.74607464235E-06
2024.08.27 11:00:00,2.75332536148E-06
2024.08.27 12:00:00,2.77247727354E-06
2024.08.27 13:00:00,2.82747350866E-06
2024.08.27 14:00:00,2.89749891635E-06
2024.08.27 15:00:00,2.95461154565E-06
2024.08.27 16:00:00,2.98365080198E-06
2024.08.27 17:00:00,2.98782197206E-06
2024.08.27 18:00:00,2.98337113236E-06
2024.08.27 19:00:00,2.98140525956E-06
2024.08.27 20:00:00,2.97094720736E-06
2024.08.27 21:00:00,2.95273912343E-06
2024.08.27 22:00:00,2.93254220196E-06
2024.08.27 23:00:00,2.91388414553E-06
2024.08.28 00:00:00,2.89715148938E-06
2024.08.28 01:00:00,2.88253636427E-06
2024.08.28 02:00:00,2.87199304694E-06
2024.08.28 03:00:00,2.86317913378E-06
2024.08.28 04:00:00,2.85441456072E-06
2024.08.28 05:00:00,2.84360044134E-06
2024.08.28 06:00:00,2.82897076431E-06
2024.08.28 07:00:00,2.81250549961E-06
2024.08.28 08:00:00,2.7975111152E-06
2024.08.28 09:00:00,2.78371362583E-06
2024.08.28 10:00:00,2.76989271697E-06
2024.08.28 11:00:00,2.75772367786E-06
2024.08.28 12:00:00,2.74919466392E-06
2024.08.28 13:00:00,2.7480054996E-06
2024.08.28 14:00:00,2.76309037872E-06
2024.08.28 15:00:00,2.78809170595E-06
2024.08.28 16:00:00,2.79800315184E-06
2024.08.28 17:00:00,2.79633582068E-06
2024.08.28 18:00:00,2.79064943243E-06
2024.08.28 19:00:00,2.77744607047E-06
2024.08.28 20:00:00,2.75641787084E-06
2024.08.28 21:00:00,2.73260479844E-06
2024.08.28 22:00:00,2.71222575066E-06
2024.08.28 23:00:00,2.69514066531E-06
2024.08.29 00:00:00,2.67922791863E-06
2024.08.29 01:00:00,2.66448819275E-06
2024.08.29 02:00:00,2.64952836915E-06
2024.08.29 03:00:00,2.63525134869E-06
2024.08.29 04:00:00,2.62265530182E-06
2024.08.29 05:00:00,2.61074296759E-06
2024.08.29 06:00:00,2.59894068222E-06
2024.08.29 07:00:00,2.58803311226E-06
2024.08.29 08:00:00,2.5784393074E-06
2024.08.29 09:00:00,2.56989414993E-06
2024.08.29 10:00:00,2.56208954852E-06
2024.08.29 11:00:00,2.55526515502E-06
2024.08.29 12:00:00,2.54946348832E-06
2024.08.29 13:00:00,2.54450060311E-06
2024.08.29 14:00:00,2.54016185863E-06
2024.08.29 15:00:00,2.53603820966E-06
2024.08.29 16:00:00,2.53179246101E-06
2024.08.29 17:00:00,2.52729114436E-06
2024.08.29 18:00:00,2.52233417086E-06
2024.08.29 19:00:00,2.51722235589E-06
2024.08.29 20:00:00,2.51232313531E-06
2024.08.29 21:00:00,2.50766674981E-06
2024.08.29 22:00:00,2.50323478213E-06
2024.08.29 23:00:00,2.49907202488E-06
2024.08.30 00:00:00,2.49499635174E-06
2024.08.30 01:00:00,2.49090135185E-06
2024.08.30 02:00:00,2.48697506322E-06
2024.08.30 03:00:00,2.4834382657E-06
2024.08.30 04:00:00,2.48026140071E-06
2024.08.30 05:00:00,2.47730122283E-06
2024.08.30 06:00:00,2.47466255132E-06
2024.08.30 07:00:00,2.47213233706E-06
2024.08.30 08:00:00,2.46914487434E-06
2024.08.30 09:00:00,2.46565150519E-06
2024.08.30 10:00:00,2.4625419428E-06
2024.08.30 11:00:00,2.46011427407E-06
2024.08.30 12:00:00,2.4575167572E-06
2024.08.30 13:00:00,2.45493788498E-06
2024.08.30 14:00:00,2.45302157964E-06
2024.08.30 15:00:00,2.45049750447E-06
2024.08.30 16:00:00,2.44623788603E-06
2024.08.30 17:00:00,2.4409564503E-06
2024.08.30 18:00:00,2.43535851041E-06
2024.08.30 19:00:00,2.42980991061E-06
2024.08.30 20:00:00,2.42410942519E-06
2024.08.30 21:00:00,2.41836823989E-06
2024.08.30 22:00:00,2.41291900238E-06
2024.08.30 23:00:00,2.40797908191E-06
2024.08.31 00:00:00,2.40360236603E-06
2024.08.31 01:00:00,2.39987912209E-06
2024.08.31 02:00:00,2.39718724515E-06
2024.08.31 03:00:00,2.39385417444E-06
2024.08.31 04:00:00,2.38957250076E-06
2024.08.31 05:00:00,2.38489997173E-06
2024.08.31 06:00:00,2.37988547269E-06
2024.08.31 07:00:00,2.37493554778E-06
2024.08.31 08:00:00,2.37019844462E-06
2024.08.31 09:00:00,2.36536766351E-06
2024.08.31 10:00:00,2.36035157286E-06
2024.08.31 11:00:00,2.3555774078E-06
2024.08.31 12:00:00,2.3532945761E-06
2024.08.31 13:00:00,2.35387437897E-06
2024.08.31 14:00:00,2.35759307543E-06
2024.08.31 15:00:00,2.36174514612E-06
2024.08.31 16:00:00,2.36291407418E-06
2024.08.31 17:00:00,2.35993866227E-06
2024.08.31 18:00:00,2.35415836869E-06
2024.08.31 19:00:00,2.34711865232E-06
2024.08.31 20:00:00,2.33938635574E-06
2024.08.31 21:00:00,2.33092146118E-06
2024.08.31 22:00:00,2.32226170738E-06
2024.08.31 23:00:00,2.31423791774E-06
2024.09.01 00:00:00,2.30786099564E-06
2024.09.01 01:00:00,2.30319483308E-06
2024.09.01 02:00:00,2.29896863857E-06
2024.09.01 03:00:00,2.29442230193E-06
2024.09.01 04:00:00,2.29004058383E-06
2024.09.01 05:00:00,2.28606313613E-06
2024.09.01 06:00:00,2.28205703934E-06
2024.09.01 07:00:00,2.27778832596E-06
2024.09.01 08:00:00,2.27338477998E-06
2024.09.01 09:00:00,2.26844554163E-06
2024.09.01 10:00:00,2.26367319556E-06
2024.09.01 11:00:00,2.25924191E-06
2024.09.01 12:00:00,2.25579151447E-06
2024.09.01 13:00:00,2.25328221859E-06
2024.09.01 14:00:00,2.25099370255E-06
2024.09.01 15:00:00,2.24769587476E-06
2024.09.01 16:00:00,2.24338100452E-06
2024.09.01 17:00:00,2.23820211431E-06
2024.09.01 18:00:00,2.23232154895E-06
2024.09.01 19:00:00,2.2261117465E-06
2024.09.01 20:00:00,2.2199265004E-06
2024.09.01 21:00:00,2.21400682676E-06
2024.09.01 22:00:00,2.2083447675E-06
2024.09.01 23:00:00,2.20328820433E-06
2024.09.02 00:00:00,2.19930097956E-06
2024.09.02 01:00:00,2.1955891043E-06
2024.09.02 02:00:00,2.19164826376E-06
2024.09.02 03:00:00,2.1876626306E-06
2024.09.02 04:00:00,2.18463287638E-06
2024.09.02 05:00:00,2.18156765186E-06
2024.09.02 06:00:00,2.17799811253E-06
2024.09.02 07:00:00,2.17484443965E-06
2024.09.02 08:00:00,2.17226784116E-06
2024.09.02 09:00:00,2.17021238313E-06
2024.09.02 10:00:00,2.16904436456E-06
2024.09.02 11:00:00,2.17004799197E-06
2024.09.02 12:00:00,2.17123351831E-06
2024.09.02 13:00:00,2.17078809328E-06
2024.09.02 14:00:00,2.16952321352E-06
2024.09.02 15:00:00,2.17052070184E-06
2024.09.02 16:00:00,2.17346973841E-06
2024.09.02 17:00:00,2.1736339022E-06
2024.09.02 18:00:00,2.16535863728E-06
2024.09.02 19:00:00,2.15581894736E-06
2024.09.02 20:00:00,2.14944793697E-06
2024.09.02 21:00:00,2.1431735604E-06
2024.09.02 22:00:00,2.13608700506E-06
2024.09.02 23:00:00,2.12811505662E-06
2024.09.03 00:00:00,2.11988344745E-06
2024.09.03 01:00:00,2.11113456317E-06
2024.09.03 02:00:00,2.10267694456E-06
2024.09.03 03:00:00,2.09378731597E-06
2024.09.03 04:00:00,2.08546725844E-06
2024.09.03 05:00:00,2.07784137274E-06
2024.09.03 06:00:00,2.0704844701E-06
2024.09.03 07:00:00,2.06307322514E-06
2024.09.03 08:00:00,2.05522951546E-06
2024.09.03 09:00:00,2.04606203624E-06
2024.09.03 10:00:00,2.03297145163E-06
2024.09.03 11:00:00,2.01854959414E-06
2024.09.03 12:00:00,2.0047164071E-06
2024.09.03 13:00:00,1.99157420866E-06
2024.09.03 14:00:00,1.97791837309E-06
2024.09.03 15:00:00,1.96506493921E-06
2024.09.03 16:00:00,1.95788084056E-06
2024.09.03 17:00:00,1.95906181943E-06
2024.09.03 18:00:00,1.96396558749E-06
2024.09.03 19:00:00,1.96741984837E-06
2024.09.03 20:00:00,1.96475230041E-06
2024.09.03 21:00:00,1.95676898329E-06
2024.09.03 22:00:00,1.94520453078E-06
2024.09.03 23:00:00,1.93042706087E-06
2024.09.04 00:00:00,1.91367826119E-06
2024.09.04 01:00:00,1.89709180631E-06
2024.09.04 02:00:00,1.88205649465E-06
2024.09.04 03:00:00,1.86978456895E-06
2024.09.04 04:00:00,1.86286831649E-06
2024.09.04 05:00:00,1.86420550108E-06
2024.09.04 06:00:00,1.86433157978E-06
2024.09.04 07:00:00,1.85802718988E-06
2024.09.04 08:00:00,1.8479032633E-06
2024.09.04 09:00:00,1.83377403573E-06
2024.09.04 10:00:00,1.81987218184E-06
2024.09.04 11:00:00,1.81016775969E-06
2024.09.04 12:00:00,1.80752942924E-06
2024.09.04 13:00:00,1.8138471205E-06
2024.09.04 14:00:00,1.83133533938E-06
2024.09.04 15:00:00,1.85403871455E-06
2024.09.04 16:00:00,1.86524380297E-06
2024.09.04 17:00:00,1.86603404018E-06
2024.09.04 18:00:00,1.86395209312E-06
2024.09.04 19:00:00,1.8609723611E-06
2024.09.04 20:00:00,1.85499993677E-06
2024.09.04 21:00:00,1.84697046279E-06
2024.09.04 22:00:00,1.83813085641E-06
2024.09.04 23:00:00,1.83091253803E-06
2024.09.05 00:00:00,1.82568498985E-06
2024.09.05 01:00:00,1.82195128673E-06
2024.09.05 02:00:00,1.81881171102E-06
2024.09.05 03:00:00,1.81574796443E-06
2024.09.05 04:00:00,1.81183565928E-06
2024.09.05 05:00:00,1.80666643246E-06
2024.09.05 06:00:00,1.80060112598E-06
2024.09.05 07:00:00,1.79392407063E-06
2024.09.05 08:00:00,1.78645927917E-06
2024.09.05 09:00:00,1.77827632797E-06
2024.09.05 10:00:00,1.77010815605E-06
2024.09.05 11:00:00,1.76220123649E-06
2024.09.05 12:00:00,1.75461957497E-06
2024.09.05 13:00:00,1.74795150087E-06
2024.09.05 14:00:00,1.74320268798E-06
2024.09.05 15:00:00,1.7410189912E-06
2024.09.05 16:00:00,1.74040246748E-06
2024.09.05 17:00:00,1.73926684965E-06
2024.09.05 18:00:00,1.73652847479E-06
2024.09.05 19:00:00,1.73211606125E-06
2024.09.05 20:00:00,1.72618945271E-06
2024.09.05 21:00:00,1.71929025328E-06
2024.09.05 22:00:00,1.71200542809E-06
2024.09.05 23:00:00,1.70516466369E-06
2024.09.06 00:00:00,1.69906854808E-06
2024.09.06 01:00:00,1.69368445313E-06
2024.09.06 02:00:00,1.68877647866E-06
2024.09.06 03:00:00,1.6842078594E-06
2024.09.06 04:00:00,1.67978055288E-06
2024.09.06 05:00:00,1.67536109075E-06
2024.09.06 06:00:00,1.67100847648E-06
2024.09.06 07:00:00,1.66683548741E-06
2024.09.06 08:00:00,1.66292454651E-06
2024.09.06 09:00:00,1.65967071553E-06
2024.09.06 10:00:00,1.65700669186E-06
2024.09.06 11:00:00,1.65428650689E-06
2024.09.06 12:00:00,1.65116682638E-06
2024.09.06 13:00:00,1.64794948887E-06
2024.09.06 14:00:00,1.64522828072E-06
2024.09.06 15:00:00,1.64390303325E-06
2024.09.06 16:00:00,1.64538732861E-06
2024.09.06 17:00:00,1.65024164289E-06
2024.09.06 18:00:00,1.65311200817E-06
2024.09.06 19:00:00,1.65309597833E-06
2024.09.06 20:00:00,1.65111919159E-06
2024.09.06 21:00:00,1.64779123679E-06
2024.09.06 22:00:00,1.64302321082E-06
2024.09.06 23:00:00,1.63763229466E-06
2024.09.07 00:00:00,1.63200706993E-06
2024.09.07 01:00:00,1.6265744307E-06
2024.09.07 02:00:00,1.62239905421E-06
2024.09.07 03:00:00,1.62165554229E-06
2024.09.07 04:00:00,1.61918603681E-06
2024.09.07 05:00:00,1.61618777383E-06
2024.09.07 06:00:00,1.61261505127E-06
2024.09.07 07:00:00,1.61036768986E-06
2024.09.07 08:00:00,1.60847559982E-06
2024.09.07 09:00:00,1.60728870924E-06
2024.09.07 10:00:00,1.60767706348E-06
2024.09.07 11:00:00,1.60789500114E-06
2024.09.07 12:00:00,1.60658817094E-06
2024.09.07 13:00:00,1.60499450885E-06
2024.09.07 14:00:00,1.60384320225E-06
2024.09.07 15:00:00,1.60257604875E-06
2024.09.07 16:00:00,1.60120237069E-06
2024.09.07 17:00:00,1.5992019371E-06
2024.09.07 18:00:00,1.59571129643E-06
2024.09.07 19:00:00,1.59132719091E-06
2024.09.07 20:00:00,1.58583497978E-06
2024.09.07 21:00:00,1.57944509738E-06
2024.09.07 22:00:00,1.57502188358E-06
2024.09.07 23:00:00,1.57175009008E-06
2024.09.08 00:00:00,1.56853104727E-06
2024.09.08 01:00:00,1.56635201165E-06
2024.09.08 02:00:00,1.5646154452E-06
2024.09.08 03:00:00,1.56178043653E-06
2024.09.08 04:00:00,1.55802024437E-06
2024.09.08 05:00:00,1.55336329044E-06
2024.09.08 06:00:00,1.54782242134E-06
2024.09.08 07:00:00,1.54145732267E-06
2024.09.08 08:00:00,1.53424048221E-06
2024.09.08 09:00:00,1.52613415594E-06
2024.09.08 10:00:00,1.51789072333E-06
2024.09.08 11:00:00,1.50951018441E-06
2024.09.08 12:00:00,1.50164589741E-06
2024.09.08 13:00:00,1.49478034928E-06
2024.09.08 14:00:00,1.48803042066E-06
2024.09.08 15:00:00,1.48112690113E-06
2024.09.08 16:00:00,1.47376442783E-06
2024.09.08 17:00:00,1.46621880504E-06
2024.09.08 18:00:00,1.45939372942E-06
2024.09.08 19:00:00,1.45117655848E-06
2024.09.08 20:00:00,1.44445039041E-06
2024.09.08 21:00:00,1.43492786719E-06
2024.09.08 22:00:00,1.42704311656E-06
2024.09.08 23:00:00,1.41944565257E-06
2024.09.09 00:00:00,1.41275461374E-06
2024.09.09 01:00:00,1.40645931879E-06
2024.09.09 02:00:00,1.39999997373E-06
2024.09.09 03:00:00,1.39380995279E-06
2024.09.09 04:00:00,1.38651159887E-06
2024.09.09 05:00:00,1.38038853947E-06
2024.09.09 06:00:00,1.37568656555E-06
2024.09.09 07:00:00,1.37154256663E-06
2024.09.09 08:00:00,1.36727214795E-06
2024.09.09 09:00:00,1.36360654324E-06
2024.09.09 10:00:00,1.36000619477E-06
2024.09.09 11:00:00,1.35653442612E-06
2024.09.09 12:00:00,1.35304969717E-06
2024.09.09 13:00:00,1.349667059E-06
2024.09.09 14:00:00,1.34603635615E-06
2024.09.09 15:00:00,1.34189747314E-06
2024.09.09 16:00:00,1.33716901018E-06
2024.09.09 17:00:00,1.33202502184E-06
2024.09.09 18:00:00,1.32672312247E-06
2024.09.09 19:00:00,1.32131276587E-06
2024.09.09 20:00:00,1.31614501697E-06
2024.09.09 21:00:00,1.31164574668E-06
2024.09.09 22:00:00,1.30789635477E-06
2024.09.09 23:00:00,1.30518731112E-06
2024.09.10 00:00:00,1.30371472551E-06
2024.09.10 01:00:00,1.30184184854E-06
2024.09.10 02:00:00,1.29972988816E-06
2024.09.10 03:00:00,1.29741840738E-06
2024.09.10 04:00:00,1.29510419811E-06
2024.09.10 05:00:00,1.29325474063E-06
2024.09.10 06:00:00,1.29183115405E-06
2024.09.10 07:00:00,1.29100283175E-06
2024.09.10 08:00:00,1.29055274556E-06
2024.09.10 09:00:00,1.29019940687E-06
2024.09.10 10:00:00,1.28965780277E-06
2024.09.10 11:00:00,1.28864303406E-06
2024.09.10 12:00:00,1.28670035338E-06
2024.09.10 13:00:00,1.2851860447E-06
2024.09.10 14:00:00,1.28347767259E-06
2024.09.10 15:00:00,1.2813596868E-06
2024.09.10 16:00:00,1.27923658511E-06
2024.09.10 17:00:00,1.27738053379E-06
2024.09.10 18:00:00,1.27569023789E-06
2024.09.10 19:00:00,1.27426892504E-06
2024.09.10 20:00:00,1.27295504626E-06
2024.09.10 21:00:00,1.27177270315E-06
2024.09.10 22:00:00,1.27074122247E-06
2024.09.10 23:00:00,1.27000714656E-06
2024.09.11 00:00:00,1.26952761548E-06
2024.09.11 01:00:00,1.26910663312E-06
2024.09.11 02:00:00,1.2686188029E-06
2024.09.11 03:00:00,1.26802387967E-06
2024.09.11 04:00:00,1.26718703086E-06
2024.09.11 05:00:00,1.26630084196E-06
2024.09.11 06:00:00,1.26533382172E-06
2024.09.11 07:00:00,1.26443683257E-06
2024.09.11 08:00:00,1.26336203721E-06
2024.09.11 09:00:00,1.26203417494E-06
2024.09.11 10:00:00,1.26032807657E-06
2024.09.11 11:00:00,1.25764108816E-06
2024.09.11 12:00:00,1.25450810629E-06
2024.09.11 13:00:00,1.25110273075E-06
2024.09.11 14:00:00,1.24734469864E-06
2024.09.11 15:00:00,1.24344865071E-06
2024.09.11 16:00:00,1.23941583752E-06
2024.09.11 17:00:00,1.23571135191E-06
2024.09.11 18:00:00,1.23265397178E-06
2024.09.11 19:00:00,1.23068173252E-06
2024.09.11 20:00:00,1.23002178043E-06
2024.09.11 21:00:00,1.22964240745E-06
2024.09.11 22:00:00,1.22877384001E-06
2024.09.11 23:00:00,1.22741948871E-06
2024.09.12 00:00:00,1.22569292671E-06
2024.09.12 01:00:00,1.22396954794E-06
2024.09.12 02:00:00,1.22226515487E-06
2024.09.12 03:00:00,1.22056701457E-06
2024.09.12 04:00:00,1.21871687497E-06
2024.09.12 05:00:00,1.21697598843E-06
2024.09.12 06:00:00,1.21523885355E-06
2024.09.12 07:00:00,1.21349660276E-06
2024.09.12 08:00:00,1.21170171496E-06
2024.09.12 09:00:00,1.20980155316E-06
2024.09.12 10:00:00,1.20773438539E-06
2024.09.12 11:00:00,1.20542688364E-06
2024.09.12 12:00:00,1.2027678622E-06
2024.09.12 13:00:00,1.19972196444E-06
2024.09.12 14:00:00,1.19633602935E-06
2024.09.12 15:00:00,1.19281946809E-06
2024.09.12 16:00:00,1.18934315196E-06
2024.09.12 17:00:00,1.18609841593E-06
2024.09.12 18:00:00,1.1831870097E-06
2024.09.12 19:00:00,1.18062155252E-06
2024.09.12 20:00:00,1.17820775358E-06
2024.09.12 21:00:00,1.1756561662E-06
2024.09.12 22:00:00,1.17449474146E-06
2024.09.12 23:00:00,1.17312038128E-06
2024.09.13 00:00:00,1.17141757983E-06
2024.09.13 01:00:00,1.16961996355E-06
2024.09.13 02:00:00,1.16777493986E-06
2024.09.13 03:00:00,1.16587204957E-06
2024.09.13 04:00:00,1.16409717066E-06
2024.09.13 05:00:00,1.16222088309E-06
2024.09.13 06:00:00,1.1602670611E-06
2024.09.13 07:00:00,1.15822570024E-06
2024.09.13 08:00:00,1.15605212159E-06
2024.09.13 09:00:00,1.15363752684E-06
2024.09.13 10:00:00,1.15062186978E-06
2024.09.13 11:00:00,1.14726663014E-06
2024.09.13 12:00:00,1.14343106361E-06
2024.09.13 13:00:00,1.13950363811E-06
2024.09.13 14:00:00,1.13665112167E-06
2024.09.13 15:00:00,1.13499049803E-06
2024.09.13 16:00:00,1.13451835659E-06
2024.09.13 17:00:00,1.13367798349E-06
2024.09.13 18:00:00,1.13186570161E-06
2024.09.13 19:00:00,1.12911186534E-06
2024.09.13 20:00:00,1.12574991817E-06
2024.09.13 21:00:00,1.12169846034E-06
2024.09.13 22:00:00,1.11676888537E-06
2024.09.13 23:00:00,1.11121039481E-06
2024.09.14 00:00:00,1.10557255084E-06
2024.09.14 01:00:00,1.10052485525E-06
2024.09.14 02:00:00,1.09643065116E-06
2024.09.14 03:00:00,1.09331813292E-06
2024.09.14 04:00:00,1.09103405066E-06
2024.09.14 05:00:00,1.0892198361E-06
2024.09.14 06:00:00,1.08738584004E-06
2024.09.14 07:00:00,1.08526694476E-06
2024.09.14 08:00:00,1.08269193788E-06
2024.09.14 09:00:00,1.07968048724E-06
2024.09.14 10:00:00,1.07600556021E-06
2024.09.14 11:00:00,1.07174707864E-06
2024.09.14 12:00:00,1.06740549199E-06
2024.09.14 13:00:00,1.06337904526E-06
2024.09.14 14:00:00,1.06040431547E-06
2024.09.14 15:00:00,1.05859828636E-06
2024.09.14 16:00:00,1.05754304514E-06
2024.09.14 17:00:00,1.05649814941E-06
2024.09.14 18:00:00,1.05498099856E-06
2024.09.14 19:00:00,1.05282356344E-06
2024.09.14 20:00:00,1.04991022454E-06
2024.09.14 21:00:00,1.04629907582E-06
2024.09.14 22:00:00,1.04230127818E-06
2024.09.14 23:00:00,1.03832780951E-06
2024.09.15 00:00:00,1.03478555502E-06
2024.09.15 01:00:00,1.03186391698E-06
2024.09.15 02:00:00,1.02954834347E-06
2024.09.15 03:00:00,1.02780961697E-06
2024.09.15 04:00:00,1.02647868516E-06
2024.09.15 05:00:00,1.02496346699E-06
2024.09.15 06:00:00,1.02297235571E-06
2024.09.15 07:00:00,1.02054252693E-06
2024.09.15 08:00:00,1.01751527382E-06
2024.09.15 09:00:00,1.01349087345E-06
2024.09.15 10:00:00,1.00855629626E-06
2024.09.15 11:00:00,1.0034849538E-06
2024.09.15 12:00:00,1.00054512586E-06
2024.09.15 13:00:00,1.00202908015E-06
2024.09.15 14:00:00,1.00611134712E-06
2024.09.15 15:00:00,1.00813474546E-06
2024.09.15 16:00:00,1.00711724826E-06
2024.09.15 17:00:00,1.00487739019E-06
2024.09.15 18:00:00,1.00234967704E-06
2024.09.15 19:00:00,9.99148710434E-07
2024.09.15 20:00:00,9.95644427348E-07
2024.09.15 21:00:00,9.92654008769E-07
2024.09.15 22:00:00,9.90636863207E-07
2024.09.15 23:00:00,9.89246359495E-07
2024.09.16 00:00:00,9.88056967799E-07
2024.09.16 01:00:00,9.86638838185E-07
2024.09.16 02:00:00,9.84807002169E-07
2024.09.16 03:00:00,9.82597157417E-07
2024.09.16 04:00:00,9.80050572252E-07
2024.09.16 05:00:00,9.77218974185E-07
2024.09.16 06:00:00,9.7415147593E-07
2024.09.16 07:00:00,9.71094664237E-07
2024.09.16 08:00:00,9.68394260781E-07
2024.09.16 09:00:00,9.65952949628E-07
2024.09.16 10:00:00,9.63673755905E-07
2024.09.16 11:00:00,9.61388764154E-07
2024.09.16 12:00:00,9.59068188422E-07
2024.09.16 13:00:00,9.56695771492E-07
2024.09.16 14:00:00,9.5427492397E-07
2024.09.16 15:00:00,9.51762729073E-07
2024.09.16 16:00:00,9.49244508774E-07
2024.09.16 17:00:00,9.4676909157E-07
2024.09.16 18:00:00,9.44384510149E-07
2024.09.16 19:00:00,9.42147096339E-07
2024.09.16 20:00:00,9.40002621519E-07
2024.09.16 21:00:00,9.38106040849E-07
2024.09.16 22:00:00,9.36097308113E-07
2024.09.16 23:00:00,9.34134277486E-07
2024.09.17 00:00:00,9.32280386223E-07
2024.09.17 01:00:00,9.30557121137E-07
2024.09.17 02:00:00,9.28972156089E-07
2024.09.17 03:00:00,9.27422320274E-07
2024.09.17 04:00:00,9.25774259031E-07
2024.09.17 05:00:00,9.23977552247E-07
2024.09.17 06:00:00,9.22116839774E-07
2024.09.17 07:00:00,9.2031694976E-07
2024.09.17 08:00:00,9.18594480481E-07
2024.09.17 09:00:00,9.1684154313E-07
2024.09.17 10:00:00,9.1465665264E-07
2024.09.17 11:00:00,9.12257235086E-07
2024.09.17 12:00:00,9.09471793875E-07
2024.09.17 13:00:00,9.06490640773E-07
2024.09.17 14:00:00,9.03677914721E-07
2024.09.17 15:00:00,9.01149178389E-07
2024.09.17 16:00:00,8.99051372016E-07
2024.09.17 17:00:00,8.97362440355E-07
2024.09.17 18:00:00,8.95877917628E-07
2024.09.17 19:00:00,8.94268850971E-07
2024.09.17 20:00:00,8.92223340543E-07
2024.09.17 21:00:00,8.8969142098E-07
2024.09.17 22:00:00,8.86783539045E-07
2024.09.17 23:00:00,8.83558413989E-07
2024.09.18 00:00:00,8.80100230916E-07
2024.09.18 01:00:00,8.76592139321E-07
2024.09.18 02:00:00,8.73325745943E-07
2024.09.18 03:00:00,8.70660869623E-07
2024.09.18 04:00:00,8.68818915478E-07
2024.09.18 05:00:00,8.67837798069E-07
2024.09.18 06:00:00,8.67053870479E-07
2024.09.18 07:00:00,8.65693436936E-07
2024.09.18 08:00:00,8.63903778736E-07
2024.09.18 09:00:00,8.61800572238E-07
2024.09.18 10:00:00,8.59357214722E-07
2024.09.18 11:00:00,8.56384360759E-07
2024.09.18 12:00:00,8.53140022627E-07
2024.09.18 13:00:00,8.49751017995E-07
2024.09.18 14:00:00,8.4652873511E-07
2024.09.18 15:00:00,8.43781776894E-07
2024.09.18 16:00:00,8.41677831431E-07
2024.09.18 17:00:00,8.40132145186E-07
2024.09.18 18:00:00,8.38992889385E-07
2024.09.18 19:00:00,8.38249150092E-07
2024.09.18 20:00:00,8.37807704102E-07
2024.09.18 21:00:00,8.36901165258E-07
2024.09.18 22:00:00,8.35995081161E-07
2024.09.18 23:00:00,8.35273510802E-07
2024.09.19 00:00:00,8.34546483475E-07
2024.09.19 01:00:00,8.33914725717E-07
2024.09.19 02:00:00,8.33469414374E-07
2024.09.19 03:00:00,8.32927412375E-07
2024.09.19 04:00:00,8.32205216739E-07
2024.09.19 05:00:00,8.31408726754E-07
2024.09.19 06:00:00,8.30520264117E-07
2024.09.19 07:00:00,8.29377995615E-07
2024.09.19 08:00:00,8.27824635508E-07
2024.09.19 09:00:00,8.24066376026E-07
2024.09.19 10:00:00,8.18963201255E-07
2024.09.19 11:00:00,8.13394024135E-07
2024.09.19 12:00:00,8.08780214356E-07
2024.09.19 13:00:00,8.06349646609E-07
2024.09.19 14:00:00,8.05428669537E-07
2024.09.19 15:00:00,8.05584477348E-07
2024.09.19 16:00:00,8.06366983852E-07
2024.09.19 17:00:00,8.0620185372E-07
2024.09.19 18:00:00,8.04899855211E-07
2024.09.19 19:00:00,8.02861507054E-07
2024.09.19 20:00:00,8.00160762537E-07
2024.09.19 21:00:00,7.96909091605E-07
2024.09.19 22:00:00,7.93351148332E-07
2024.09.19 23:00:00,7.90441788467E-07
2024.09.20 00:00:00,7.89357670783E-07
2024.09.20 01:00:00,7.89987552707E-07
2024.09.20 02:00:00,7.90273361417E-07
2024.09.20 03:00:00,7.89838111359E-07
2024.09.20 04:00:00,7.88947374986E-07
2024.09.20 05:00:00,7.87753151599E-07
2024.09.20 06:00:00,7.86271698416E-07
2024.09.20 07:00:00,7.84999429015E-07
2024.09.20 08:00:00,7.83969255735E-07
2024.09.20 09:00:00,7.82998768045E-07
2024.09.20 10:00:00,7.81906237535E-07
2024.09.20 11:00:00,7.8064920217E-07
2024.09.20 12:00:00,7.79203560342E-07
2024.09.20 13:00:00,7.77715683853E-07
2024.09.20 14:00:00,7.76172100814E-07
2024.09.20 15:00:00,7.74693148742E-07
2024.09.20 16:00:00,7.73317196945E-07
2024.09.20 17:00:00,7.71993029502E-07
2024.09.20 18:00:00,7.70821998231E-07
2024.09.20 19:00:00,7.70496569658E-07
2024.09.20 20:00:00,7.70734686739E-07
2024.09.20 21:00:00,7.69848270465E-07
2024.09.20 22:00:00,7.68027518916E-07
2024.09.20 23:00:00,7.66999335156E-07
2024.09.21 00:00:00,7.65169716033E-07
2024.09.21 01:00:00,7.63762102451E-07
2024.09.21 02:00:00,7.62712829783E-07
2024.09.21 03:00:00,7.61770877489E-07
2024.09.21 04:00:00,7.60846546655E-07
2024.09.21 05:00:00,7.5991522408E-07
2024.09.21 06:00:00,7.58909891374E-07
2024.09.21 07:00:00,7.5765319707E-07
2024.09.21 08:00:00,7.56253712098E-07
2024.09.21 09:00:00,7.55062444568E-07
2024.09.21 10:00:00,7.53997198899E-07
2024.09.21 11:00:00,7.53155234179E-07
2024.09.21 12:00:00,7.52860273678E-07
2024.09.21 13:00:00,7.52563209971E-07
2024.09.21 14:00:00,7.52036328322E-07
2024.09.21 15:00:00,7.5062405358E-07
2024.09.21 16:00:00,7.4863851296E-07
2024.09.21 17:00:00,7.46101591176E-07
2024.09.21 18:00:00,7.43308532947E-07
2024.09.21 19:00:00,7.40746145311E-07
2024.09.21 20:00:00,7.3849673754E-07
2024.09.21 21:00:00,7.36869708362E-07
2024.09.21 22:00:00,7.35213745884E-07
2024.09.21 23:00:00,7.33637648409E-07
2024.09.22 00:00:00,7.31906425244E-07
2024.09.22 01:00:00,7.30163606022E-07
2024.09.22 02:00:00,7.28407542283E-07
2024.09.22 03:00:00,7.26547568775E-07
2024.09.22 04:00:00,7.24735798485E-07
2024.09.22 05:00:00,7.23027199001E-07
2024.09.22 06:00:00,7.2120542427E-07
2024.09.22 07:00:00,7.1931333423E-07
2024.09.22 08:00:00,7.17963928309E-07
2024.09.22 09:00:00,7.17073135093E-07
2024.09.22 10:00:00,7.15886812941E-07
2024.09.22 11:00:00,7.13740973879E-07
2024.09.22 12:00:00,7.11440350187E-07
2024.09.22 13:00:00,7.09706228008E-07
2024.09.22 14:00:00,7.0801070251E-07
2024.09.22 15:00:00,7.06130833805E-07
2024.09.22 16:00:00,7.0403365271E-07
2024.09.22 17:00:00,7.01899750766E-07
2024.09.22 18:00:00,6.99798874848E-07
2024.09.22 19:00:00,6.9800125857E-07
2024.09.22 20:00:00,6.96250765486E-07
2024.09.22 21:00:00,6.94172570093E-07
2024.09.22 22:00:00,6.92240121225E-07
2024.09.22 23:00:00,6.90243894041E-07
2024.09.23 00:00:00,6.88150748829E-07
2024.09.23 01:00:00,6.85874908868E-07
2024.09.23 02:00:00,6.84061376433E-07
2024.09.23 03:00:00,6.82142285768E-07
2024.09.23 04:00:00,6.804439181E-07
2024.09.23 05:00:00,6.78854007674E-07
2024.09.23 06:00:00,6.77352431921E-07
2024.09.23 07:00:00,6.75897581459E-07
2024.09.23 08:00:00,6.74145269386E-07
2024.09.23 09:00:00,6.72756812037E-07
2024.09.23 10:00:00,6.71530983709E-07
2024.09.23 11:00:00,6.70019460358E-07
2024.09.23 12:00:00,6.68485597544E-07
2024.09.23 13:00:00,6.67201732085E-07
2024.09.23 14:00:00,6.66420021389E-07
2024.09.23 15:00:00,6.65983634462E-07
2024.09.23 16:00:00,6.65975164793E-07
2024.09.23 17:00:00,6.656563869E-07
2024.09.23 18:00:00,6.64524407057E-07
2024.09.23 19:00:00,6.62725938128E-07
2024.09.23 20:00:00,6.60671503283E-07
2024.09.23 21:00:00,6.57732414311E-07
2024.09.23 22:00:00,6.54444136217E-07
2024.09.23 23:00:00,6.52008566249E-07
2024.09.24 00:00:00,6.50100844268E-07
2024.09.24 01:00:00,6.48733589514E-07
2024.09.24 02:00:00,6.47628041861E-07
2024.09.24 03:00:00,6.4662395971E-07
2024.09.24 04:00:00,6.45613454253E-07
2024.09.24 05:00:00,6.44559349894E-07
2024.09.24 06:00:00,6.43451812721E-07
2024.09.24 07:00:00,6.4231238639E-07
2024.09.24 08:00:00,6.41154656478E-07
2024.09.24 09:00:00,6.40132952867E-07
2024.09.24 10:00:00,6.39263305402E-07
2024.09.24 11:00:00,6.38315952983E-07
2024.09.24 12:00:00,6.3697996211E-07
2024.09.24 13:00:00,6.35786307157E-07
2024.09.24 14:00:00,6.34589866877E-07
2024.09.24 15:00:00,6.33394449778E-07
2024.09.24 16:00:00,6.32295098058E-07
2024.09.24 17:00:00,6.31124237316E-07
2024.09.24 18:00:00,6.29995156487E-07
2024.09.24 19:00:00,6.28893133126E-07
2024.09.24 20:00:00,6.27829422228E-07
2024.09.24 21:00:00,6.2678066115E-07
2024.09.24 22:00:00,6.25598659099E-07
2024.09.24 23:00:00,6.24264032467E-07
2024.09.25 00:00:00,6.2298767034E-07
2024.09.25 01:00:00,6.21711706117E-07
2024.09.25 02:00:00,6.20365881332E-07
2024.09.25 03:00:00,6.19022046067E-07
2024.09.25 04:00:00,6.17708963091E-07
2024.09.25 05:00:00,6.1637916815E-07
2024.09.25 06:00:00,6.15037151874E-07
2024.09.25 07:00:00,6.13517613601E-07
2024.09.25 08:00:00,6.12090730101E-07
2024.09.25 09:00:00,6.1054129219E-07
2024.09.25 10:00:00,6.09088601777E-07
2024.09.25 11:00:00,6.07467939062E-07
2024.09.25 12:00:00,6.05865409398E-07
2024.09.25 13:00:00,6.04223487244E-07
2024.09.25 14:00:00,6.02604075084E-07
2024.09.25 15:00:00,6.01056967753E-07
2024.09.25 16:00:00,5.99640770815E-07
2024.09.25 17:00:00,5.9827948462E-07
2024.09.25 18:00:00,5.96866243541E-07
2024.09.25 19:00:00,5.95087385591E-07
2024.09.25 20:00:00,5.92139485889E-07
2024.09.25 21:00:00,5.89097908232E-07
2024.09.25 22:00:00,5.87494298543E-07
2024.09.25 23:00:00,5.86307976391E-07
2024.09.26 00:00:00,5.85135524034E-07
2024.09.26 01:00:00,5.84000190429E-07
2024.09.26 02:00:00,5.82914196912E-07
2024.09.26 03:00:00,5.81850201797E-07
2024.09.26 04:00:00,5.8078865095E-07
2024.09.26 05:00:00,5.79737104545E-07
2024.09.26 06:00:00,5.78710114496E-07
2024.09.26 07:00:00,5.77705520755E-07
2024.09.26 08:00:00,5.76684158204E-07
2024.09.26 09:00:00,5.75593446683E-07
2024.09.26 10:00:00,5.74427019728E-07
2024.09.26 11:00:00,5.73232910028E-07
2024.09.26 12:00:00,5.71945406591E-07
2024.09.26 13:00:00,5.7046463553E-07
2024.09.26 14:00:00,5.68869381823E-07
2024.09.26 15:00:00,5.67136794416E-07
2024.09.26 16:00:00,5.65173309042E-07
2024.09.26 17:00:00,5.62918501146E-07
2024.09.26 18:00:00,5.60422336093E-07
2024.09.26 19:00:00,5.57970849968E-07
2024.09.26 20:00:00,5.55974338567E-07
2024.09.26 21:00:00,5.54641133022E-07
2024.09.26 22:00:00,5.53913480417E-07
2024.09.26 23:00:00,5.53774384571E-07
2024.09.27 00:00:00,5.53524444058E-07
2024.09.27 01:00:00,5.52939525278E-07
2024.09.27 02:00:00,5.52233814233E-07
2024.09.27 03:00:00,5.51435107354E-07
2024.09.27 04:00:00,5.50621393813E-07
2024.09.27 05:00:00,5.49803417016E-07
2024.09.27 06:00:00,5.48947582502E-07
2024.09.27 07:00:00,5.48060313577E-07
2024.09.27 08:00:00,5.471389386E-07
2024.09.27 09:00:00,5.46193746231E-07
2024.09.27 10:00:00,5.45050511391E-07
2024.09.27 11:00:00,5.43050475699E-07
2024.09.27 12:00:00,5.39353379736E-07
2024.09.27 13:00:00,5.32624596872E-07
2024.09.27 14:00:00,5.26893700226E-07
2024.09.27 15:00:00,5.24759286691E-07
2024.09.27 16:00:00,5.24207450781E-07
2024.09.27 17:00:00,5.22908521816E-07
2024.09.27 18:00:00,5.20719027008E-07
2024.09.27 19:00:00,5.20356536526E-07
2024.09.27 20:00:00,5.19714660641E-07
2024.09.27 21:00:00,5.18501337865E-07
2024.09.27 22:00:00,5.17376406606E-07
2024.09.27 23:00:00,5.16683883234E-07
2024.09.28 00:00:00,5.15786382493E-07
2024.09.28 01:00:00,5.14384623784E-07
2024.09.28 02:00:00,5.12200188041E-07
2024.09.28 03:00:00,5.09536732807E-07
2024.09.28 04:00:00,5.07391575866E-07
2024.09.28 05:00:00,5.05902278292E-07
2024.09.28 06:00:00,5.04767342591E-07
2024.09.28 07:00:00,5.03640819716E-07
2024.09.28 08:00:00,5.02623834109E-07
2024.09.28 09:00:00,5.0061737511E-07
2024.09.28 10:00:00,4.98273493577E-07
2024.09.28 11:00:00,4.96312168252E-07
2024.09.28 12:00:00,4.9425710813E-07
2024.09.28 13:00:00,4.91996786423E-07
2024.09.28 14:00:00,4.89743854359E-07
2024.09.28 15:00:00,4.87568001972E-07
2024.09.28 16:00:00,4.85419434426E-07
2024.09.28 17:00:00,4.83327823986E-07
2024.09.28 18:00:00,4.81348763515E-07
2024.09.28 19:00:00,4.79432287648E-07
2024.09.28 20:00:00,4.77630464957E-07
2024.09.28 21:00:00,4.76039389241E-07
2024.09.28 22:00:00,4.7466636488E-07
2024.09.28 23:00:00,4.73330970863E-07
2024.09.29 00:00:00,4.72064243695E-07
2024.09.29 01:00:00,4.71115697565E-07
2024.09.29 02:00:00,4.70552038223E-07
2024.09.29 03:00:00,4.69655049073E-07
2024.09.29 04:00:00,4.68958575084E-07
2024.09.29 05:00:00,4.68487428407E-07
2024.09.29 06:00:00,4.68180445523E-07
2024.09.29 07:00:00,4.67816761329E-07
2024.09.29 08:00:00,4.67458420417E-07
2024.09.29 09:00:00,4.67162152518E-07
2024.09.29 10:00:00,4.66884159778E-07
2024.09.29 11:00:00,4.66526586251E-07
2024.09.29 12:00:00,4.6591088676E-07
2024.09.29 13:00:00,4.65165101105E-07
2024.09.29 14:00:00,4.64522287302E-07
2024.09.29 15:00:00,4.63977158915E-07
2024.09.29 16:00:00,4.63339517864E-07
2024.09.29 17:00:00,4.62504004872E-07
2024.09.29 18:00:00,4.61527235984E-07
2024.09.29 19:00:00,4.60485154008E-07
2024.09.29 20:00:00,4.59517252693E-07
2024.09.29 21:00:00,4.58750861299E-07
2024.09.29 22:00:00,4.58190271502E-07
2024.09.29 23:00:00,4.5764389256E-07
2024.09.30 00:00:00,4.57180959756E-07
2024.09.30 01:00:00,4.56770749224E-07
2024.09.30 02:00:00,4.5641354518E-07
2024.09.30 03:00:00,4.56091356682E-07
2024.09.30 04:00:00,4.55769509244E-07
2024.09.30 05:00:00,4.55391784726E-07
2024.09.30 06:00:00,4.55038275504E-07
2024.09.30 07:00:00,4.54677092421E-07
2024.09.30 08:00:00,4.54313777709E-07
2024.09.30 09:00:00,4.5391576009E-07
2024.09.30 10:00:00,4.53383108834E-07
2024.09.30 11:00:00,4.52666597539E-07
2024.09.30 12:00:00,4.51848649163E-07
2024.09.30 13:00:00,4.51003444368E-07
2024.09.30 14:00:00,4.501659987E-07
2024.09.30 15:00:00,4.49339978559E-07
2024.09.30 16:00:00,4.48506341399E-07
2024.09.30 17:00:00,4.47657470204E-07
2024.09.30 18:00:00,4.46735782589E-07
2024.09.30 19:00:00,4.45745428124E-07
2024.09.30 20:00:00,4.44716732773E-07
2024.09.30 21:00:00,4.43691703822E-07
2024.09.30 22:00:00,4.42814950929E-07
2024.09.30 23:00:00,4.4216619699E-07
2024.10.01 00:00:00,4.41451049937E-07
2024.10.01 01:00:00,4.40741757757E-07
2024.10.01 02:00:00,4.40090190068E-07
2024.10.01 03:00:00,4.39497171101E-07
2024.10.01 04:00:00,4.39105377836E-07
2024.10.01 05:00:00,4.38856147866E-07
2024.10.01 06:00:00,4.38539586867E-07
2024.10.01 07:00:00,4.38160157046E-07
2024.10.01 08:00:00,4.37692847299E-07
2024.10.01 09:00:00,4.37030337253E-07
2024.10.01 10:00:00,4.3621594159E-07
2024.10.01 11:00:00,4.35376989572E-07
2024.10.01 12:00:00,4.34581323816E-07
2024.10.01 13:00:00,4.337939572E-07
2024.10.01 14:00:00,4.33045386217E-07
2024.10.01 15:00:00,4.32299543718E-07
2024.10.01 16:00:00,4.31530082778E-07
2024.10.01 17:00:00,4.30711452282E-07
2024.10.01 18:00:00,4.29708222782E-07
2024.10.01 19:00:00,4.2869962158E-07
2024.10.01 20:00:00,4.27824289773E-07
2024.10.01 21:00:00,4.27122557767E-07
2024.10.01 22:00:00,4.26405449616E-07
2024.10.01 23:00:00,4.25786140568E-07
2024.10.02 00:00:00,4.25226573952E-07
2024.10.02 01:00:00,4.24777937269E-07
2024.10.02 02:00:00,4.24296473511E-07
2024.10.02 03:00:00,4.23718859111E-07
2024.10.02 04:00:00,4.23079427492E-07
2024.10.02 05:00:00,4.22401029709E-07
2024.10.02 06:00:00,4.21701486175E-07
2024.10.02 07:00:00,4.20982075866E-07
2024.10.02 08:00:00,4.20247971533E-07
2024.10.02 09:00:00,4.19504914362E-07
2024.10.02 10:00:00,4.18818672188E-07
2024.10.02 11:00:00,4.18247225298E-07
2024.10.02 12:00:00,4.17854749912E-07
2024.10.02 13:00:00,4.17493993154E-07
2024.10.02 14:00:00,4.17049761836E-07
2024.10.02 15:00:00,4.16472545339E-07
2024.10.02 16:00:00,4.15717579472E-07
2024.10.02 17:00:00,4.14896561551E-07
2024.10.02 18:00:00,4.14073326738E-07
2024.10.02 19:00:00,4.13228775642E-07
2024.10.02 20:00:00,4.12295037222E-07
2024.10.02 21:00:00,4.11276573686E-07
2024.10.02 22:00:00,4.10216500768E-07
2024.10.02 23:00:00,4.09215346053E-07
2024.10.03 00:00:00,4.08290958376E-07
2024.10.03 01:00:00,4.07395873481E-07
2024.10.03 02:00:00,4.06508291917E-07
2024.10.03 03:00:00,4.05584671626E-07
2024.10.03 04:00:00,4.04621317784E-07
2024.10.03 05:00:00,4.03679877081E-07
2024.10.03 06:00:00,4.02775981456E-07
2024.10.03 07:00:00,4.01912814141E-07
2024.10.03 08:00:00,4.01066643008E-07
2024.10.03 09:00:00,4.00221694008E-07
2024.10.03 10:00:00,3.99365006842E-07
2024.10.03 11:00:00,3.98442523419E-07
2024.10.03 12:00:00,3.97395297114E-07
2024.10.03 13:00:00,3.96376265144E-07
2024.10.03 14:00:00,3.95489252014E-07
2024.10.03 15:00:00,3.94762906808E-07
2024.10.03 16:00:00,3.93959510347E-07
2024.10.03 17:00:00,3.93219949046E-07
2024.10.03 18:00:00,3.92529074134E-07
2024.10.03 19:00:00,3.91866507243E-07
2024.10.03 20:00:00,3.91197886529E-07
2024.10.03 21:00:00,3.90510166426E-07
2024.10.03 22:00:00,3.89822957914E-07
2024.10.03 23:00:00,3.89046789451E-07
2024.10.04 00:00:00,3.88254676409E-07
2024.10.04 01:00:00,3.87463359175E-07
2024.10.04 02:00:00,3.86702822652E-07
2024.10.04 03:00:00,3.85972242611E-07
2024.10.04 04:00:00,3.85241463619E-07
2024.10.04 05:00:00,3.8448814621E-07
2024.10.04 06:00:00,3.83705298646E-07
2024.10.04 07:00:00,3.82952634936E-07
2024.10.04 08:00:00,3.82201335469E-07
2024.10.04 09:00:00,3.81435796726E-07
2024.10.04 10:00:00,3.80708428338E-07
2024.10.04 11:00:00,3.79992798116E-07
2024.10.04 12:00:00,3.79283989105E-07
2024.10.04 13:00:00,3.78579869675E-07
2024.10.04 14:00:00,3.77824335374E-07
2024.10.04 15:00:00,3.77066811552E-07
2024.10.04 16:00:00,3.76300164362E-07
2024.10.04 17:00:00,3.75479373815E-07
2024.10.04 18:00:00,3.7463050262E-07
2024.10.04 19:00:00,3.73719473146E-07
2024.10.04 20:00:00,3.72829987327E-07
2024.10.04 21:00:00,3.71990523718E-07
2024.10.04 22:00:00,3.71178884961E-07
2024.10.04 23:00:00,3.70368923086E-07
2024.10.05 00:00:00,3.6956592453E-07
2024.10.05 01:00:00,3.68770514569E-07
2024.10.05 02:00:00,3.67964958059E-07
2024.10.05 03:00:00,3.67156133052E-07
2024.10.05 04:00:00,3.66351599723E-07
2024.10.05 05:00:00,3.65552068615E-07
2024.10.05 06:00:00,3.64761490346E-07
2024.10.05 07:00:00,3.63973214235E-07
2024.10.05 08:00:00,3.63184284424E-07
2024.10.05 09:00:00,3.62395269349E-07
2024.10.05 10:00:00,3.61617367162E-07
2024.10.05 11:00:00,3.60830796353E-07
2024.10.05 12:00:00,3.59989343224E-07
2024.10.05 13:00:00,3.5915945773E-07
2024.10.05 14:00:00,3.58420805924E-07
2024.10.05 15:00:00,3.57797802053E-07
2024.10.05 16:00:00,3.57240679705E-07
2024.10.05 17:00:00,3.56734403795E-07
2024.10.05 18:00:00,3.56091021558E-07
2024.10.05 19:00:00,3.55143527031E-07
2024.10.05 20:00:00,3.53917613438E-07
2024.10.05 21:00:00,3.52733451336E-07
2024.10.05 22:00:00,3.51575579316E-07
2024.10.05 23:00:00,3.50565358076E-07
2024.10.06 00:00:00,3.49781970499E-07
2024.10.06 01:00:00,3.49123439491E-07
2024.10.06 02:00:00,3.48497565028E-07
2024.10.06 03:00:00,3.4787660752E-07
2024.10.06 04:00:00,3.47236209564E-07
2024.10.06 05:00:00,3.46571397358E-07
2024.10.06 06:00:00,3.45897831266E-07
2024.10.06 07:00:00,3.45234809629E-07
2024.10.06 08:00:00,3.44595918023E-07
2024.10.06 09:00:00,3.43952251569E-07
2024.10.06 10:00:00,3.43248899526E-07
2024.10.06 11:00:00,3.4253952208E-07
2024.10.06 12:00:00,3.41800244996E-07
2024.10.06 13:00:00,3.4102319546E-07
2024.10.06 14:00:00,3.40164746149E-07
2024.10.06 15:00:00,3.39130536986E-07
2024.10.06 16:00:00,3.38152460699E-07
2024.10.06 17:00:00,3.36965626957E-07
2024.10.06 18:00:00,3.35904559279E-07
2024.10.06 19:00:00,3.35012714459E-07
2024.10.06 20:00:00,3.34459798523E-07
2024.10.06 21:00:00,3.33980437972E-07
2024.10.06 22:00:00,3.3351352613E-07
2024.10.06 23:00:00,3.33064633651E-07
2024.10.07 00:00:00,3.32596016506E-07
2024.10.07 01:00:00,3.32103752498E-07
2024.10.07 02:00:00,3.3157323287E-07
2024.10.07 03:00:00,3.31001103859E-07
2024.10.07 04:00:00,3.30389696046E-07
2024.10.07 05:00:00,3.29768084839E-07
2024.10.07 06:00:00,3.29164294044E-07
2024.10.07 07:00:00,3.28585400666E-07
2024.10.07 08:00:00,3.28013868511E-07
2024.10.07 09:00:00,3.27424999114E-07
2024.10.07 10:00:00,3.26797902517E-07
2024.10.07 11:00:00,3.26099893755E-07
2024.10.07 12:00:00,3.2527614735E-07
2024.10.07 13:00:00,3.24320410527E-07
2024.10.07 14:00:00,3.23261645008E-07
2024.10.07 15:00:00,3.22202737379E-07
2024.10.07 16:00:00,3.21194818298E-07
2024.10.07 17:00:00,3.20347311344E-07
2024.10.07 18:00:00,3.19671016769E-07
2024.10.07 19:00:00,3.19194043641E-07
2024.10.07 20:00:00,3.18849913583E-07
2024.10.07 21:00:00,3.18425975365E-07
2024.10.07 22:00:00,3.17923024795E-07
2024.10.07 23:00:00,3.17377299552E-07
2024.10.08 00:00:00,3.16770780273E-07
2024.10.08 01:00:00,3.1614092677E-07
2024.10.08 02:00:00,3.15555524821E-07
2024.10.08 03:00:00,3.14979814675E-07
2024.10.08 04:00:00,3.14391854772E-07
2024.10.08 05:00:00,3.13815803565E-07
2024.10.08 06:00:00,3.13221221404E-07
2024.10.08 07:00:00,3.12599922836E-07
2024.10.08 08:00:00,3.11951140475E-07
2024.10.08 09:00:00,3.11323901769E-07
2024.10.08 10:00:00,3.1066102224E-07
2024.10.08 11:00:00,3.0994607414E-07
2024.10.08 12:00:00,3.09222713213E-07
2024.10.08 13:00:00,3.08408061755E-07
2024.10.08 14:00:00,3.07691578882E-07
2024.10.08 15:00:00,3.06941274175E-07
2024.10.08 16:00:00,3.06229679836E-07
2024.10.08 17:00:00,3.05552305235E-07
2024.10.08 18:00:00,3.04999616674E-07
2024.10.08 19:00:00,3.04569368836E-07
2024.10.08 20:00:00,3.04151427599E-07
2024.10.08 21:00:00,3.0368988746E-07
2024.10.08 22:00:00,3.03194127582E-07
2024.10.08 23:00:00,3.02673413444E-07
2024.10.09 00:00:00,3.02137380004E-07
2024.10.09 01:00:00,3.01588357843E-07
2024.10.09 02:00:00,3.01030297578E-07
2024.10.09 03:00:00,3.00467036141E-07
2024.10.09 04:00:00,2.99902609413E-07
2024.10.09 05:00:00,2.9931879908E-07
2024.10.09 06:00:00,2.98745646887E-07
2024.10.09 07:00:00,2.98169283042E-07
2024.10.09 08:00:00,2.97585756925E-07
2024.10.09 09:00:00,2.96994130622E-07
2024.10.09 10:00:00,2.96389856658E-07
2024.10.09 11:00:00,2.95771656056E-07
2024.10.09 12:00:00,2.95138079309E-07
2024.10.09 13:00:00,2.94515814403E-07
2024.10.09 14:00:00,2.93955991992E-07
2024.10.09 15:00:00,2.93515569183E-07
2024.10.09 16:00:00,2.93069376767E-07
2024.10.09 17:00:00,2.92431764137E-07
2024.10.09 18:00:00,2.91709369549E-07
2024.10.09 19:00:00,2.91007296482E-07
2024.10.09 20:00:00,2.90281462867E-07
2024.10.09 21:00:00,2.89541418397E-07
2024.10.09 22:00:00,2.88797622261E-07
2024.10.09 23:00:00,2.88173566787E-07
2024.10.10 00:00:00,2.87590069092E-07
2024.10.10 01:00:00,2.87025642365E-07
2024.10.10 02:00:00,2.86465564159E-07
2024.10.10 03:00:00,2.85865155547E-07
2024.10.10 04:00:00,2.8523439255E-07
2024.10.10 05:00:00,2.84624178448E-07
2024.10.10 06:00:00,2.84056341116E-07
2024.10.10 07:00:00,2.83500469322E-07
2024.10.10 08:00:00,2.82935161522E-07
2024.10.10 09:00:00,2.82407654595E-07
2024.10.10 10:00:00,2.81861304074E-07
2024.10.10 11:00:00,2.81285565507E-07
2024.10.10 12:00:00,2.80666853314E-07
2024.10.10 13:00:00,2.80120900698E-07
2024.10.10 14:00:00,2.79756790178E-07
2024.10.10 15:00:00,2.79313582041E-07
2024.10.10 16:00:00,2.78741424609E-07
2024.10.10 17:00:00,2.78133342135E-07
2024.10.10 18:00:00,2.7758159149E-07
2024.10.10 19:00:00,2.76828274082E-07
2024.10.10 20:00:00,2.75613899703E-07
2024.10.10 21:00:00,2.74605355344E-07
2024.10.10 22:00:00,2.73720672794E-07
2024.10.10 23:00:00,2.73107048088E-07
2024.10.11 00:00:00,2.72667762147E-07
2024.10.11 01:00:00,2.72299985227E-07
2024.10.11 02:00:00,2.7197117447E-07
2024.10.11 03:00:00,2.71583786571E-07
2024.10.11 04:00:00,2.71076856961E-07
2024.10.11 05:00:00,2.70581267614E-07
2024.10.11 06:00:00,2.70069620001E-07
2024.10.11 07:00:00,2.69562718813E-07
2024.10.11 08:00:00,2.6907733286E-07
2024.10.11 09:00:00,2.68589076313E-07
2024.10.11 10:00:00,2.68090218469E-07
2024.10.11 11:00:00,2.6758362992E-07
2024.10.11 12:00:00,2.67050438651E-07
2024.10.11 13:00:00,2.66469896815E-07
2024.10.11 14:00:00,2.65933891797E-07
2024.10.11 15:00:00,2.65392202436E-07
2024.10.11 16:00:00,2.64874387312E-07
2024.10.11 17:00:00,2.64365638714E-07
2024.10.11 18:00:00,2.63879286422E-07
2024.10.11 19:00:00,2.63363205022E-07
2024.10.11 20:00:00,2.62838057097E-07
2024.10.11 21:00:00,2.62322544131E-07
2024.10.11 22:00:00,2.61803080548E-07
2024.10.11 23:00:00,2.61283958025E-07
2024.10.12 00:00:00,2.60759293269E-07
2024.10.12 01:00:00,2.60229995774E-07
2024.10.12 02:00:00,2.59609350906E-07
2024.10.12 03:00:00,2.59111487821E-07
2024.10.12 04:00:00,2.58528814356E-07
2024.10.12 05:00:00,2.5802143E-07
2024.10.12 06:00:00,2.57564238382E-07
2024.10.12 07:00:00,2.5710315299E-07
2024.10.12 08:00:00,2.56642010754E-07
2024.10.12 09:00:00,2.56153640521E-07
2024.10.12 10:00:00,2.55661745996E-07
2024.10.12 11:00:00,2.5515171842E-07
2024.10.12 12:00:00,2.54669316746E-07
2024.10.12 13:00:00,2.5414365723E-07
2024.10.12 14:00:00,2.53569481856E-07
2024.10.12 15:00:00,2.52993203276E-07
2024.10.12 16:00:00,2.52394897871E-07
2024.10.12 17:00:00,2.51868584655E-07
2024.10.12 18:00:00,2.51324564715E-07
2024.10.12 19:00:00,2.50849438999E-07
2024.10.12 20:00:00,2.50361267717E-07
2024.10.12 21:00:00,2.49880628189E-07
2024.10.12 22:00:00,2.49381258755E-07
2024.10.12 23:00:00,2.48883480936E-07
2024.10.13 00:00:00,2.48381013535E-07
2024.10.13 01:00:00,2.47865045822E-07
2024.10.13 02:00:00,2.47358116212E-07
2024.10.13 03:00:00,2.46845672791E-07
2024.10.13 04:00:00,2.46333030418E-07
2024.10.13 05:00:00,2.45818085887E-07
2024.10.13 06:00:00,2.45294188517E-07
2024.10.13 07:00:00,2.44783734615E-07
2024.10.13 08:00:00,2.44269301675E-07
2024.10.13 09:00:00,2.43747393824E-07
2024.10.13 10:00:00,2.43218039486E-07
2024.10.13 11:00:00,2.42681750251E-07
2024.10.13 12:00:00,2.42117863536E-07
2024.10.13 13:00:00,2.41547127189E-07
2024.10.13 14:00:00,2.4098218887E-07
2024.10.13 15:00:00,2.4047656666E-07
2024.10.13 16:00:00,2.39939794255E-07
2024.10.13 17:00:00,2.39381307665E-07
2024.10.13 18:00:00,2.38876538106E-07
2024.10.13 19:00:00,2.38334294522E-07
2024.10.13 20:00:00,2.37804670178E-07
2024.10.13 21:00:00,2.37280872284E-07
2024.10.13 22:00:00,2.36742693005E-07
2024.10.13 23:00:00,2.36204172666E-07
2024.10.14 00:00:00,2.35583641484E-07
2024.10.14 01:00:00,2.35076058175E-07
2024.10.14 02:00:00,2.34557916201E-07
2024.10.14 03:00:00,2.34003039168E-07
2024.10.14 04:00:00,2.33468767874E-07
2024.10.14 05:00:00,2.32922616306E-07
2024.10.14 06:00:00,2.32389993471E-07
2024.10.14 07:00:00,2.31864362377E-07
2024.10.14 08:00:00,2.31261424233E-07
2024.10.14 09:00:00,2.30691938441E-07
2024.10.14 10:00:00,2.30104248544E-07
2024.10.14 11:00:00,2.29550408903E-07
2024.10.14 12:00:00,2.29048723099E-07
2024.10.14 13:00:00,2.28477247788E-07
2024.10.14 14:00:00,2.2792512766E-07
2024.10.14 15:00:00,2.27326609092E-07
2024.10.14 16:00:00,2.26595901154E-07
2024.10.14 17:00:00,2.26018443072E-07
2024.10.14 18:00:00,2.25455366376E-07
2024.10.14 19:00:00,2.24900475132E-07
2024.10.14 20:00:00,2.24384606895E-07
2024.10.14 21:00:00,2.23839464297E-07
2024.10.14 22:00:00,2.23291607426E-07
2024.10.14 23:00:00,2.22751722845E-07
2024.10.15 00:00:00,2.22276071327E-07
2024.10.15 01:00:00,2.21810481094E-07
2024.10.15 02:00:00,2.21373454679E-07
2024.10.15 03:00:00,2.20941458906E-07
2024.10.15 04:00:00,2.20523304506E-07
2024.10.15 05:00:00,2.20182101884E-07
2024.10.15 06:00:00,2.19811440161E-07
2024.10.15 07:00:00,2.19421934844E-07
2024.10.15 08:00:00,2.19019497649E-07
2024.10.15 09:00:00,2.18595218371E-07
2024.10.15 10:00:00,2.18205130409E-07
2024.10.15 11:00:00,2.17802551106E-07
2024.10.15 12:00:00,2.17365951016E-07
2024.10.15 13:00:00,2.16952727783E-07
2024.10.15 14:00:00,2.165533175E-07
2024.10.15 15:00:00,2.16156166744E-07
2024.10.15 16:00:00,2.1574793152E-07
2024.10.15 17:00:00,2.15330501874E-07
2024.10.15 18:00:00,2.14910073737E-07
2024.10.15 19:00:00,2.1449845633E-07
2024.10.15 20:00:00,2.14065252635E-07
2024.10.15 21:00:00,2.13645392932E-07
2024.10.15 22:00:00,2.13209062849E-07
2024.10.15 23:00:00,2.12763239915E-07
2024.10.16 00:00:00,2.12314702708E-07
2024.10.16 01:00:00,2.11888618651E-07
2024.10.16 02:00:00,2.11417898299E-07
2024.10.16 03:00:00,2.11034802078E-07
2024.10.16 04:00:00,2.10626581065E-07
2024.10.16 05:00:00,2.10217578456E-07
2024.10.16 06:00:00,2.09799566164E-07
2024.10.16 07:00:00,2.09385873973E-07
2024.10.16 08:00:00,2.08975777127E-07
2024.10.16 09:00:00,2.0857645211E-07
2024.10.16 10:00:00,2.08155285009E-07
2024.10.16 11:00:00,2.07743482861E-07
2024.10.16 12:00:00,2.07344186265E-07
2024.10.16 13:00:00,2.06940399039E-07
2024.10.16 14:00:00,2.06522528856E-07
2024.10.16 15:00:00,2.0611341256E-07
2024.10.16 16:00:00,2.0571538073E-07
2024.10.16 17:00:00,2.05293645195E-07
2024.10.16 18:00:00,2.04891307476E-07
2024.10.16 19:00:00,2.04479277954E-07
2024.10.16 20:00:00,2.04091890055E-07
2024.10.16 21:00:00,2.03704189516E-07
2024.10.16 22:00:00,2.03306498747E-07
2024.10.16 23:00:00,2.02914577585E-07
2024.10.17 00:00:00,2.02510364034E-07
2024.10.17 01:00:00,2.02104885716E-07
2024.10.17 02:00:00,2.01699080549E-07
2024.10.17 03:00:00,2.01282972512E-07
2024.10.17 04:00:00,2.00878972123E-07
2024.10.17 05:00:00,2.00494554292E-07
2024.10.17 06:00:00,2.0008484114E-07
2024.10.17 07:00:00,1.99695236347E-07
2024.10.17 08:00:00,1.99277096158E-07
2024.10.17 09:00:00,1.98879860136E-07
2024.10.17 10:00:00,1.98479440883E-07
2024.10.17 11:00:00,1.98038932808E-07
2024.10.17 12:00:00,1.97587837647E-07
2024.10.17 13:00:00,1.97182146167E-07
2024.10.17 14:00:00,1.96748231929E-07
2024.10.17 15:00:00,1.96345624204E-07
2024.10.17 16:00:00,1.95937488456E-07
2024.10.17 17:00:00,1.9547417196E-07
2024.10.17 18:00:00,1.95067343611E-07
2024.10.17 19:00:00,1.94660870534E-07
2024.10.17 20:00:00,1.94251427388E-07
2024.10.17 21:00:00,1.93845266949E-07
2024.10.17 22:00:00,1.93445941932E-07
2024.10.17 23:00:00,1.93048407482E-07
2024.10.18 00:00:00,1.92650063013E-07
2024.10.18 01:00:00,1.92249501652E-07
2024.10.18 02:00:00,1.91848400277E-07
2024.10.18 03:00:00,1.91447881548E-07
2024.10.18 04:00:00,1.91049522869E-07
2024.10.18 05:00:00,1.90657274857E-07
2024.10.18 06:00:00,1.90273084399E-07
2024.10.18 07:00:00,1.89894564073E-07
2024.10.18 08:00:00,1.89518544857E-07
2024.10.18 09:00:00,1.8913999611E-07
2024.10.18 10:00:00,1.88742163232E-07
2024.10.18 11:00:00,1.88276146673E-07
2024.10.18 12:00:00,1.87639315641E-07
2024.10.18 13:00:00,1.87075798408E-07
2024.10.18 14:00:00,1.866131214E-07
2024.10.18 15:00:00,1.86219651255E-07
2024.10.18 16:00:00,1.85900930205E-07
2024.10.18 17:00:00,1.85634021932E-07
2024.10.18 18:00:00,1.85397368568E-07
2024.10.18 19:00:00,1.85085411886E-07
2024.10.18 20:00:00,1.8474646879E-07
2024.10.18 21:00:00,1.84396114378E-07
2024.10.18 22:00:00,1.84043557283E-07
2024.10.18 23:00:00,1.83693373401E-07
2024.10.19 00:00:00,1.83339906812E-07
2024.10.19 01:00:00,1.829765921E-07
2024.10.19 02:00:00,1.82607791999E-07
2024.10.19 03:00:00,1.82224439982E-07
2024.10.19 04:00:00,1.81842793268E-07
2024.10.19 05:00:00,1.81478000627E-07
2024.10.19 06:00:00,1.81112142172E-07
2024.10.19 07:00:00,1.80750845402E-07
2024.10.19 08:00:00,1.80382613735E-07
2024.10.19 09:00:00,1.8001043145E-07
2024.10.19 10:00:00,1.79641119757E-07
2024.10.19 11:00:00,1.79279069812E-07
2024.10.19 12:00:00,1.78931202299E-07
2024.10.19 13:00:00,1.78583078991E-07
2024.10.19 14:00:00,1.78228049208E-07
2024.10.19 15:00:00,1.77895827846E-07
2024.10.19 16:00:00,1.77560707471E-07
2024.10.19 17:00:00,1.77202650775E-07
2024.10.19 18:00:00,1.76852424261E-07
2024.10.19 19:00:00,1.7652703832E-07
2024.10.19 20:00:00,1.76199847601E-07
2024.10.19 21:00:00,1.75847048922E-07
2024.10.19 22:00:00,1.75473232389E-07
2024.10.19 23:00:00,1.75092139898E-07
2024.10.20 00:00:00,1.74704425149E-07
2024.10.20 01:00:00,1.74317349888E-07
2024.10.20 02:00:00,1.7391602114E-07
2024.10.20 03:00:00,1.73492608724E-07
2024.10.20 04:00:00,1.73123595459E-07
2024.10.20 05:00:00,1.72752081085E-07
2024.10.20 06:00:00,1.72372352836E-07
2024.10.20 07:00:00,1.72014736677E-07
2024.10.20 08:00:00,1.71672652982E-07
2024.10.20 09:00:00,1.71311114627E-07
2024.10.20 10:00:00,1.70981664382E-07
2024.10.20 11:00:00,1.70708830183E-07
2024.10.20 12:00:00,1.70333223082E-07
2024.10.20 13:00:00,1.70002365962E-07
2024.10.20 14:00:00,1.69616498624E-07
2024.10.20 15:00:00,1.69332324162E-07
2024.10.20 16:00:00,1.6906592748E-07
2024.10.20 17:00:00,1.68780545096E-07
2024.10.20 18:00:00,1.68493826891E-07
2024.10.20 19:00:00,1.68227373365E-07
2024.10.20 20:00:00,1.67967016296E-07
2024.10.20 21:00:00,1.67687531416E-07
2024.10.20 22:00:00,1.67391917216E-07
2024.10.20 23:00:00,1.67094768244E-07
2024.10.21 00:00:00,1.66792887057E-07
2024.10.21 01:00:00,1.66479750874E-07
2024.10.21 02:00:00,1.66162806181E-07
2024.10.21 03:00:00,1.65862161339E-07
2024.10.21 04:00:00,1.65549522535E-07
2024.10.21 05:00:00,1.6525099511E-07
2024.10.21 06:00:00,1.64941340586E-07
2024.10.21 07:00:00,1.64639786249E-07
2024.10.21 08:00:00,1.64344271525E-07
2024.10.21 09:00:00,1.64048799434E-07
2024.10.21 10:00:00,1.63731868952E-07
2024.10.21 11:00:00,1.63443885981E-07
2024.10.21 12:00:00,1.63128206054E-07
2024.10.21 13:00:00,1.6283318871E-07
2024.10.21 14:00:00,1.62541468285E-07
2024.10.21 15:00:00,1.62247289381E-07
2024.10.21 16:00:00,1.61949628819E-07
2024.10.21 17:00:00,1.61652650377E-07
2024.10.21 18:00:00,1.61346463301E-07
2024.10.21 19:00:00,1.6106396572E-07
2024.10.21 20:00:00,1.60754012768E-07
2024.10.21 21:00:00,1.60479231681E-07
2024.10.21 22:00:00,1.60185351206E-07
2024.10.21 23:00:00,1.59904558927E-07
2024.10.22 00:00:00,1.59620938689E-07
2024.10.22 01:00:00,1.59323192861E-07
2024.10.22 02:00:00,1.59044617476E-07
2024.10.22 03:00:00,1.58756606083E-07
2024.10.22 04:00:00,1.58447207355E-07
2024.10.22 05:00:00,1.58156154839E-07
2024.10.22 06:00:00,1.57880279517E-07
2024.10.22 07:00:00,1.57600084094E-07
2024.10.22 08:00:00,1.57289562708E-07
2024.10.22 09:00:00,1.57005274559E-07
2024.10.22 10:00:00,1.5670717346E-07
2024.10.22 11:00:00,1.56433429765E-07
2024.10.22 12:00:00,1.56140401941E-07
2024.10.22 13:00:00,1.55847914129E-07
2024.10.22 14:00:00,1.55545620828E-07
2024.10.22 15:00:00,1.5527214714E-07
2024.10.22 16:00:00,1.54993259116E-07
2024.10.22 17:00:00,1.5470934045E-07
2024.10.22 18:00:00,1.54424682819E-07
2024.10.22 19:00:00,1.54142369979E-07
2024.10.22 20:00:00,1.53839508243E-07
2024.10.22 21:00:00,1.53550544724E-07
2024.10.22 22:00:00,1.53278207904E-07
2024.10.22 23:00:00,1.53001096237E-07
2024.10.23 00:00:00,1.52718598656E-07
2024.10.23 01:00:00,1.52431638867E-07
2024.10.23 02:00:00,1.52139932652E-07
2024.10.23 03:00:00,1.5185575819E-07
2024.10.23 04:00:00,1.51557259187E-07
2024.10.23 05:00:00,1.51273653159E-07
2024.10.23 06:00:00,1.50984320157E-07
2024.10.23 07:00:00,1.50690979694E-07
2024.10.23 08:00:00,1.50395266019E-07
2024.10.23 09:00:00,1.50094109586E-07
2024.10.23 10:00:00,1.49784838754E-07
2024.10.23 11:00:00,1.49455843257E-07
2024.10.23 12:00:00,1.49106014646E-07
2024.10.23 13:00:00,1.48751453821E-07
2024.10.23 14:00:00,1.48394605048E-07
2024.10.23 15:00:00,1.48044833281E-07
2024.10.23 16:00:00,1.47709471321E-07
2024.10.23 17:00:00,1.47396661987E-07
2024.10.23 18:00:00,1.47095548186E-07
2024.10.23 19:00:00,1.46801141909E-07
2024.10.23 20:00:00,1.46521117017E-07
2024.10.23 21:00:00,1.46242427945E-07
2024.10.23 22:00:00,1.45956278175E-07
2024.10.23 23:00:00,1.45660507656E-07
2024.10.24 00:00:00,1.45390302464E-07
2024.10.24 01:00:00,1.45120523598E-07
2024.10.24 02:00:00,1.44848741002E-07
2024.10.24 03:00:00,1.44583822248E-07
2024.10.24 04:00:00,1.44320608797E-07
2024.10.24 05:00:00,1.44057210605E-07
2024.10.24 06:00:00,1.43794920859E-07
2024.10.24 07:00:00,1.43532517427E-07
2024.10.24 08:00:00,1.43272913533E-07
2024.10.24 09:00:00,1.43007056863E-07
2024.10.24 10:00:00,1.42739224884E-07
2024.10.24 11:00:00,1.42476025644E-07
2024.10.24 12:00:00,1.42218667065E-07
2024.10.24 13:00:00,1.41962004818E-07
2024.10.24 14:00:00,1.41715474911E-07
2024.10.24 15:00:00,1.41479148397E-07
2024.10.24 16:00:00,1.41244356655E-07
2024.10.24 17:00:00,1.41004662169E-07
2024.10.24 18:00:00,1.4075894228E-07
2024.10.24 19:00:00,1.40509357038E-07
2024.10.24 20:00:00,1.40247536251E-07
2024.10.24 21:00:00,1.39989424497E-07
2024.10.24 22:00:00,1.39736982874E-07
2024.10.24 23:00:00,1.39482068562E-07
2024.10.25 00:00:00,1.39221100426E-07
2024.10.25 01:00:00,1.38964310281E-07
2024.10.25 02:00:00,1.38707889619E-07
2024.10.25 03:00:00,1.38450644727E-07
2024.10.25 04:00:00,1.38196782018E-07
2024.10.25 05:00:00,1.3793977871E-07
2024.10.25 06:00:00,1.3768338647E-07
2024.10.25 07:00:00,1.37437581316E-07
2024.10.25 08:00:00,1.37188891358E-07
2024.10.25 09:00:00,1.36939760864E-07
2024.10.25 10:00:00,1.36689735086E-07
2024.10.25 11:00:00,1.36434607612E-07
2024.10.25 12:00:00,1.36138012863E-07
2024.10.25 13:00:00,1.35903832188E-07
2024.10.25 14:00:00,1.35663171363E-07
2024.10.25 15:00:00,1.35419526259E-07
2024.10.25 16:00:00,1.35175767468E-07
2024.10.25 17:00:00,1.34946660069E-07
2024.10.25 18:00:00,1.34717538458E-07
2024.10.25 19:00:00,1.34488033154E-07
2024.10.25 20:00:00,1.34257675199E-07
2024.10.25 21:00:00,1.34027004606E-07
2024.10.25 22:00:00,1.33795921897E-07
2024.10.25 23:00:00,1.33564384441E-07
2024.10.26 00:00:00,1.33332321184E-07
2024.10.26 01:00:00,1.33098438937E-07
2024.10.26 02:00:00,1.32865267233E-07
2024.10.26 03:00:00,1.32631072347E-07
2024.10.26 04:00:00,1.32396053232E-07
2024.10.26 05:00:00,1.32148571197E-07
2024.10.26 06:00:00,1.31915584234E-07
2024.10.26 07:00:00,1.31680010895E-07
2024.10.26 08:00:00,1.31445347051E-07
2024.10.26 09:00:00,1.31206348897E-07
2024.10.26 10:00:00,1.3097412932E-07
2024.10.26 11:00:00,1.30739451265E-07
2024.10.26 12:00:00,1.30505981133E-07
2024.10.26 13:00:00,1.30276774257E-07
2024.10.26 14:00:00,1.30042820956E-07
2024.10.26 15:00:00,1.29804618609E-07
2024.10.26 16:00:00,1.29560334017E-07
2024.10.26 17:00:00,1.29319559505E-07
2024.10.26 18:00:00,1.29084000378E-07
2024.10.26 19:00:00,1.28852562398E-07
2024.10.26 20:00:00,1.28624137119E-07
2024.10.26 21:00:00,1.28397743993E-07
2024.10.26 22:00:00,1.28172942482E-07
2024.10.26 23:00:00,1.27946208295E-07
2024.10.27 00:00:00,1.27706897501E-07
2024.10.27 01:00:00,1.27472389977E-07
2024.10.27 02:00:00,1.2722937015E-07
2024.10.27 03:00:00,1.27008135564E-07
2024.10.27 04:00:00,1.26787043087E-07
2024.10.27 05:00:00,1.2657993409E-07
2024.10.27 06:00:00,1.26365023334E-07
2024.10.27 07:00:00,1.26146787238E-07
2024.10.27 08:00:00,1.25918234062E-07
2024.10.27 09:00:00,1.2569923058E-07
2024.10.27 10:00:00,1.25480852375E-07
2024.10.27 11:00:00,1.2526095361E-07
2024.10.27 12:00:00,1.25040358512E-07
2024.10.27 13:00:00,1.24818939184E-07
2024.10.27 14:00:00,1.24592290263E-07
2024.10.27 15:00:00,1.24367076637E-07
2024.10.27 16:00:00,1.24143411995E-07
2024.10.27 17:00:00,1.23920727901E-07
2024.10.27 18:00:00,1.23699123833E-07
2024.10.27 19:00:00,1.23479026115E-07
2024.10.27 20:00:00,1.23260747387E-07
2024.10.27 21:00:00,1.23043733424E-07
2024.10.27 22:00:00,1.22824744153E-07
2024.10.27 23:00:00,1.22603381669E-07
2024.10.28 00:00:00,1.2238342606E-07
2024.10.28 01:00:00,1.22164280469E-07
2024.10.28 02:00:00,1.21949511822E-07
2024.10.28 03:00:00,1.21727268265E-07
2024.10.28 04:00:00,1.21509316386E-07
2024.10.28 05:00:00,1.21297304645E-07
2024.10.28 06:00:00,1.21083658655E-07
2024.10.28 07:00:00,1.20869728448E-07
2024.10.28 08:00:00,1.2065494559E-07
2024.10.28 09:00:00,1.20436581597E-07
2024.10.28 10:00:00,1.20215474908E-07
2024.10.28 11:00:00,1.200065185E-07
2024.10.28 12:00:00,1.19793256204E-07
2024.10.28 13:00:00,1.1957838808E-07
2024.10.28 14:00:00,1.19362425721E-07
2024.10.28 15:00:00,1.191403598E-07
2024.10.28 16:00:00,1.18912922176E-07
2024.10.28 17:00:00,1.18696632967E-07
2024.10.28 18:00:00,1.18488628686E-07
2024.10.28 19:00:00,1.18279764649E-07
2024.10.28 20:00:00,1.18062146726E-07
2024.10.28 21:00:00,1.17850660786E-07
2024.10.28 22:00:00,1.1762843144E-07
2024.10.28 23:00:00,1.17411609324E-07
2024.10.29 00:00:00,1.17198041494E-07
2024.10.29 01:00:00,1.16999842703E-07
2024.10.29 02:00:00,1.16803889227E-07
2024.10.29 03:00:00,1.16603445122E-07
2024.10.29 04:00:00,1.163986596E-07
2024.10.29 05:00:00,1.1619307827E-07
2024.10.29 06:00:00,1.15990957283E-07
2024.10.29 07:00:00,1.15782327725E-07
2024.10.29 08:00:00,1.15579759097E-07
2024.10.29 09:00:00,1.15367775777E-07
2024.10.29 10:00:00,1.15173406812E-07
2024.10.29 11:00:00,1.14973396137E-07
2024.10.29 12:00:00,1.14773420989E-07
2024.10.29 13:00:00,1.14572735299E-07
2024.10.29 14:00:00,1.14373762017E-07
2024.10.29 15:00:00,1.1417255763E-07
2024.10.29 16:00:00,1.13975282545E-07
2024.10.29 17:00:00,1.13778149569E-07
2024.10.29 18:00:00,1.13581933192E-07
2024.10.29 19:00:00,1.13386043665E-07
2024.10.29 20:00:00,1.1319035309E-07
2024.10.29 21:00:00,1.12994626988E-07
2024.10.29 22:00:00,1.12799419583E-07
2024.10.29 23:00:00,1.12604254809E-07
2024.10.30 00:00:00,1.1240923925E-07
2024.10.30 01:00:00,1.12214685544E-07
2024.10.30 02:00:00,1.12020160259E-07
2024.10.30 03:00:00,1.11825364968E-07
2024.10.30 04:00:00,1.11630306776E-07
2024.10.30 05:00:00,1.11434815153E-07
2024.10.30 06:00:00,1.11239288003E-07
2024.10.30 07:00:00,1.11044528239E-07
2024.10.30 08:00:00,1.1084294016E-07
2024.10.30 09:00:00,1.10649089891E-07
2024.10.30 10:00:00,1.10457747837E-07
2024.10.30 11:00:00,1.10265141018E-07
2024.10.30 12:00:00,1.10074772408E-07
2024.10.30 13:00:00,1.09888880218E-07
2024.10.30 14:00:00,1.097038691E-07
2024.10.30 15:00:00,1.09518339286E-07
2024.10.30 16:00:00,1.09335118736E-07
2024.10.30 17:00:00,1.0914455828E-07
2024.10.30 18:00:00,1.08942920463E-07
2024.10.30 19:00:00,1.08732706394E-07
2024.10.30 20:00:00,1.08524083942E-07
2024.10.30 21:00:00,1.08324002213E-07
2024.10.30 22:00:00,1.08130450371E-07
2024.10.30 23:00:00,1.07940714145E-07
2024.10.31 00:00:00,1.07753848511E-07
2024.10.31 01:00:00,1.07566926033E-07
2024.10.31 02:00:00,1.07380394354E-07
2024.10.31 03:00:00,1.07194530585E-07
2024.10.31 04:00:00,1.0700905051E-07
2024.10.31 05:00:00,1.06823108581E-07
2024.10.31 06:00:00,1.06637159547E-07
2024.10.31 07:00:00,1.06450222859E-07
2024.10.31 08:00:00,1.06258433163E-07
2024.10.31 09:00:00,1.06068014816E-07
2024.10.31 10:00:00,1.05881404977E-07
2024.10.31 11:00:00,1.05692770092E-07
2024.10.31 12:00:00,1.05502856229E-07
2024.10.31 13:00:00,1.05312686571E-07
2024.10.31 14:00:00,1.0512370352E-07
2024.10.31 15:00:00,1.04937392109E-07
2024.10.31 16:00:00,1.04751698871E-07
2024.10.31 17:00:00,1.04563859793E-07
2024.10.31 18:00:00,1.04367003928E-07
2024.10.31 19:00:00,1.04152015012E-07
2024.10.31 20:00:00,1.03940429597E-07
2024.10.31 21:00:00,1.03751673919E-07
2024.10.31 22:00:00,1.0357370428E-07
2024.10.31 23:00:00,1.03399642626E-07
2024.11.01 00:00:00,1.03227520754E-07
