Time [yyyy.MM.dd HH:mm:ss],NO3 [gN/m3]
2024.08.01 00:00:00,0
2024.08.01 01:00:00,0
2024.08.01 02:00:00,0
2024.08.01 03:00:00,0
2024.08.01 04:00:00,0
2024.08.01 05:00:00,0.000149721425259
2024.08.01 06:00:00,0.000405131781008
2024.08.01 07:00:00,0.00067094899714
2024.08.01 08:00:00,0.000860250496771
2024.08.01 09:00:00,0.000945724139456
2024.08.01 10:00:00,0.00111545599066
2024.08.01 11:00:00,0.00119037181139
2024.08.01 12:00:00,0.00126676622313
2024.08.01 13:00:00,0.00122659828048
2024.08.01 14:00:00,0.00116323761176
2024.08.01 15:00:00,0.00114199018572
2024.08.01 16:00:00,0.00105792551767
2024.08.01 17:00:00,0.000940242083743
2024.08.01 18:00:00,0.000879526487552
2024.08.01 19:00:00,0.000876432168297
2024.08.01 20:00:00,0.000871815369464
2024.08.01 21:00:00,0.000851126911584
2024.08.01 22:00:00,0.000826942152344
2024.08.01 23:00:00,0.000798662716988
2024.08.02 00:00:00,0.000781887152698
2024.08.02 01:00:00,0.000758827838581
2024.08.02 02:00:00,0.000730246363673
2024.08.02 03:00:00,0.000709872459993
2024.08.02 04:00:00,0.000683215155732
2024.08.02 05:00:00,0.000662480480969
2024.08.02 06:00:00,0.000635525851976
2024.08.02 07:00:00,0.000602811633144
2024.08.02 08:00:00,0.000566509785131
2024.08.02 09:00:00,0.000532297359314
2024.08.02 10:00:00,0.000505891861394
2024.08.02 11:00:00,0.000503971648868
2024.08.02 12:00:00,0.000489651923999
2024.08.02 13:00:00,0.000465983845061
2024.08.02 14:00:00,0.000454923720099
2024.08.02 15:00:00,0.000443787284894
2024.08.02 16:00:00,0.000426150247222
2024.08.02 17:00:00,0.000407900690334
2024.08.02 18:00:00,0.000390604458516
2024.08.02 19:00:00,0.000378887460101
2024.08.02 20:00:00,0.0003774415527
2024.08.02 21:00:00,0.000374311726773
2024.08.02 22:00:00,0.000365423387848
2024.08.02 23:00:00,0.000352204253431
2024.08.03 00:00:00,0.000340258062351
2024.08.03 01:00:00,0.000332813215209
2024.08.03 02:00:00,0.000333011761541
2024.08.03 03:00:00,0.000332823256031
2024.08.03 04:00:00,0.000328253110638
2024.08.03 05:00:00,0.000323383603245
2024.08.03 06:00:00,0.000318695150781
2024.08.03 07:00:00,0.000310095230816
2024.08.03 08:00:00,0.000300543586491
2024.08.03 09:00:00,0.000292596640065
2024.08.03 10:00:00,0.000282820430584
2024.08.03 11:00:00,0.000275619764579
2024.08.03 12:00:00,0.00026796120801
2024.08.03 13:00:00,0.000262878515059
2024.08.03 14:00:00,0.000254644139204
2024.08.03 15:00:00,0.000252994475886
2024.08.03 16:00:00,0.00024788590963
2024.08.03 17:00:00,0.00024432799546
2024.08.03 18:00:00,0.000239995031734
2024.08.03 19:00:00,0.000237327054492
2024.08.03 20:00:00,0.00023199156567
2024.08.03 21:00:00,0.000222533068154
2024.08.03 22:00:00,0.000220339294174
2024.08.03 23:00:00,0.000213925115531
2024.08.04 00:00:00,0.0002093079529
2024.08.04 01:00:00,0.000208192956052
2024.08.04 02:00:00,0.000206933327718
2024.08.04 03:00:00,0.000206101321965
2024.08.04 04:00:00,0.000203081581276
2024.08.04 05:00:00,0.000199155736482
2024.08.04 06:00:00,0.00019504269585
2024.08.04 07:00:00,0.00019090983551
2024.08.04 08:00:00,0.000186780336662
2024.08.04 09:00:00,0.000182688076166
2024.08.04 10:00:00,0.000178926828085
2024.08.04 11:00:00,0.000175063774805
2024.08.04 12:00:00,0.000159902338055
2024.08.04 13:00:00,0.000155640154844
2024.08.04 14:00:00,0.000151805114001
2024.08.04 15:00:00,0.000142894205055
2024.08.04 16:00:00,0.000146804930409
2024.08.04 17:00:00,0.000150472085807
2024.08.04 18:00:00,0.000149608327774
2024.08.04 19:00:00,0.000147596452734
2024.08.04 20:00:00,0.000144982856
2024.08.04 21:00:00,0.000142922406667
2024.08.04 22:00:00,0.000140613439726
2024.08.04 23:00:00,0.000138696137583
2024.08.05 00:00:00,0.000137102193548
2024.08.05 01:00:00,0.0001352049876
2024.08.05 02:00:00,0.000133560432005
2024.08.05 03:00:00,0.000131769018481
2024.08.05 04:00:00,0.000129215899506
2024.08.05 05:00:00,0.000127714447444
2024.08.05 06:00:00,0.000126163678942
2024.08.05 07:00:00,0.000124363054056
2024.08.05 08:00:00,0.000122141616885
2024.08.05 09:00:00,0.000120062497444
2024.08.05 10:00:00,0.000118814408779
2024.08.05 11:00:00,0.00011742861534
2024.08.05 12:00:00,0.000116198971227
2024.08.05 13:00:00,0.000107599211333
2024.08.05 14:00:00,0.000107451211079
2024.08.05 15:00:00,0.000106509920442
2024.08.05 16:00:00,0.000107951993414
2024.08.05 17:00:00,0.000106323714135
2024.08.05 18:00:00,0.000105314473331
2024.08.05 19:00:00,0.000104114660644
2024.08.05 20:00:00,0.000102532183519
2024.08.05 21:00:00,0.000101297206129
2024.08.05 22:00:00,0.00010012279381
2024.08.05 23:00:00,9.94397269096E-05
2024.08.06 00:00:00,9.84845828498E-05
2024.08.06 01:00:00,9.72713387455E-05
2024.08.06 02:00:00,9.64518840192E-05
2024.08.06 03:00:00,9.54680290306E-05
2024.08.06 04:00:00,9.41551334108E-05
2024.08.06 05:00:00,9.32062248467E-05
2024.08.06 06:00:00,9.20435923035E-05
2024.08.06 07:00:00,9.0343215561E-05
2024.08.06 08:00:00,8.81870873854E-05
2024.08.06 09:00:00,8.67391863721E-05
2024.08.06 10:00:00,8.57227059896E-05
2024.08.06 11:00:00,8.47731644171E-05
2024.08.06 12:00:00,8.48636045703E-05
2024.08.06 13:00:00,8.37673796923E-05
2024.08.06 14:00:00,8.3700826508E-05
2024.08.06 15:00:00,8.25744282338E-05
2024.08.06 16:00:00,8.10509518487E-05
2024.08.06 17:00:00,7.75309817982E-05
2024.08.06 18:00:00,7.67217861721E-05
2024.08.06 19:00:00,7.82411370892E-05
2024.08.06 20:00:00,7.7567412518E-05
2024.08.06 21:00:00,7.71100167185E-05
2024.08.06 22:00:00,7.64314900152E-05
2024.08.06 23:00:00,7.54695356591E-05
2024.08.07 00:00:00,7.44445933378E-05
2024.08.07 01:00:00,7.38664602977E-05
2024.08.07 02:00:00,7.29843959562E-05
2024.08.07 03:00:00,7.25826685084E-05
2024.08.07 04:00:00,7.18264491297E-05
2024.08.07 05:00:00,7.15415371815E-05
2024.08.07 06:00:00,7.10053718649E-05
2024.08.07 07:00:00,6.9958397944E-05
2024.08.07 08:00:00,6.96603819961E-05
2024.08.07 09:00:00,6.91103487043E-05
2024.08.07 10:00:00,6.85595077812E-05
2024.08.07 11:00:00,6.79895310896E-05
2024.08.07 12:00:00,6.71116213198E-05
2024.08.07 13:00:00,6.69095607009E-05
2024.08.07 14:00:00,6.59426150378E-05
2024.08.07 15:00:00,6.5365464252E-05
2024.08.07 16:00:00,6.4845844463E-05
2024.08.07 17:00:00,6.43537714495E-05
2024.08.07 18:00:00,6.40617217869E-05
2024.08.07 19:00:00,6.38647761662E-05
2024.08.07 20:00:00,6.13320007687E-05
2024.08.07 21:00:00,5.94807861489E-05
2024.08.07 22:00:00,5.8829496993E-05
2024.08.07 23:00:00,5.96898789809E-05
2024.08.08 00:00:00,6.14564414718E-05
2024.08.08 01:00:00,6.12364237895E-05
2024.08.08 02:00:00,6.07045003562E-05
2024.08.08 03:00:00,5.86797650612E-05
2024.08.08 04:00:00,5.82639404456E-05
2024.08.08 05:00:00,5.95557357883E-05
2024.08.08 06:00:00,5.92768010392E-05
2024.08.08 07:00:00,5.88777111261E-05
2024.08.08 08:00:00,5.83516921324E-05
2024.08.08 09:00:00,5.77889913984E-05
2024.08.08 10:00:00,5.15450519742E-05
2024.08.08 11:00:00,4.84381489514E-05
2024.08.08 12:00:00,4.82089308207E-05
2024.08.08 13:00:00,4.77903122373E-05
2024.08.08 14:00:00,4.77372705063E-05
2024.08.08 15:00:00,4.49594335805E-05
2024.08.08 16:00:00,4.52864442195E-05
2024.08.08 17:00:00,4.45423102065E-05
2024.08.08 18:00:00,4.47804522992E-05
2024.08.08 19:00:00,4.47875099781E-05
2024.08.08 20:00:00,4.54971850559E-05
2024.08.08 21:00:00,4.70400882477E-05
2024.08.08 22:00:00,4.93255647598E-05
2024.08.08 23:00:00,4.91287210025E-05
2024.08.09 00:00:00,4.91297141707E-05
2024.08.09 01:00:00,4.89184603794E-05
2024.08.09 02:00:00,4.85973250761E-05
2024.08.09 03:00:00,4.83214171254E-05
2024.08.09 04:00:00,4.78746151202E-05
2024.08.09 05:00:00,4.73350410175E-05
2024.08.09 06:00:00,4.68354737677E-05
2024.08.09 07:00:00,4.62782882096E-05
2024.08.09 08:00:00,4.55080007669E-05
2024.08.09 09:00:00,4.50682709925E-05
2024.08.09 10:00:00,4.52207241324E-05
2024.08.09 11:00:00,4.5350228902E-05
2024.08.09 12:00:00,4.38829301856E-05
2024.08.09 13:00:00,4.03456724598E-05
2024.08.09 14:00:00,4.35368965555E-05
2024.08.09 15:00:00,4.44778015662E-05
2024.08.09 16:00:00,4.43070821348E-05
2024.08.09 17:00:00,4.4059845095E-05
2024.08.09 18:00:00,4.37926610175E-05
2024.08.09 19:00:00,4.3551390263E-05
2024.08.09 20:00:00,4.3168252887E-05
2024.08.09 21:00:00,4.29906031059E-05
2024.08.09 22:00:00,4.24742684118E-05
2024.08.09 23:00:00,4.1833081923E-05
2024.08.10 00:00:00,4.19421558036E-05
2024.08.10 01:00:00,4.18592171627E-05
2024.08.10 02:00:00,4.16081202275E-05
2024.08.10 03:00:00,4.13016496168E-05
2024.08.10 04:00:00,4.12066729041E-05
2024.08.10 05:00:00,4.10944485338E-05
2024.08.10 06:00:00,4.08700434491E-05
2024.08.10 07:00:00,4.06444887631E-05
2024.08.10 08:00:00,4.03494850616E-05
2024.08.10 09:00:00,4.02042496717E-05
2024.08.10 10:00:00,3.99867894885E-05
2024.08.10 11:00:00,3.97187868657E-05
2024.08.10 12:00:00,3.93579539377E-05
2024.08.10 13:00:00,3.89122033084E-05
2024.08.10 14:00:00,3.85526982427E-05
2024.08.10 15:00:00,3.83284786949E-05
2024.08.10 16:00:00,3.81338250008E-05
2024.08.10 17:00:00,3.81206482416E-05
2024.08.10 18:00:00,3.79667872039E-05
2024.08.10 19:00:00,3.78151562472E-05
2024.08.10 20:00:00,3.76289026462E-05
2024.08.10 21:00:00,3.74921146431E-05
2024.08.10 22:00:00,3.73924885935E-05
2024.08.10 23:00:00,3.72484864783E-05
2024.08.11 00:00:00,3.71782734874E-05
2024.08.11 01:00:00,3.70616908185E-05
2024.08.11 02:00:00,3.69725930796E-05
2024.08.11 03:00:00,3.68816909031E-05
2024.08.11 04:00:00,3.68100445485E-05
2024.08.11 05:00:00,3.67034554074E-05
2024.08.11 06:00:00,3.65906053048E-05
2024.08.11 07:00:00,3.64606785297E-05
2024.08.11 08:00:00,3.63330291293E-05
2024.08.11 09:00:00,3.61771162716E-05
2024.08.11 10:00:00,3.59975238098E-05
2024.08.11 11:00:00,3.58308643627E-05
2024.08.11 12:00:00,3.5662065784E-05
2024.08.11 13:00:00,3.54359581252E-05
2024.08.11 14:00:00,3.52656497853E-05
2024.08.11 15:00:00,3.5048728023E-05
2024.08.11 16:00:00,3.49570182152E-05
2024.08.11 17:00:00,3.48150460923E-05
2024.08.11 18:00:00,3.47346758645E-05
2024.08.11 19:00:00,3.46382439602E-05
2024.08.11 20:00:00,3.45430744346E-05
2024.08.11 21:00:00,3.44589789165E-05
2024.08.11 22:00:00,3.43894243997E-05
2024.08.11 23:00:00,3.43041610904E-05
2024.08.12 00:00:00,3.42498460668E-05
2024.08.12 01:00:00,3.4157983464E-05
2024.08.12 02:00:00,3.40639417118E-05
2024.08.12 03:00:00,3.39540019922E-05
2024.08.12 04:00:00,3.387507968E-05
2024.08.12 05:00:00,3.37778183166E-05
2024.08.12 06:00:00,3.36786688422E-05
2024.08.12 07:00:00,3.35687836923E-05
2024.08.12 08:00:00,3.34236647177E-05
2024.08.12 09:00:00,3.3282685763E-05
2024.08.12 10:00:00,3.31666815327E-05
2024.08.12 11:00:00,3.29678005073E-05
2024.08.12 12:00:00,3.29262074956E-05
2024.08.12 13:00:00,3.27915076923E-05
2024.08.12 14:00:00,3.27094785462E-05
2024.08.12 15:00:00,3.24731008732E-05
2024.08.12 16:00:00,3.24104112224E-05
2024.08.12 17:00:00,3.24082575389E-05
2024.08.12 18:00:00,3.23268504872E-05
2024.08.12 19:00:00,3.2224044844E-05
2024.08.12 20:00:00,3.21393163176E-05
2024.08.12 21:00:00,3.20744329656E-05
2024.08.12 22:00:00,3.19135397149E-05
2024.08.12 23:00:00,3.19007558574E-05
2024.08.13 00:00:00,3.18317142955E-05
2024.08.13 01:00:00,3.17637859553E-05
2024.08.13 02:00:00,3.17142039421E-05
2024.08.13 03:00:00,3.16377809213E-05
2024.08.13 04:00:00,3.15639626933E-05
2024.08.13 05:00:00,3.15067045449E-05
2024.08.13 06:00:00,3.14449534926E-05
2024.08.13 07:00:00,3.13605487463E-05
2024.08.13 08:00:00,3.12761003443E-05
2024.08.13 09:00:00,3.11519470415E-05
2024.08.13 10:00:00,3.10756986437E-05
2024.08.13 11:00:00,3.10076138703E-05
2024.08.13 12:00:00,3.09219722112E-05
2024.08.13 13:00:00,3.08605121973E-05
2024.08.13 14:00:00,3.07778645947E-05
2024.08.13 15:00:00,3.07045556838E-05
2024.08.13 16:00:00,3.04607892758E-05
2024.08.13 17:00:00,3.02503995044E-05
2024.08.13 18:00:00,3.02884673147E-05
2024.08.13 19:00:00,3.02838452626E-05
2024.08.13 20:00:00,3.02526768792E-05
2024.08.13 21:00:00,3.02063835989E-05
2024.08.13 22:00:00,3.01510717691E-05
2024.08.13 23:00:00,3.00945303024E-05
2024.08.14 00:00:00,3.00454812532E-05
2024.08.14 01:00:00,2.99800703942E-05
2024.08.14 02:00:00,2.9620825444E-05
2024.08.14 03:00:00,2.96357848129E-05
2024.08.14 04:00:00,2.9629756682E-05
2024.08.14 05:00:00,2.96155430988E-05
2024.08.14 06:00:00,2.9564347642E-05
2024.08.14 07:00:00,2.9520911994E-05
2024.08.14 08:00:00,2.94466153719E-05
2024.08.14 09:00:00,2.93552293442E-05
2024.08.14 10:00:00,2.92714576062E-05
2024.08.14 11:00:00,2.92154254566E-05
2024.08.14 12:00:00,2.91425203613E-05
2024.08.14 13:00:00,2.90385905828E-05
2024.08.14 14:00:00,2.8863456464E-05
2024.08.14 15:00:00,2.88376431854E-05
2024.08.14 16:00:00,2.87510520138E-05
2024.08.14 17:00:00,2.86602953565E-05
2024.08.14 18:00:00,2.86026570393E-05
2024.08.14 19:00:00,2.85417427222E-05
2024.08.14 20:00:00,2.8464526622E-05
2024.08.14 21:00:00,2.84241305053E-05
2024.08.14 22:00:00,2.83535082417E-05
2024.08.14 23:00:00,2.8316730095E-05
2024.08.15 00:00:00,2.82711480395E-05
2024.08.15 01:00:00,2.82226883428E-05
2024.08.15 02:00:00,2.81665652437E-05
2024.08.15 03:00:00,2.81322172668E-05
2024.08.15 04:00:00,2.80769854726E-05
2024.08.15 05:00:00,2.80395652226E-05
2024.08.15 06:00:00,2.79894647974E-05
2024.08.15 07:00:00,2.79339910776E-05
2024.08.15 08:00:00,2.7874701118E-05
2024.08.15 09:00:00,2.77965282294E-05
2024.08.15 10:00:00,2.77398467006E-05
2024.08.15 11:00:00,2.76490736724E-05
2024.08.15 12:00:00,2.75949823845E-05
2024.08.15 13:00:00,2.75134825642E-05
2024.08.15 14:00:00,2.74230314972E-05
2024.08.15 15:00:00,2.73690475296E-05
2024.08.15 16:00:00,2.7278860216E-05
2024.08.15 17:00:00,2.72398556262E-05
2024.08.15 18:00:00,2.71921417152E-05
2024.08.15 19:00:00,2.71690787486E-05
2024.08.15 20:00:00,2.7135014534E-05
2024.08.15 21:00:00,2.71230583166E-05
2024.08.15 22:00:00,2.71041844826E-05
2024.08.15 23:00:00,2.70752098004E-05
2024.08.16 00:00:00,2.70424297923E-05
2024.08.16 01:00:00,2.70116142929E-05
2024.08.16 02:00:00,2.699288234E-05
2024.08.16 03:00:00,2.69527517958E-05
2024.08.16 04:00:00,2.69215543085E-05
2024.08.16 05:00:00,2.68909388979E-05
2024.08.16 06:00:00,2.68560906989E-05
2024.08.16 07:00:00,2.68186231551E-05
2024.08.16 08:00:00,2.67683280981E-05
2024.08.16 09:00:00,2.67062259809E-05
2024.08.16 10:00:00,2.66362349066E-05
2024.08.16 11:00:00,2.65500730166E-05
2024.08.16 12:00:00,2.65213056991E-05
2024.08.16 13:00:00,2.65072030743E-05
2024.08.16 14:00:00,2.64984100795E-05
2024.08.16 15:00:00,2.64467307716E-05
2024.08.16 16:00:00,2.64024693024E-05
2024.08.16 17:00:00,2.63630718109E-05
2024.08.16 18:00:00,2.63340152742E-05
2024.08.16 19:00:00,2.6328212698E-05
2024.08.16 20:00:00,2.63416386588E-05
2024.08.16 21:00:00,2.63546735368E-05
2024.08.16 22:00:00,2.63612546405E-05
2024.08.16 23:00:00,2.63643087237E-05
2024.08.17 00:00:00,2.63544916379E-05
2024.08.17 01:00:00,2.63494621322E-05
2024.08.17 02:00:00,2.63363217528E-05
2024.08.17 03:00:00,2.63111996901E-05
2024.08.17 04:00:00,2.62837675109E-05
2024.08.17 05:00:00,2.62605444732E-05
2024.08.17 06:00:00,2.62264584308E-05
2024.08.17 07:00:00,2.61592595052E-05
2024.08.17 08:00:00,2.60345350398E-05
2024.08.17 09:00:00,2.60031156358E-05
2024.08.17 10:00:00,2.5989360438E-05
2024.08.17 11:00:00,2.60048418568E-05
2024.08.17 12:00:00,2.59699681919E-05
2024.08.17 13:00:00,2.59363605437E-05
2024.08.17 14:00:00,2.58711024799E-05
2024.08.17 15:00:00,2.58307863987E-05
2024.08.17 16:00:00,2.57911215158E-05
2024.08.17 17:00:00,2.57883875747E-05
2024.08.17 18:00:00,2.57442843576E-05
2024.08.17 19:00:00,2.57501724263E-05
2024.08.17 20:00:00,2.57370866166E-05
2024.08.17 21:00:00,2.57303818216E-05
2024.08.17 22:00:00,2.57152823906E-05
2024.08.17 23:00:00,2.57111769315E-05
2024.08.18 00:00:00,2.57048450294E-05
2024.08.18 01:00:00,2.56850325968E-05
2024.08.18 02:00:00,2.56695821008E-05
2024.08.18 03:00:00,2.56561997958E-05
2024.08.18 04:00:00,2.56344337686E-05
2024.08.18 05:00:00,2.56175062532E-05
2024.08.18 06:00:00,2.559213317E-05
2024.08.18 07:00:00,2.55440427281E-05
2024.08.18 08:00:00,2.55251434282E-05
2024.08.18 09:00:00,2.5509738407E-05
2024.08.18 10:00:00,2.5452392947E-05
2024.08.18 11:00:00,2.54496007983E-05
2024.08.18 12:00:00,2.54196966125E-05
2024.08.18 13:00:00,2.53911912296E-05
2024.08.18 14:00:00,2.53690250247E-05
2024.08.18 15:00:00,2.53461057582E-05
2024.08.18 16:00:00,2.5308896511E-05
2024.08.18 17:00:00,2.52860190812E-05
2024.08.18 18:00:00,2.52613190241E-05
2024.08.18 19:00:00,2.52324643952E-05
2024.08.18 20:00:00,2.52455865848E-05
2024.08.18 21:00:00,2.52377867582E-05
2024.08.18 22:00:00,2.52306690527E-05
2024.08.18 23:00:00,2.5190454835E-05
2024.08.19 00:00:00,2.52044301305E-05
2024.08.19 01:00:00,2.51212513831E-05
2024.08.19 02:00:00,2.50062221312E-05
2024.08.19 03:00:00,2.50686262007E-05
2024.08.19 04:00:00,2.50618522841E-05
2024.08.19 05:00:00,2.50492412306E-05
2024.08.19 06:00:00,2.49951590376E-05
2024.08.19 07:00:00,2.49924669333E-05
2024.08.19 08:00:00,2.49768145295E-05
2024.08.19 09:00:00,2.49418953899E-05
2024.08.19 10:00:00,2.49129352596E-05
2024.08.19 11:00:00,2.48667765845E-05
2024.08.19 12:00:00,2.48293581535E-05
2024.08.19 13:00:00,2.485209734E-05
2024.08.19 14:00:00,2.48114483838E-05
2024.08.19 15:00:00,2.4800607207E-05
2024.08.19 16:00:00,2.47573916567E-05
2024.08.19 17:00:00,2.47242951446E-05
2024.08.19 18:00:00,2.46904382948E-05
2024.08.19 19:00:00,2.4643366487E-05
2024.08.19 20:00:00,2.46493236773E-05
2024.08.19 21:00:00,2.4643195502E-05
2024.08.19 22:00:00,2.46296094701E-05
2024.08.19 23:00:00,2.46180588874E-05
2024.08.20 00:00:00,2.4608691092E-05
2024.08.20 01:00:00,2.4579514502E-05
2024.08.20 02:00:00,2.45650553552E-05
2024.08.20 03:00:00,2.45308110607E-05
2024.08.20 04:00:00,2.44847760769E-05
2024.08.20 05:00:00,2.44628427026E-05
2024.08.20 06:00:00,2.44640032179E-05
2024.08.20 07:00:00,2.44391230808E-05
2024.08.20 08:00:00,2.4424320145E-05
2024.08.20 09:00:00,2.44003695116E-05
2024.08.20 10:00:00,2.43754693656E-05
2024.08.20 11:00:00,2.43344966293E-05
2024.08.20 12:00:00,2.43207832682E-05
2024.08.20 13:00:00,2.42955975409E-05
2024.08.20 14:00:00,2.42647856794E-05
2024.08.20 15:00:00,2.42495152634E-05
2024.08.20 16:00:00,2.42108217208E-05
2024.08.20 17:00:00,2.42096139118E-05
2024.08.20 18:00:00,2.41785492108E-05
2024.08.20 19:00:00,2.41589586949E-05
2024.08.20 20:00:00,2.41561756411E-05
2024.08.20 21:00:00,2.4150536774E-05
2024.08.20 22:00:00,2.40486169787E-05
2024.08.20 23:00:00,2.40972913161E-05
2024.08.21 00:00:00,2.40882545768E-05
2024.08.21 01:00:00,2.40462650254E-05
2024.08.21 02:00:00,2.40357476287E-05
2024.08.21 03:00:00,2.40115023189E-05
2024.08.21 04:00:00,2.3990021873E-05
2024.08.21 05:00:00,2.39748533204E-05
2024.08.21 06:00:00,2.39598266489E-05
2024.08.21 07:00:00,2.3936978323E-05
2024.08.21 08:00:00,2.39037508436E-05
2024.08.21 09:00:00,2.38848188019E-05
2024.08.21 10:00:00,2.38617612922E-05
2024.08.21 11:00:00,2.38415268541E-05
2024.08.21 12:00:00,2.38312222791E-05
2024.08.21 13:00:00,2.37795557041E-05
2024.08.21 14:00:00,2.37459171331E-05
2024.08.21 15:00:00,2.37323183683E-05
2024.08.21 16:00:00,2.36923824559E-05
2024.08.21 17:00:00,2.36477881117E-05
2024.08.21 18:00:00,2.36380310525E-05
2024.08.21 19:00:00,2.36141386267E-05
2024.08.21 20:00:00,2.36078794842E-05
2024.08.21 21:00:00,2.36144242081E-05
2024.08.21 22:00:00,2.36240975937E-05
2024.08.21 23:00:00,2.36278101511E-05
2024.08.22 00:00:00,2.36280138779E-05
2024.08.22 01:00:00,2.36246723944E-05
2024.08.22 02:00:00,2.36205050896E-05
2024.08.22 03:00:00,2.36124524235E-05
2024.08.22 04:00:00,2.36000887526E-05
2024.08.22 05:00:00,2.3597263862E-05
2024.08.22 06:00:00,2.35881379922E-05
2024.08.22 07:00:00,2.35483839788E-05
2024.08.22 08:00:00,2.34848957916E-05
2024.08.22 09:00:00,2.34440722124E-05
2024.08.22 10:00:00,2.34163890127E-05
2024.08.22 11:00:00,2.33538430621E-05
2024.08.22 12:00:00,2.33478240261E-05
2024.08.22 13:00:00,2.33347891481E-05
2024.08.22 14:00:00,2.33119590121E-05
2024.08.22 15:00:00,2.33144655795E-05
2024.08.22 16:00:00,2.32722704823E-05
2024.08.22 17:00:00,2.32437359955E-05
2024.08.22 18:00:00,2.32423899433E-05
2024.08.22 19:00:00,2.32515994867E-05
2024.08.22 20:00:00,2.32567290368E-05
2024.08.22 21:00:00,2.32669044635E-05
2024.08.22 22:00:00,2.32772435993E-05
2024.08.22 23:00:00,2.32752645388E-05
2024.08.23 00:00:00,2.32741149375E-05
2024.08.23 01:00:00,2.32697238971E-05
2024.08.23 02:00:00,2.32650290855E-05
2024.08.23 03:00:00,2.32641996263E-05
2024.08.23 04:00:00,2.32598704315E-05
2024.08.23 05:00:00,2.32484962908E-05
2024.08.23 06:00:00,2.3239705115E-05
2024.08.23 07:00:00,2.32225047512E-05
2024.08.23 08:00:00,2.31899539358E-05
2024.08.23 09:00:00,2.31611375057E-05
2024.08.23 10:00:00,2.31306239584E-05
2024.08.23 11:00:00,2.31099038501E-05
2024.08.23 12:00:00,2.30870518863E-05
2024.08.23 13:00:00,2.30545047089E-05
2024.08.23 14:00:00,2.30110927077E-05
2024.08.23 15:00:00,2.30152290897E-05
2024.08.23 16:00:00,2.29973320529E-05
2024.08.23 17:00:00,2.29472461797E-05
2024.08.23 18:00:00,2.2935339075E-05
2024.08.23 19:00:00,2.29433699133E-05
2024.08.23 20:00:00,2.29473134823E-05
2024.08.23 21:00:00,2.29472298088E-05
2024.08.23 22:00:00,2.29545385082E-05
2024.08.23 23:00:00,2.29407469305E-05
2024.08.24 00:00:00,2.29311644944E-05
2024.08.24 01:00:00,2.29204761126E-05
2024.08.24 02:00:00,2.29088491324E-05
2024.08.24 03:00:00,2.28999051615E-05
2024.08.24 04:00:00,2.28907028941E-05
2024.08.24 05:00:00,2.28799253819E-05
2024.08.24 06:00:00,2.28605786106E-05
2024.08.24 07:00:00,2.28443568631E-05
2024.08.24 08:00:00,2.28197695833E-05
2024.08.24 09:00:00,2.27902201004E-05
2024.08.24 10:00:00,2.27721593546E-05
2024.08.24 11:00:00,2.27599412028E-05
2024.08.24 12:00:00,2.27443524636E-05
2024.08.24 13:00:00,2.27304844884E-05
2024.08.24 14:00:00,2.27084819926E-05
2024.08.24 15:00:00,2.27328655455E-05
2024.08.24 16:00:00,2.27482887567E-05
2024.08.24 17:00:00,2.2681628252E-05
2024.08.24 18:00:00,2.26235806622E-05
2024.08.24 19:00:00,2.26078827836E-05
2024.08.24 20:00:00,2.24074701691E-05
2024.08.24 21:00:00,2.22770904657E-05
2024.08.24 22:00:00,2.23270471906E-05
2024.08.24 23:00:00,2.23257156904E-05
2024.08.25 00:00:00,2.22847083933E-05
2024.08.25 01:00:00,2.2253861971E-05
2024.08.25 02:00:00,2.22075832426E-05
2024.08.25 03:00:00,2.21578175115E-05
2024.08.25 04:00:00,2.21022182814E-05
2024.08.25 05:00:00,2.20451529458E-05
2024.08.25 06:00:00,2.19555859076E-05
2024.08.25 07:00:00,2.18409077206E-05
2024.08.25 08:00:00,2.17166380025E-05
2024.08.25 09:00:00,2.16383468796E-05
2024.08.25 10:00:00,2.1578545784E-05
2024.08.25 11:00:00,2.15448071685E-05
2024.08.25 12:00:00,2.15138970816E-05
2024.08.25 13:00:00,2.14373521885E-05
2024.08.25 14:00:00,2.13471848838E-05
2024.08.25 15:00:00,2.12745017052E-05
2024.08.25 16:00:00,2.11996357393E-05
2024.08.25 17:00:00,2.11625265365E-05
2024.08.25 18:00:00,2.11367168959E-05
2024.08.25 19:00:00,2.10920406971E-05
2024.08.25 20:00:00,2.10621765291E-05
2024.08.25 21:00:00,2.10340876947E-05
2024.08.25 22:00:00,2.10071957554E-05
2024.08.25 23:00:00,2.09822410397E-05
2024.08.26 00:00:00,2.0959367248E-05
2024.08.26 01:00:00,2.0939281967E-05
2024.08.26 02:00:00,2.09191493923E-05
2024.08.26 03:00:00,2.0907349608E-05
2024.08.26 04:00:00,2.08951496461E-05
2024.08.26 05:00:00,2.08815345104E-05
2024.08.26 06:00:00,2.08659603231E-05
2024.08.26 07:00:00,2.08135425055E-05
2024.08.26 08:00:00,2.07027260331E-05
2024.08.26 09:00:00,2.06207187148E-05
2024.08.26 10:00:00,2.05179330806E-05
2024.08.26 11:00:00,2.04427906283E-05
2024.08.26 12:00:00,2.03416329896E-05
2024.08.26 13:00:00,2.01960956474E-05
2024.08.26 14:00:00,2.00145041163E-05
2024.08.26 15:00:00,1.9910528863E-05
2024.08.26 16:00:00,1.98331999854E-05
2024.08.26 17:00:00,1.97635163204E-05
2024.08.26 18:00:00,1.97247318283E-05
2024.08.26 19:00:00,1.96972341655E-05
2024.08.26 20:00:00,1.96981636691E-05
2024.08.26 21:00:00,1.97116205527E-05
2024.08.26 22:00:00,1.9724784579E-05
2024.08.26 23:00:00,1.97347653739E-05
2024.08.27 00:00:00,1.97558783839E-05
2024.08.27 01:00:00,1.9789506041E-05
2024.08.27 02:00:00,1.98078305402E-05
2024.08.27 03:00:00,1.98154630198E-05
2024.08.27 04:00:00,1.98426805582E-05
2024.08.27 05:00:00,1.98736979655E-05
2024.08.27 06:00:00,1.98998295673E-05
2024.08.27 07:00:00,1.98990001081E-05
2024.08.27 08:00:00,1.98723901121E-05
2024.08.27 09:00:00,1.98539109988E-05
2024.08.27 10:00:00,1.98495945369E-05
2024.08.27 11:00:00,1.98366979021E-05
2024.08.27 12:00:00,1.98940069822E-05
2024.08.27 13:00:00,1.99466503545E-05
2024.08.27 14:00:00,1.99696023628E-05
2024.08.27 15:00:00,1.99620335479E-05
2024.08.27 16:00:00,1.99296482606E-05
2024.08.27 17:00:00,1.98966881726E-05
2024.08.27 18:00:00,1.99068381335E-05
2024.08.27 19:00:00,1.99466503545E-05
2024.08.27 20:00:00,1.99893784156E-05
2024.08.27 21:00:00,2.00026661332E-05
2024.08.27 22:00:00,2.00149934244E-05
2024.08.27 23:00:00,2.00207487069E-05
2024.08.28 00:00:00,2.00089780265E-05
2024.08.28 01:00:00,1.99962869374E-05
2024.08.28 02:00:00,1.99961632461E-05
2024.08.28 03:00:00,1.99916939891E-05
2024.08.28 04:00:00,1.99905971385E-05
2024.08.28 05:00:00,1.99816840905E-05
2024.08.28 06:00:00,1.99750047614E-05
2024.08.28 07:00:00,1.99615387828E-05
2024.08.28 08:00:00,1.99190253625E-05
2024.08.28 09:00:00,1.98697798623E-05
2024.08.28 10:00:00,1.98403704417E-05
2024.08.28 11:00:00,1.98284305952E-05
2024.08.28 12:00:00,1.98135185201E-05
2024.08.28 13:00:00,1.98206362256E-05
2024.08.28 14:00:00,1.98239886231E-05
2024.08.28 15:00:00,1.97807985387E-05
2024.08.28 16:00:00,1.9736455215E-05
2024.08.28 17:00:00,1.96942964976E-05
2024.08.28 18:00:00,1.96804739971E-05
2024.08.28 19:00:00,1.97271456273E-05
2024.08.28 20:00:00,1.97552308236E-05
2024.08.28 21:00:00,1.97510144062E-05
2024.08.28 22:00:00,1.97309927898E-05
2024.08.28 23:00:00,1.97151275643E-05
2024.08.29 00:00:00,1.97003319045E-05
2024.08.29 01:00:00,1.96866130864E-05
2024.08.29 02:00:00,1.96668152057E-05
2024.08.29 03:00:00,1.96656837943E-05
2024.08.29 04:00:00,1.96560249606E-05
2024.08.29 05:00:00,1.96439868887E-05
2024.08.29 06:00:00,1.96296259674E-05
2024.08.29 07:00:00,1.96134787984E-05
2024.08.29 08:00:00,1.95970242203E-05
2024.08.29 09:00:00,1.95627981157E-05
2024.08.29 10:00:00,1.95053671632E-05
2024.08.29 11:00:00,1.94770436792E-05
2024.08.29 12:00:00,1.94756376004E-05
2024.08.29 13:00:00,1.94647673197E-05
2024.08.29 14:00:00,1.9451337721E-05
2024.08.29 15:00:00,1.94586864382E-05
2024.08.29 16:00:00,1.94401036424E-05
2024.08.29 17:00:00,1.94356052816E-05
2024.08.29 18:00:00,1.94356489374E-05
2024.08.29 19:00:00,1.94306703634E-05
2024.08.29 20:00:00,1.94384865608E-05
2024.08.29 21:00:00,1.94368967641E-05
2024.08.29 22:00:00,1.94324711629E-05
2024.08.29 23:00:00,1.9430211978E-05
2024.08.30 00:00:00,1.94179392565E-05
2024.08.30 01:00:00,1.94163476408E-05
2024.08.30 02:00:00,1.94041149371E-05
2024.08.30 03:00:00,1.94001422642E-05
2024.08.30 04:00:00,1.93962623598E-05
2024.08.30 05:00:00,1.93922296603E-05
2024.08.30 06:00:00,1.93832620425E-05
2024.08.30 07:00:00,1.93752275663E-05
2024.08.30 08:00:00,1.93628093257E-05
2024.08.30 09:00:00,1.93521536858E-05
2024.08.30 10:00:00,1.93482428585E-05
2024.08.30 11:00:00,1.93285468413E-05
2024.08.30 12:00:00,1.93349842448E-05
2024.08.30 13:00:00,1.9326189431E-05
2024.08.30 14:00:00,1.93160176423E-05
2024.08.30 15:00:00,1.93065880012E-05
2024.08.30 16:00:00,1.92859242816E-05
2024.08.30 17:00:00,1.92918396351E-05
2024.08.30 18:00:00,1.93065861822E-05
2024.08.30 19:00:00,1.93057130673E-05
2024.08.30 20:00:00,1.93104533537E-05
2024.08.30 21:00:00,1.93219293578E-05
2024.08.30 22:00:00,1.93228515855E-05
2024.08.30 23:00:00,1.93235700863E-05
2024.08.31 00:00:00,1.93226933334E-05
2024.08.31 01:00:00,1.93207361008E-05
2024.08.31 02:00:00,1.93176892935E-05
2024.08.31 03:00:00,1.93080068129E-05
2024.08.31 04:00:00,1.92962452275E-05
2024.08.31 05:00:00,1.92879724636E-05
2024.08.31 06:00:00,1.92743391381E-05
2024.08.31 07:00:00,1.92674615391E-05
2024.08.31 08:00:00,1.92473307834E-05
2024.08.31 09:00:00,1.92375609913E-05
2024.08.31 10:00:00,1.92310271814E-05
2024.08.31 11:00:00,1.92145762412E-05
2024.08.31 12:00:00,1.92156076082E-05
2024.08.31 13:00:00,1.91988565348E-05
2024.08.31 14:00:00,1.92171137314E-05
2024.08.31 15:00:00,1.92115130631E-05
2024.08.31 16:00:00,1.91885646927E-05
2024.08.31 17:00:00,1.91716007976E-05
2024.08.31 18:00:00,1.91591570911E-05
2024.08.31 19:00:00,1.91527524294E-05
2024.08.31 20:00:00,1.91515118786E-05
2024.08.31 21:00:00,1.91572598851E-05
2024.08.31 22:00:00,1.91549333977E-05
2024.08.31 23:00:00,1.91549570445E-05
2024.09.01 00:00:00,1.9151444576E-05
2024.09.01 01:00:00,1.91401632037E-05
2024.09.01 02:00:00,1.9131706722E-05
2024.09.01 03:00:00,1.9126200641E-05
2024.09.01 04:00:00,1.91134658962E-05
2024.09.01 05:00:00,1.91055696632E-05
2024.09.01 06:00:00,1.90921637113E-05
2024.09.01 07:00:00,1.90940336324E-05
2024.09.01 08:00:00,1.90813807421E-05
2024.09.01 09:00:00,1.90642913367E-05
2024.09.01 10:00:00,1.90700393432E-05
2024.09.01 11:00:00,1.90481769096E-05
2024.09.01 12:00:00,1.90302034753E-05
2024.09.01 13:00:00,1.90346181626E-05
2024.09.01 14:00:00,1.90501268662E-05
2024.09.01 15:00:00,1.90391874639E-05
2024.09.01 16:00:00,1.90385180758E-05
2024.09.01 17:00:00,1.90314422071E-05
2024.09.01 18:00:00,1.90261835087E-05
2024.09.01 19:00:00,1.90164591913E-05
2024.09.01 20:00:00,1.90084920177E-05
2024.09.01 21:00:00,1.89981783478E-05
2024.09.01 22:00:00,1.89818547369E-05
2024.09.01 23:00:00,1.89720249182E-05
2024.09.02 00:00:00,1.89676884474E-05
2024.09.02 01:00:00,1.89648253581E-05
2024.09.02 02:00:00,1.89663023775E-05
2024.09.02 03:00:00,1.89703714568E-05
2024.09.02 04:00:00,1.8976699721E-05
2024.09.02 05:00:00,1.89772217709E-05
2024.09.02 06:00:00,1.89762195077E-05
2024.09.02 07:00:00,1.89724305528E-05
2024.09.02 08:00:00,1.89686743397E-05
2024.09.02 09:00:00,1.89635356946E-05
2024.09.02 10:00:00,1.89446182048E-05
2024.09.02 11:00:00,1.89304337255E-05
2024.09.02 12:00:00,1.8922615709E-05
2024.09.02 13:00:00,1.89013735508E-05
2024.09.02 14:00:00,1.88873818843E-05
2024.09.02 15:00:00,1.88859121408E-05
2024.09.02 16:00:00,1.88798185263E-05
2024.09.02 17:00:00,1.88556605281E-05
2024.09.02 18:00:00,1.88216381503E-05
2024.09.02 19:00:00,1.88106441783E-05
2024.09.02 20:00:00,1.88212761714E-05
2024.09.02 21:00:00,1.88215708476E-05
2024.09.02 22:00:00,1.88128451555E-05
2024.09.02 23:00:00,1.88026588148E-05
2024.09.03 00:00:00,1.87864279724E-05
2024.09.03 01:00:00,1.87436780834E-05
2024.09.03 02:00:00,1.87148343684E-05
2024.09.03 03:00:00,1.86679153558E-05
2024.09.03 04:00:00,1.86561446753E-05
2024.09.03 05:00:00,1.86912729987E-05
2024.09.03 06:00:00,1.87027853826E-05
2024.09.03 07:00:00,1.87069763342E-05
2024.09.03 08:00:00,1.86998586287E-05
2024.09.03 09:00:00,1.86721827049E-05
2024.09.03 10:00:00,1.86351826414E-05
2024.09.03 11:00:00,1.86119814316E-05
2024.09.03 12:00:00,1.861414421E-05
2024.09.03 13:00:00,1.85767057701E-05
2024.09.03 14:00:00,1.85686421901E-05
2024.09.03 15:00:00,1.85837197932E-05
2024.09.03 16:00:00,1.85897897609E-05
2024.09.03 17:00:00,1.85854150914E-05
2024.09.03 18:00:00,1.85895078175E-05
2024.09.03 19:00:00,1.85897588381E-05
2024.09.03 20:00:00,1.85927965504E-05
2024.09.03 21:00:00,1.859870099E-05
2024.09.03 22:00:00,1.85958906513E-05
2024.09.03 23:00:00,1.85903209058E-05
2024.09.04 00:00:00,1.85854150914E-05
2024.09.04 01:00:00,1.85780590982E-05
2024.09.04 02:00:00,1.85699245776E-05
2024.09.04 03:00:00,1.85600929399E-05
2024.09.04 04:00:00,1.8550626919E-05
2024.09.04 05:00:00,1.85420867638E-05
2024.09.04 06:00:00,1.85324024642E-05
2024.09.04 07:00:00,1.85152548511E-05
2024.09.04 08:00:00,1.84901746252E-05
2024.09.04 09:00:00,1.84610762517E-05
2024.09.04 10:00:00,1.84687978617E-05
2024.09.04 11:00:00,1.84798900591E-05
2024.09.04 12:00:00,1.84631717275E-05
2024.09.04 13:00:00,1.8457254555E-05
2024.09.04 14:00:00,1.84613509191E-05
2024.09.04 15:00:00,1.84562741197E-05
2024.09.04 16:00:00,1.84387918125E-05
2024.09.04 17:00:00,1.8417596948E-05
2024.09.04 18:00:00,1.84083692147E-05
2024.09.04 19:00:00,1.84140826605E-05
2024.09.04 20:00:00,1.84243745025E-05
2024.09.04 21:00:00,1.84248929145E-05
2024.09.04 22:00:00,1.84256186913E-05
2024.09.04 23:00:00,1.84201035154E-05
2024.09.05 00:00:00,1.8413646103E-05
2024.09.05 01:00:00,1.84034888662E-05
2024.09.05 02:00:00,1.83905758604E-05
2024.09.05 03:00:00,1.83785432455E-05
2024.09.05 04:00:00,1.83666707017E-05
2024.09.05 05:00:00,1.83536631084E-05
2024.09.05 06:00:00,1.83412466868E-05
2024.09.05 07:00:00,1.83272368304E-05
2024.09.05 08:00:00,1.8309612642E-05
2024.09.05 09:00:00,1.82772091648E-05
2024.09.05 10:00:00,1.82651347131E-05
2024.09.05 11:00:00,1.82597941603E-05
2024.09.05 12:00:00,1.82431067515E-05
2024.09.05 13:00:00,1.82213316293E-05
2024.09.05 14:00:00,1.82054354809E-05
2024.09.05 15:00:00,1.81796913239E-05
2024.09.05 16:00:00,1.81648701982E-05
2024.09.05 17:00:00,1.81584528036E-05
2024.09.05 18:00:00,1.81712839549E-05
2024.09.05 19:00:00,1.81713967322E-05
2024.09.05 20:00:00,1.8173323042E-05
2024.09.05 21:00:00,1.81784816959E-05
2024.09.05 22:00:00,1.81789328053E-05
2024.09.05 23:00:00,1.81800878636E-05
2024.09.06 00:00:00,1.81787472684E-05
2024.09.06 01:00:00,1.81683026312E-05
2024.09.06 02:00:00,1.81649320439E-05
2024.09.06 03:00:00,1.81590385182E-05
2024.09.06 04:00:00,1.81487612281E-05
2024.09.06 05:00:00,1.81478644663E-05
2024.09.06 06:00:00,1.81427803909E-05
2024.09.06 07:00:00,1.81334380613E-05
2024.09.06 08:00:00,1.8131428078E-05
2024.09.06 09:00:00,1.81263003469E-05
2024.09.06 10:00:00,1.81113246072E-05
2024.09.06 11:00:00,1.81122486538E-05
2024.09.06 12:00:00,1.81073100975E-05
2024.09.06 13:00:00,1.80997121788E-05
2024.09.06 14:00:00,1.79353464773E-05
2024.09.06 15:00:00,1.80941733561E-05
2024.09.06 16:00:00,1.61967782333E-05
2024.09.06 17:00:00,1.79956150532E-05
2024.09.06 18:00:00,1.80699389603E-05
2024.09.06 19:00:00,1.8062768504E-05
2024.09.06 20:00:00,1.80478109542E-05
2024.09.06 21:00:00,1.8052473024E-05
2024.09.06 22:00:00,1.80475908564E-05
2024.09.06 23:00:00,1.80256738531E-05
2024.09.07 00:00:00,1.79984454007E-05
2024.09.07 01:00:00,1.79374910658E-05
2024.09.07 02:00:00,1.79359503818E-05
2024.09.07 03:00:00,1.79638045665E-05
2024.09.07 04:00:00,1.78884565685E-05
2024.09.07 05:00:00,1.79056114575E-05
2024.09.07 06:00:00,1.78655591299E-05
2024.09.07 07:00:00,1.79178059625E-05
2024.09.07 08:00:00,1.79384715011E-05
2024.09.07 09:00:00,1.79450653377E-05
2024.09.07 10:00:00,1.79571252374E-05
2024.09.07 11:00:00,1.79558082891E-05
2024.09.07 12:00:00,1.79513790499E-05
2024.09.07 13:00:00,1.79460930667E-05
2024.09.07 14:00:00,1.79461603693E-05
2024.09.07 15:00:00,1.79460130312E-05
2024.09.07 16:00:00,1.79405687959E-05
2024.09.07 17:00:00,1.79229173227E-05
2024.09.07 18:00:00,1.79020571522E-05
2024.09.07 19:00:00,1.78909067472E-05
2024.09.07 20:00:00,1.78852988029E-05
2024.09.07 21:00:00,1.78776244866E-05
2024.09.07 22:00:00,1.7875654521E-05
2024.09.07 23:00:00,1.787205656E-05
2024.09.08 00:00:00,1.78645750566E-05
2024.09.08 01:00:00,1.78602222149E-05
2024.09.08 02:00:00,1.78587943083E-05
2024.09.08 03:00:00,1.78461650648E-05
2024.09.08 04:00:00,1.78368336492E-05
2024.09.08 05:00:00,1.78138961928E-05
2024.09.08 06:00:00,1.78015379788E-05
2024.09.08 07:00:00,1.77958118002E-05
2024.09.08 08:00:00,1.77768379217E-05
2024.09.08 09:00:00,1.77538404387E-05
2024.09.08 10:00:00,1.7725293219E-05
2024.09.08 11:00:00,1.76603844011E-05
2024.09.08 12:00:00,1.75908280653E-05
2024.09.08 13:00:00,1.75920231413E-05
2024.09.08 14:00:00,1.7587619368E-05
2024.09.08 15:00:00,1.75988279807E-05
2024.09.08 16:00:00,1.75827390194E-05
2024.09.08 17:00:00,1.75084533112E-05
2024.09.08 18:00:00,1.7526504962E-05
2024.09.08 19:00:00,1.74569249793E-05
2024.09.08 20:00:00,1.74661035999E-05
2024.09.08 21:00:00,1.73477092176E-05
2024.09.08 22:00:00,1.73042717506E-05
2024.09.08 23:00:00,1.7246522475E-05
2024.09.09 00:00:00,1.72438521986E-05
2024.09.09 01:00:00,1.72572526935E-05
2024.09.09 02:00:00,1.72619402292E-05
2024.09.09 03:00:00,1.72670297616E-05
2024.09.09 04:00:00,1.72182772076E-05
2024.09.09 05:00:00,1.72143736563E-05
2024.09.09 06:00:00,1.72326945176E-05
2024.09.09 07:00:00,1.72366744664E-05
2024.09.09 08:00:00,1.72365289473E-05
2024.09.09 09:00:00,1.72424333869E-05
2024.09.09 10:00:00,1.72411564563E-05
2024.09.09 11:00:00,1.72378877323E-05
2024.09.09 12:00:00,1.72291147464E-05
2024.09.09 13:00:00,1.72141899384E-05
2024.09.09 14:00:00,1.71906813193E-05
2024.09.09 15:00:00,1.71737719938E-05
2024.09.09 16:00:00,1.71594256244E-05
2024.09.09 17:00:00,1.71387109731E-05
2024.09.09 18:00:00,1.71169904206E-05
2024.09.09 19:00:00,1.71058654814E-05
2024.09.09 20:00:00,1.71030824276E-05
2024.09.09 21:00:00,1.71017563844E-05
2024.09.09 22:00:00,1.7100093828E-05
2024.09.09 23:00:00,1.71031406353E-05
2024.09.10 00:00:00,1.71037208929E-05
2024.09.10 01:00:00,1.71066385519E-05
2024.09.10 02:00:00,1.71071824298E-05
2024.09.10 03:00:00,1.71082356246E-05
2024.09.10 04:00:00,1.71033861989E-05
2024.09.10 05:00:00,1.71030660567E-05
2024.09.10 06:00:00,1.71001629496E-05
2024.09.10 07:00:00,1.70993171196E-05
2024.09.10 08:00:00,1.70951916516E-05
2024.09.10 09:00:00,1.70918792719E-05
2024.09.10 10:00:00,1.70890743902E-05
2024.09.10 11:00:00,1.7079501049E-05
2024.09.10 12:00:00,1.70507810253E-05
2024.09.10 13:00:00,1.70525854628E-05
2024.09.10 14:00:00,1.70464682014E-05
2024.09.10 15:00:00,1.70233906829E-05
2024.09.10 16:00:00,1.70019247889E-05
2024.09.10 17:00:00,1.69868890225E-05
2024.09.10 18:00:00,1.697564403E-05
2024.09.10 19:00:00,1.69814575202E-05
2024.09.10 20:00:00,1.69867325894E-05
2024.09.10 21:00:00,1.69846953213E-05
2024.09.10 22:00:00,1.6982683519E-05
2024.09.10 23:00:00,1.6985441107E-05
2024.09.11 00:00:00,1.69860995811E-05
2024.09.11 01:00:00,1.69852701219E-05
2024.09.11 02:00:00,1.69849845406E-05
2024.09.11 03:00:00,1.69857867149E-05
2024.09.11 04:00:00,1.6976164261E-05
2024.09.11 05:00:00,1.69709473994E-05
2024.09.11 06:00:00,1.6963465896E-05
2024.09.11 07:00:00,1.69657887454E-05
2024.09.11 08:00:00,1.69634204212E-05
2024.09.11 09:00:00,1.69583709067E-05
2024.09.11 10:00:00,1.69543855009E-05
2024.09.11 11:00:00,1.69478771568E-05
2024.09.11 12:00:00,1.69462582562E-05
2024.09.11 13:00:00,1.69460727193E-05
2024.09.11 14:00:00,1.69440372702E-05
2024.09.11 15:00:00,1.6940117348E-05
2024.09.11 16:00:00,1.69351187651E-05
2024.09.11 17:00:00,1.69312170328E-05
2024.09.11 18:00:00,1.69276790984E-05
2024.09.11 19:00:00,1.69262566487E-05
2024.09.11 20:00:00,1.69261911651E-05
2024.09.11 21:00:00,1.69233535416E-05
2024.09.11 22:00:00,1.69226605067E-05
2024.09.11 23:00:00,1.69217637449E-05
2024.09.12 00:00:00,1.69102295331E-05
2024.09.12 01:00:00,1.69072936842E-05
2024.09.12 02:00:00,1.69047216332E-05
2024.09.12 03:00:00,1.69016384461E-05
2024.09.12 04:00:00,1.68899186974E-05
2024.09.12 05:00:00,1.68910646607E-05
2024.09.12 06:00:00,1.68909009517E-05
2024.09.12 07:00:00,1.68922306329E-05
2024.09.12 08:00:00,1.6891019186E-05
2024.09.12 09:00:00,1.68876304087E-05
2024.09.12 10:00:00,1.68837123056E-05
2024.09.12 11:00:00,1.68790702446E-05
2024.09.12 12:00:00,1.68769001903E-05
2024.09.12 13:00:00,1.68757778738E-05
2024.09.12 14:00:00,1.687625263E-05
2024.09.12 15:00:00,1.68757851498E-05
2024.09.12 16:00:00,1.68742535607E-05
2024.09.12 17:00:00,1.68707101693E-05
2024.09.12 18:00:00,1.68672759173E-05
2024.09.12 19:00:00,1.68659771589E-05
2024.09.12 20:00:00,1.68648330146E-05
2024.09.12 21:00:00,1.6862868506E-05
2024.09.12 22:00:00,1.68611131812E-05
2024.09.12 23:00:00,1.6858750314E-05
2024.09.13 00:00:00,1.68550886883E-05
2024.09.13 01:00:00,1.68519036379E-05
2024.09.13 02:00:00,1.68433834915E-05
2024.09.13 03:00:00,1.68318365468E-05
2024.09.13 04:00:00,1.68372316693E-05
2024.09.13 05:00:00,1.68356455106E-05
2024.09.13 06:00:00,1.68327660504E-05
2024.09.13 07:00:00,1.68272581504E-05
2024.09.13 08:00:00,1.68223104993E-05
2024.09.13 09:00:00,1.68158203451E-05
2024.09.13 10:00:00,1.68102487805E-05
2024.09.13 11:00:00,1.68111146195E-05
2024.09.13 12:00:00,1.6813082766E-05
2024.09.13 13:00:00,1.68158821907E-05
2024.09.13 14:00:00,1.68061360455E-05
2024.09.13 15:00:00,1.67964626598E-05
2024.09.13 16:00:00,1.67946272995E-05
2024.09.13 17:00:00,1.67920716194E-05
2024.09.13 18:00:00,1.67916132341E-05
2024.09.13 19:00:00,1.67938978848E-05
2024.09.13 20:00:00,1.67947000591E-05
2024.09.13 21:00:00,1.67963062268E-05
2024.09.13 22:00:00,1.67966609297E-05
2024.09.13 23:00:00,1.67956495716E-05
2024.09.14 00:00:00,1.67934540514E-05
2024.09.14 01:00:00,1.67921552929E-05
2024.09.14 02:00:00,1.67906582647E-05
2024.09.14 03:00:00,1.67897233041E-05
2024.09.14 04:00:00,1.67881262314E-05
2024.09.14 05:00:00,1.67862908711E-05
2024.09.14 06:00:00,1.67836060427E-05
2024.09.14 07:00:00,1.67796297319E-05
2024.09.14 08:00:00,1.67722155311E-05
2024.09.14 09:00:00,1.67605867318E-05
2024.09.14 10:00:00,1.67534362845E-05
2024.09.14 11:00:00,1.67518628587E-05
2024.09.14 12:00:00,1.67451780726E-05
2024.09.14 13:00:00,1.6741152649E-05
2024.09.14 14:00:00,1.67391590367E-05
2024.09.14 15:00:00,1.67304442584E-05
2024.09.14 16:00:00,1.67253456311E-05
2024.09.14 17:00:00,1.67199086718E-05
2024.09.14 18:00:00,1.67209218489E-05
2024.09.14 19:00:00,1.6724157831E-05
2024.09.14 20:00:00,1.672759754E-05
2024.09.14 21:00:00,1.67303205671E-05
2024.09.14 22:00:00,1.67302550835E-05
2024.09.14 23:00:00,1.67277448782E-05
2024.09.15 00:00:00,1.67257549037E-05
2024.09.15 01:00:00,1.67215603142E-05
2024.09.15 02:00:00,1.67197213159E-05
2024.09.15 03:00:00,1.671678001E-05
2024.09.15 04:00:00,1.67145808518E-05
2024.09.15 05:00:00,1.67088437593E-05
2024.09.15 06:00:00,1.67043781403E-05
2024.09.15 07:00:00,1.66935205925E-05
2024.09.15 08:00:00,1.66765039467E-05
2024.09.15 09:00:00,1.6652753402E-05
2024.09.15 10:00:00,1.66437621374E-05
2024.09.15 11:00:00,1.66648260347E-05
2024.09.15 12:00:00,1.66722511494E-05
2024.09.15 13:00:00,1.66785994224E-05
2024.09.15 14:00:00,1.66789832292E-05
2024.09.15 15:00:00,1.66733025253E-05
2024.09.15 16:00:00,1.66652680491E-05
2024.09.15 17:00:00,1.66614354384E-05
2024.09.15 18:00:00,1.66620811797E-05
2024.09.15 19:00:00,1.66629979503E-05
2024.09.15 20:00:00,1.66637946677E-05
2024.09.15 21:00:00,1.66628451552E-05
2024.09.15 22:00:00,1.66599038494E-05
2024.09.15 23:00:00,1.66559257195E-05
2024.09.16 00:00:00,1.66508980328E-05
2024.09.16 01:00:00,1.66442951013E-05
2024.09.16 02:00:00,1.66389436345E-05
2024.09.16 03:00:00,1.66313402588E-05
2024.09.16 04:00:00,1.66201134562E-05
2024.09.16 05:00:00,1.66084046214E-05
2024.09.16 06:00:00,1.65945220942E-05
2024.09.16 07:00:00,1.65883411682E-05
2024.09.16 08:00:00,1.65803903656E-05
2024.09.16 09:00:00,1.65744368132E-05
2024.09.16 10:00:00,1.65677374753E-05
2024.09.16 11:00:00,1.65617639141E-05
2024.09.16 12:00:00,1.65568599186E-05
2024.09.16 13:00:00,1.65561759786E-05
2024.09.16 14:00:00,1.65549736266E-05
2024.09.16 15:00:00,1.65537585417E-05
2024.09.16 16:00:00,1.65568981174E-05
2024.09.16 17:00:00,1.65513374668E-05
2024.09.16 18:00:00,1.65519522852E-05
2024.09.16 19:00:00,1.65492274391E-05
2024.09.16 20:00:00,1.65387373272E-05
2024.09.16 21:00:00,1.65433175425E-05
2024.09.16 22:00:00,1.65422188729E-05
2024.09.16 23:00:00,1.65398760146E-05
2024.09.17 00:00:00,1.65362835105E-05
2024.09.17 01:00:00,1.65309829754E-05
2024.09.17 02:00:00,1.65238998306E-05
2024.09.17 03:00:00,1.65185665537E-05
2024.09.17 04:00:00,1.65120090969E-05
2024.09.17 05:00:00,1.65092988027E-05
2024.09.17 06:00:00,1.6501868231E-05
2024.09.17 07:00:00,1.64995763043E-05
2024.09.17 08:00:00,1.64955999935E-05
2024.09.17 09:00:00,1.6488816982E-05
2024.09.17 10:00:00,1.64811281138E-05
2024.09.17 11:00:00,1.64759076142E-05
2024.09.17 12:00:00,1.64621906151E-05
2024.09.17 13:00:00,1.6461181076E-05
2024.09.17 14:00:00,1.64551092894E-05
2024.09.17 15:00:00,1.64401590155E-05
2024.09.17 16:00:00,1.64379889611E-05
2024.09.17 17:00:00,1.64412103913E-05
2024.09.17 18:00:00,1.64399079949E-05
2024.09.17 19:00:00,1.64422745002E-05
2024.09.17 20:00:00,1.64444481925E-05
2024.09.17 21:00:00,1.64483371918E-05
2024.09.17 22:00:00,1.64494231285E-05
2024.09.17 23:00:00,1.64501452673E-05
2024.09.18 00:00:00,1.64492612384E-05
2024.09.18 01:00:00,1.6449515897E-05
2024.09.18 02:00:00,1.64488519658E-05
2024.09.18 03:00:00,1.64478551596E-05
2024.09.18 04:00:00,1.64466218848E-05
2024.09.18 05:00:00,1.64433186001E-05
2024.09.18 06:00:00,1.64406337717E-05
2024.09.18 07:00:00,1.64351076819E-05
2024.09.18 08:00:00,1.64284519997E-05
2024.09.18 09:00:00,1.64188822964E-05
2024.09.18 10:00:00,1.64058110386E-05
2024.09.18 11:00:00,1.63929362316E-05
2024.09.18 12:00:00,1.63864187925E-05
2024.09.18 13:00:00,1.63850181707E-05
2024.09.18 14:00:00,1.63904023793E-05
2024.09.18 15:00:00,1.63919921761E-05
2024.09.18 16:00:00,1.63933655131E-05
2024.09.18 17:00:00,1.63939366757E-05
2024.09.18 18:00:00,1.63959193742E-05
2024.09.18 19:00:00,1.63959612109E-05
2024.09.18 20:00:00,1.63963813975E-05
2024.09.18 21:00:00,1.63969561982E-05
2024.09.18 22:00:00,1.63940439961E-05
2024.09.18 23:00:00,1.63901058841E-05
2024.09.19 00:00:00,1.63850399986E-05
2024.09.19 01:00:00,1.6378440705E-05
2024.09.19 02:00:00,1.63710374181E-05
2024.09.19 03:00:00,1.63622444234E-05
2024.09.19 04:00:00,1.6353727915E-05
2024.09.19 05:00:00,1.63482145581E-05
2024.09.19 06:00:00,1.63440927281E-05
2024.09.19 07:00:00,1.63418262673E-05
2024.09.19 08:00:00,1.63334298122E-05
2024.09.19 09:00:00,1.63177228387E-05
2024.09.19 10:00:00,1.63138010976E-05
2024.09.19 11:00:00,1.6311661966E-05
2024.09.19 12:00:00,1.63167824212E-05
2024.09.19 13:00:00,1.6329169739E-05
2024.09.19 14:00:00,1.63382519531E-05
2024.09.19 15:00:00,1.63444037753E-05
2024.09.19 16:00:00,1.63498425536E-05
2024.09.19 17:00:00,1.63524218806E-05
2024.09.19 18:00:00,1.63566983247E-05
2024.09.19 19:00:00,1.63582208188E-05
2024.09.19 20:00:00,1.63588229043E-05
2024.09.19 21:00:00,1.6357322238E-05
2024.09.19 22:00:00,1.63550339494E-05
2024.09.19 23:00:00,1.63509503182E-05
2024.09.20 00:00:00,1.63476743182E-05
2024.09.20 01:00:00,1.63448330568E-05
2024.09.20 02:00:00,1.63415643328E-05
2024.09.20 03:00:00,1.63374006661E-05
2024.09.20 04:00:00,1.63323293236E-05
2024.09.20 05:00:00,1.63240802067E-05
2024.09.20 06:00:00,1.62981486937E-05
2024.09.20 07:00:00,1.62996038853E-05
2024.09.20 08:00:00,1.63000186149E-05
2024.09.20 09:00:00,1.62952837854E-05
2024.09.20 10:00:00,1.62876076502E-05
2024.09.20 11:00:00,1.62771393661E-05
2024.09.20 12:00:00,1.6261883502E-05
2024.09.20 13:00:00,1.62616743182E-05
2024.09.20 14:00:00,1.62635751622E-05
2024.09.20 15:00:00,1.62571232067E-05
2024.09.20 16:00:00,1.6249525288E-05
2024.09.20 17:00:00,1.62517790159E-05
2024.09.20 18:00:00,1.62561264005E-05
2024.09.20 19:00:00,1.62637425092E-05
2024.09.20 20:00:00,1.62706674018E-05
2024.09.20 21:00:00,1.62713986356E-05
2024.09.20 22:00:00,1.62745109265E-05
2024.09.20 23:00:00,1.62744727277E-05
2024.09.21 00:00:00,1.61663137987E-05
2024.09.21 01:00:00,1.62060550792E-05
2024.09.21 02:00:00,1.62501401064E-05
2024.09.21 03:00:00,1.62586075021E-05
2024.09.21 04:00:00,1.62402739079E-05
2024.09.21 05:00:00,1.62438991538E-05
2024.09.21 06:00:00,1.62547348737E-05
2024.09.21 07:00:00,1.62540236488E-05
2024.09.21 08:00:00,1.62489232025E-05
2024.09.21 09:00:00,1.62456781254E-05
2024.09.21 10:00:00,1.62403703143E-05
2024.09.21 11:00:00,1.6238713215E-05
2024.09.21 12:00:00,1.62391370395E-05
2024.09.21 13:00:00,1.62397700478E-05
2024.09.21 14:00:00,1.62406613526E-05
2024.09.21 15:00:00,1.62235301104E-05
2024.09.21 16:00:00,1.62037194968E-05
2024.09.21 17:00:00,1.62081796589E-05
2024.09.21 18:00:00,1.62015312526E-05
2024.09.21 19:00:00,1.62061369338E-05
2024.09.21 20:00:00,1.62056094268E-05
2024.09.21 21:00:00,1.62046217156E-05
2024.09.21 22:00:00,1.6203350242E-05
2024.09.21 23:00:00,1.62027845363E-05
2024.09.22 00:00:00,1.6201292965E-05
2024.09.22 01:00:00,1.6198200683E-05
2024.09.22 02:00:00,1.61935004144E-05
2024.09.22 03:00:00,1.6187565052E-05
2024.09.22 04:00:00,1.61838270287E-05
2024.09.22 05:00:00,1.61809093697E-05
2024.09.22 06:00:00,1.61784355441E-05
2024.09.22 07:00:00,1.61753923749E-05
2024.09.22 08:00:00,1.61716816365E-05
2024.09.22 09:00:00,1.6147218048E-05
2024.09.22 10:00:00,1.61280768225E-05
2024.09.22 11:00:00,1.60416930157E-05
2024.09.22 12:00:00,1.60162180691E-05
2024.09.22 13:00:00,1.60640865943E-05
2024.09.22 14:00:00,1.608799721E-05
2024.09.22 15:00:00,1.61063726409E-05
2024.09.22 16:00:00,1.61062362167E-05
2024.09.22 17:00:00,1.61027073773E-05
2024.09.22 18:00:00,1.60971085279E-05
2024.09.22 19:00:00,1.60934505402E-05
2024.09.22 20:00:00,1.60949457495E-05
2024.09.22 21:00:00,1.60925446835E-05
2024.09.22 22:00:00,1.60893396242E-05
2024.09.22 23:00:00,1.60845393111E-05
2024.09.23 00:00:00,1.60785821208E-05
2024.09.23 01:00:00,1.60390591191E-05
2024.09.23 02:00:00,1.60475974553E-05
2024.09.23 03:00:00,1.60202416737E-05
2024.09.23 04:00:00,1.6012640117E-05
2024.09.23 05:00:00,1.60108429554E-05
2024.09.23 06:00:00,1.60114759638E-05
2024.09.23 07:00:00,1.60051604325E-05
2024.09.23 08:00:00,1.59521932801E-05
2024.09.23 09:00:00,1.59507053468E-05
2024.09.23 10:00:00,1.59702176461E-05
2024.09.23 11:00:00,1.59656628966E-05
2024.09.23 12:00:00,1.59665123647E-05
2024.09.23 13:00:00,1.59691699082E-05
2024.09.23 14:00:00,1.59681385412E-05
2024.09.23 15:00:00,1.59624505613E-05
2024.09.23 16:00:00,1.59640949278E-05
2024.09.23 17:00:00,1.59651408467E-05
2024.09.23 18:00:00,1.59692426678E-05
2024.09.23 19:00:00,1.59592236741E-05
2024.09.23 20:00:00,1.59667597472E-05
2024.09.23 21:00:00,1.59649862326E-05
2024.09.23 22:00:00,1.59406754392E-05
2024.09.23 23:00:00,1.59548326337E-05
2024.09.24 00:00:00,1.59532282851E-05
2024.09.24 01:00:00,1.59515111591E-05
2024.09.24 02:00:00,1.59464652825E-05
2024.09.24 03:00:00,1.5940358935E-05
2024.09.24 04:00:00,1.59323881235E-05
2024.09.24 05:00:00,1.59210885613E-05
2024.09.24 06:00:00,1.59060982696E-05
2024.09.24 07:00:00,1.58845141414E-05
2024.09.24 08:00:00,1.58583989105E-05
2024.09.24 09:00:00,1.58555067173E-05
2024.09.24 10:00:00,1.58680304594E-05
2024.09.24 11:00:00,1.58737893798E-05
2024.09.24 12:00:00,1.58521525009E-05
2024.09.24 13:00:00,1.58581187861E-05
2024.09.24 14:00:00,1.58570164785E-05
2024.09.24 15:00:00,1.58599978022E-05
2024.09.24 16:00:00,1.58680250024E-05
2024.09.24 17:00:00,1.58666189236E-05
2024.09.24 18:00:00,1.58706989168E-05
2024.09.24 19:00:00,1.5869298295E-05
2024.09.24 20:00:00,1.58657312568E-05
2024.09.24 21:00:00,1.58634720719E-05
2024.09.24 22:00:00,1.58522525453E-05
2024.09.24 23:00:00,1.58289458341E-05
2024.09.25 00:00:00,1.58266320796E-05
2024.09.25 01:00:00,1.58245657076E-05
2024.09.25 02:00:00,1.58108305186E-05
2024.09.25 03:00:00,1.58031216415E-05
2024.09.25 04:00:00,1.57990671141E-05
2024.09.25 05:00:00,1.57936992764E-05
2024.09.25 06:00:00,1.57884824148E-05
2024.09.25 07:00:00,1.57601953106E-05
2024.09.25 08:00:00,1.57574195327E-05
2024.09.25 09:00:00,1.57468948601E-05
2024.09.25 10:00:00,1.57611866598E-05
2024.09.25 11:00:00,1.57599115482E-05
2024.09.25 12:00:00,1.57600698003E-05
2024.09.25 13:00:00,1.57584981935E-05
2024.09.25 14:00:00,1.57547401614E-05
2024.09.25 15:00:00,1.57497070177E-05
2024.09.25 16:00:00,1.57487083925E-05
2024.09.25 17:00:00,1.57457361638E-05
2024.09.25 18:00:00,1.57418035087E-05
2024.09.25 19:00:00,1.57448193931E-05
2024.09.25 20:00:00,1.57432859851E-05
2024.09.25 21:00:00,1.57413360284E-05
2024.09.25 22:00:00,1.57388985826E-05
2024.09.25 23:00:00,1.57373742695E-05
2024.09.26 00:00:00,1.57362428581E-05
2024.09.26 01:00:00,1.57352151291E-05
2024.09.26 02:00:00,1.57343474712E-05
2024.09.26 03:00:00,1.57327121997E-05
2024.09.26 04:00:00,1.57304548338E-05
2024.09.26 05:00:00,1.57267531904E-05
2024.09.26 06:00:00,1.57214362844E-05
2024.09.26 07:00:00,1.57152062457E-05
2024.09.26 08:00:00,1.5708452338E-05
2024.09.26 09:00:00,1.56997466547E-05
2024.09.26 10:00:00,1.56907262863E-05
2024.09.26 11:00:00,1.56836777023E-05
2024.09.26 12:00:00,1.56754649652E-05
2024.09.26 13:00:00,1.56683545356E-05
2024.09.26 14:00:00,1.56594014697E-05
2024.09.26 15:00:00,1.56527530635E-05
2024.09.26 16:00:00,1.56504629558E-05
2024.09.26 17:00:00,1.56490950758E-05
2024.09.26 18:00:00,1.56504011102E-05
2024.09.26 19:00:00,1.56519272423E-05
2024.09.26 20:00:00,1.56536025315E-05
2024.09.26 21:00:00,1.56536207214E-05
2024.09.26 22:00:00,1.56527239596E-05
2024.09.26 23:00:00,1.56500736921E-05
2024.09.27 00:00:00,1.56464484462E-05
2024.09.27 01:00:00,1.56413734658E-05
2024.09.27 02:00:00,1.56361238624E-05
2024.09.27 03:00:00,1.56306068675E-05
2024.09.27 04:00:00,1.56250807777E-05
2024.09.27 05:00:00,1.56220612553E-05
2024.09.27 06:00:00,1.56192636496E-05
2024.09.27 07:00:00,1.56156474986E-05
2024.09.27 08:00:00,1.56144669745E-05
2024.09.27 09:00:00,1.56120313477E-05
2024.09.27 10:00:00,1.56098631123E-05
2024.09.27 11:00:00,1.56041460286E-05
2024.09.27 12:00:00,1.5587605958E-05
2024.09.27 13:00:00,1.55717461894E-05
2024.09.27 14:00:00,1.5573703422E-05
2024.09.27 15:00:00,1.55714897119E-05
2024.09.27 16:00:00,1.55600282596E-05
2024.09.27 17:00:00,1.55471952894E-05
2024.09.27 18:00:00,1.5533705664E-05
2024.09.27 19:00:00,1.55217421707E-05
2024.09.27 20:00:00,1.5509844161E-05
2024.09.27 21:00:00,1.54963727255E-05
2024.09.27 22:00:00,1.54842291522E-05
2024.09.27 23:00:00,1.54708577611E-05
2024.09.28 00:00:00,1.54566987476E-05
2024.09.28 01:00:00,1.53971668624E-05
2024.09.28 02:00:00,1.54160716193E-05
2024.09.28 03:00:00,1.54178869707E-05
2024.09.28 04:00:00,1.54118533828E-05
2024.09.28 05:00:00,1.54042973008E-05
2024.09.28 06:00:00,1.53964356286E-05
2024.09.28 07:00:00,1.53871878865E-05
2024.09.28 08:00:00,1.53768960445E-05
2024.09.28 09:00:00,1.53629989654E-05
2024.09.28 10:00:00,1.53417640831E-05
2024.09.28 11:00:00,1.53219571075E-05
2024.09.28 12:00:00,1.5310552044E-05
2024.09.28 13:00:00,1.53024375322E-05
2024.09.28 14:00:00,1.52871853061E-05
2024.09.28 15:00:00,1.52756838361E-05
2024.09.28 16:00:00,1.52699085447E-05
2024.09.28 17:00:00,1.52641823661E-05
2024.09.28 18:00:00,1.52617667482E-05
2024.09.28 19:00:00,1.52582160808E-05
2024.09.28 20:00:00,1.52542315845E-05
2024.09.28 21:00:00,1.52516795424E-05
2024.09.28 22:00:00,1.52500997501E-05
2024.09.28 23:00:00,1.52445127242E-05
2024.09.29 00:00:00,1.52401935338E-05
2024.09.29 01:00:00,1.52349421114E-05
2024.09.29 02:00:00,1.52298625835E-05
2024.09.29 03:00:00,1.52251632244E-05
2024.09.29 04:00:00,1.52186794367E-05
2024.09.29 05:00:00,1.52139537022E-05
2024.09.29 06:00:00,1.52108932525E-05
2024.09.29 07:00:00,1.52073134814E-05
2024.09.29 08:00:00,1.52025186253E-05
2024.09.29 09:00:00,1.51962476593E-05
2024.09.29 10:00:00,1.51899494085E-05
2024.09.29 11:00:00,1.51773483594E-05
2024.09.29 12:00:00,1.51579379235E-05
2024.09.29 13:00:00,1.51453541548E-05
2024.09.29 14:00:00,1.51430167534E-05
2024.09.29 15:00:00,1.51370577441E-05
2024.09.29 16:00:00,1.51326375999E-05
2024.09.29 17:00:00,1.51317417476E-05
2024.09.29 18:00:00,1.51339590957E-05
2024.09.29 19:00:00,1.51341992023E-05
2024.09.29 20:00:00,1.51326994455E-05
2024.09.29 21:00:00,1.51298354467E-05
2024.09.29 22:00:00,1.51268086483E-05
2024.09.29 23:00:00,1.51239537445E-05
2024.09.30 00:00:00,1.51203603309E-05
2024.09.30 01:00:00,1.51169970195E-05
2024.09.30 02:00:00,1.51111808009E-05
2024.09.30 03:00:00,1.51039275806E-05
2024.09.30 04:00:00,1.50963933265E-05
2024.09.30 05:00:00,1.50883242895E-05
2024.09.30 06:00:00,1.50796686285E-05
2024.09.30 07:00:00,1.50740206664E-05
2024.09.30 08:00:00,1.50669839059E-05
2024.09.30 09:00:00,1.50621635839E-05
2024.09.30 10:00:00,1.50527221194E-05
2024.09.30 11:00:00,1.50356654558E-05
2024.09.30 12:00:00,1.5025585526E-05
2024.09.30 13:00:00,1.5026535948E-05
2024.09.30 14:00:00,1.50269470396E-05
2024.09.30 15:00:00,1.50218265844E-05
2024.09.30 16:00:00,1.50201067299E-05
2024.09.30 17:00:00,1.5020099454E-05
2024.09.30 18:00:00,1.50229616338E-05
2024.09.30 19:00:00,1.50235237015E-05
2024.09.30 20:00:00,1.50215964823E-05
2024.09.30 21:00:00,1.50185469465E-05
2024.09.30 22:00:00,1.50148116518E-05
2024.09.30 23:00:00,1.50122523337E-05
2024.10.01 00:00:00,1.50111100083E-05
2024.10.01 01:00:00,1.50083224071E-05
2024.10.01 02:00:00,1.50008891069E-05
2024.10.01 03:00:00,1.49932002387E-05
2024.10.01 04:00:00,1.49870693349E-05
2024.10.01 05:00:00,1.49808656715E-05
2024.10.01 06:00:00,1.4975544218E-05
2024.10.01 07:00:00,1.49709421748E-05
2024.10.01 08:00:00,1.49664792843E-05
2024.10.01 09:00:00,1.49579218487E-05
2024.10.01 10:00:00,1.4944652321E-05
2024.10.01 11:00:00,1.45374378917E-05
2024.10.01 12:00:00,1.47648997881E-05
2024.10.01 13:00:00,1.49278384924E-05
2024.10.01 14:00:00,1.49386123667E-05
2024.10.01 15:00:00,1.49416810018E-05
2024.10.01 16:00:00,1.49415454871E-05
2024.10.01 17:00:00,1.49398565554E-05
2024.10.01 18:00:00,1.49206744027E-05
2024.10.01 19:00:00,1.49281249833E-05
2024.10.01 20:00:00,1.49210709424E-05
2024.10.01 21:00:00,1.491830335E-05
2024.10.01 22:00:00,1.49001516547E-05
2024.10.01 23:00:00,1.49090574268E-05
2024.10.02 00:00:00,1.49107063407E-05
2024.10.02 01:00:00,1.49138331835E-05
2024.10.02 02:00:00,1.49163088281E-05
2024.10.02 03:00:00,1.49146699187E-05
2024.10.02 04:00:00,1.49104498632E-05
2024.10.02 05:00:00,1.49051156768E-05
2024.10.02 06:00:00,1.48992612594E-05
2024.10.02 07:00:00,1.48930930663E-05
2024.10.02 08:00:00,1.48842927956E-05
2024.10.02 09:00:00,1.48736853589E-05
2024.10.02 10:00:00,1.48714543684E-05
2024.10.02 11:00:00,1.48787521539E-05
2024.10.02 12:00:00,1.48833605635E-05
2024.10.02 13:00:00,1.48838125824E-05
2024.10.02 14:00:00,1.48801791511E-05
2024.10.02 15:00:00,1.48779026858E-05
2024.10.02 16:00:00,1.48763374455E-05
2024.10.02 17:00:00,1.48730105138E-05
2024.10.02 18:00:00,1.48711305883E-05
2024.10.02 19:00:00,1.48690278365E-05
2024.10.02 20:00:00,1.48672479554E-05
2024.10.02 21:00:00,1.48662338688E-05
2024.10.02 22:00:00,1.4864568584E-05
2024.10.02 23:00:00,1.48621193148E-05
2024.10.03 00:00:00,1.48592716869E-05
2024.10.03 01:00:00,1.48568315126E-05
2024.10.03 02:00:00,1.48541912495E-05
2024.10.03 03:00:00,1.4853846551E-05
2024.10.03 04:00:00,1.48518402057E-05
2024.10.03 05:00:00,1.48483522935E-05
2024.10.03 06:00:00,1.48535718836E-05
2024.10.03 07:00:00,1.48672970681E-05
2024.10.03 08:00:00,1.48756207636E-05
2024.10.03 09:00:00,1.48805938807E-05
2024.10.03 10:00:00,1.4885350538E-05
2024.10.03 11:00:00,1.4889889826E-05
2024.10.03 12:00:00,1.37380611704E-05
2024.10.03 13:00:00,1.28437641251E-05
2024.10.03 14:00:00,1.31034657898E-05
2024.10.03 15:00:00,1.30952312247E-05
2024.10.03 16:00:00,1.37347433338E-05
2024.10.03 17:00:00,1.3965933249E-05
2024.10.03 18:00:00,1.41865748446E-05
2024.10.03 19:00:00,1.48149329107E-05
2024.10.03 20:00:00,1.48641793203E-05
2024.10.03 21:00:00,1.4875125089E-05
2024.10.03 22:00:00,1.48272838487E-05
2024.10.03 23:00:00,1.37852402986E-05
2024.10.04 00:00:00,1.42382568811E-05
2024.10.04 01:00:00,1.3763804418E-05
2024.10.04 02:00:00,1.31003134811E-05
2024.10.04 03:00:00,1.33515095513E-05
2024.10.04 04:00:00,1.47159025801E-05
2024.10.04 05:00:00,1.47963755808E-05
2024.10.04 06:00:00,1.47937889778E-05
2024.10.04 07:00:00,1.48064445966E-05
2024.10.04 08:00:00,1.48046838149E-05
2024.10.04 09:00:00,1.4795138668E-05
2024.10.04 10:00:00,1.48036260725E-05
2024.10.04 11:00:00,1.48036215251E-05
2024.10.04 12:00:00,1.48024046212E-05
2024.10.04 13:00:00,1.4801143152E-05
2024.10.04 14:00:00,1.4800885765E-05
2024.10.04 15:00:00,1.48001445268E-05
2024.10.04 16:00:00,1.47971322804E-05
2024.10.04 17:00:00,1.47868213389E-05
2024.10.04 18:00:00,1.4788779481E-05
2024.10.04 19:00:00,1.47847149492E-05
2024.10.04 20:00:00,1.47763093992E-05
2024.10.04 21:00:00,1.47699302033E-05
2024.10.04 22:00:00,1.47637047121E-05
2024.10.04 23:00:00,1.47592027133E-05
2024.10.05 00:00:00,1.4755565644E-05
2024.10.05 01:00:00,1.47570190165E-05
2024.10.05 02:00:00,1.47546979861E-05
2024.10.05 03:00:00,1.47550763359E-05
2024.10.05 04:00:00,1.47530463437E-05
2024.10.05 05:00:00,1.47515966091E-05
2024.10.05 06:00:00,1.47503251355E-05
2024.10.05 07:00:00,1.47496066347E-05
2024.10.05 08:00:00,1.4749987713E-05
2024.10.05 09:00:00,1.47500477397E-05
2024.10.05 10:00:00,1.47515665958E-05
2024.10.05 11:00:00,1.47535456563E-05
2024.10.05 12:00:00,1.47552855196E-05
2024.10.05 13:00:00,1.47573900904E-05
2024.10.05 14:00:00,1.47550163092E-05
2024.10.05 15:00:00,1.47495547935E-05
2024.10.05 16:00:00,1.47490318341E-05
2024.10.05 17:00:00,1.47469472722E-05
2024.10.05 18:00:00,1.47454420585E-05
2024.10.05 19:00:00,1.47411510625E-05
2024.10.05 20:00:00,1.47361151903E-05
2024.10.05 21:00:00,1.47388764162E-05
2024.10.05 22:00:00,1.47402997754E-05
2024.10.05 23:00:00,1.47416676555E-05
2024.10.06 00:00:00,1.4743036445E-05
2024.10.06 01:00:00,1.47440532601E-05
2024.10.06 02:00:00,1.47452146848E-05
2024.10.06 03:00:00,1.47463151734E-05
2024.10.06 04:00:00,1.47477585415E-05
2024.10.06 05:00:00,1.47496839418E-05
2024.10.06 06:00:00,1.47515847857E-05
2024.10.06 07:00:00,1.47528471643E-05
2024.10.06 08:00:00,1.47532928167E-05
2024.10.06 09:00:00,1.4751710296E-05
2024.10.06 10:00:00,1.47468717842E-05
2024.10.06 11:00:00,1.47400705828E-05
2024.10.06 12:00:00,1.47307546285E-05
2024.10.06 13:00:00,1.47265627675E-05
2024.10.06 14:00:00,1.47276832649E-05
2024.10.06 15:00:00,1.47050441228E-05
2024.10.06 16:00:00,1.47267464854E-05
2024.10.06 17:00:00,1.46919774124E-05
2024.10.06 18:00:00,1.46980573845E-05
2024.10.06 19:00:00,1.46732700159E-05
2024.10.06 20:00:00,1.4704588466E-05
2024.10.06 21:00:00,1.47127520904E-05
2024.10.06 22:00:00,1.47150667544E-05
2024.10.06 23:00:00,1.47149894474E-05
2024.10.07 00:00:00,1.47140226545E-05
2024.10.07 01:00:00,1.47122709677E-05
2024.10.07 02:00:00,1.47098317029E-05
2024.10.07 03:00:00,1.47065729834E-05
2024.10.07 04:00:00,1.47024011312E-05
2024.10.07 05:00:00,1.46980682985E-05
2024.10.07 06:00:00,1.46929833136E-05
2024.10.07 07:00:00,1.46874308484E-05
2024.10.07 08:00:00,1.46814063555E-05
2024.10.07 09:00:00,1.46746615428E-05
2024.10.07 10:00:00,1.46660158862E-05
2024.10.07 11:00:00,1.46551101352E-05
2024.10.07 12:00:00,1.46444890561E-05
2024.10.07 13:00:00,1.46426900756E-05
2024.10.07 14:00:00,1.4647243006E-05
2024.10.07 15:00:00,1.46528382174E-05
2024.10.07 16:00:00,1.46591419252E-05
2024.10.07 17:00:00,1.46645543282E-05
2024.10.07 18:00:00,1.46646252688E-05
2024.10.07 19:00:00,1.46696820593E-05
2024.10.07 20:00:00,1.4671448298E-05
2024.10.07 21:00:00,1.46656348079E-05
2024.10.07 22:00:00,1.46552602018E-05
2024.10.07 23:00:00,1.46495203808E-05
2024.10.08 00:00:00,1.46263528222E-05
2024.10.08 01:00:00,1.46086304085E-05
2024.10.08 02:00:00,1.46173588291E-05
2024.10.08 03:00:00,1.46224710988E-05
2024.10.08 04:00:00,1.4621936316E-05
2024.10.08 05:00:00,1.4627161363E-05
2024.10.08 06:00:00,1.46255970321E-05
2024.10.08 07:00:00,1.46181573655E-05
2024.10.08 08:00:00,1.46084103108E-05
2024.10.08 09:00:00,1.46135726027E-05
2024.10.08 10:00:00,1.46094980664E-05
2024.10.08 11:00:00,1.46032989505E-05
2024.10.08 12:00:00,1.46015745486E-05
2024.10.08 13:00:00,1.45832627823E-05
2024.10.08 14:00:00,1.45868953041E-05
2024.10.08 15:00:00,1.45800349856E-05
2024.10.08 16:00:00,1.45812964547E-05
2024.10.08 17:00:00,1.45789208545E-05
2024.10.08 18:00:00,1.45760750456E-05
2024.10.08 19:00:00,1.45753174365E-05
2024.10.08 20:00:00,1.45751246237E-05
2024.10.08 21:00:00,1.45742933455E-05
2024.10.08 22:00:00,1.45735730257E-05
2024.10.08 23:00:00,1.45719168358E-05
2024.10.09 00:00:00,1.45713174788E-05
2024.10.09 01:00:00,1.45710482684E-05
2024.10.09 02:00:00,1.45709973367E-05
2024.10.09 03:00:00,1.45712301673E-05
2024.10.09 04:00:00,1.45730518852E-05
2024.10.09 05:00:00,1.45684307427E-05
2024.10.09 06:00:00,1.45703615999E-05
2024.10.09 07:00:00,1.4570860003E-05
2024.10.09 08:00:00,1.45694184539E-05
2024.10.09 09:00:00,1.45668673213E-05
2024.10.09 10:00:00,1.45635021909E-05
2024.10.09 11:00:00,1.45589110616E-05
2024.10.09 12:00:00,1.45533022078E-05
2024.10.09 13:00:00,1.45490284922E-05
2024.10.09 14:00:00,1.45467920447E-05
2024.10.09 15:00:00,1.4546149032E-05
2024.10.09 16:00:00,1.4545114027E-05
2024.10.09 17:00:00,1.45415524457E-05
2024.10.09 18:00:00,1.45413441714E-05
2024.10.09 19:00:00,1.45372623592E-05
2024.10.09 20:00:00,1.45304566104E-05
2024.10.09 21:00:00,1.45286503539E-05
2024.10.09 22:00:00,1.452390552E-05
2024.10.09 23:00:00,1.45181556945E-05
2024.10.10 00:00:00,1.4511041627E-05
2024.10.10 01:00:00,1.45049716593E-05
2024.10.10 02:00:00,1.44991599882E-05
2024.10.10 03:00:00,1.44756668305E-05
2024.10.10 04:00:00,1.44491950778E-05
2024.10.10 05:00:00,1.44398136399E-05
2024.10.10 06:00:00,1.44416480907E-05
2024.10.10 07:00:00,1.44420837387E-05
2024.10.10 08:00:00,1.44335499499E-05
2024.10.10 09:00:00,1.44366058521E-05
2024.10.10 10:00:00,1.44350506162E-05
2024.10.10 11:00:00,1.44327850649E-05
2024.10.10 12:00:00,1.44303367051E-05
2024.10.10 13:00:00,1.44323648783E-05
2024.10.10 14:00:00,1.44368877955E-05
2024.10.10 15:00:00,1.44366558743E-05
2024.10.10 16:00:00,1.44366558743E-05
2024.10.10 17:00:00,1.44218493006E-05
2024.10.10 18:00:00,1.44335235746E-05
2024.10.10 19:00:00,1.44303285197E-05
2024.10.10 20:00:00,1.44052182804E-05
2024.10.10 21:00:00,1.44208497659E-05
2024.10.10 22:00:00,1.44145278682E-05
2024.10.10 23:00:00,1.44192936204E-05
2024.10.11 00:00:00,1.43987235788E-05
2024.10.11 01:00:00,1.43733041114E-05
2024.10.11 02:00:00,1.43878023664E-05
2024.10.11 03:00:00,1.43987617776E-05
2024.10.11 04:00:00,1.43831366586E-05
2024.10.11 05:00:00,1.43907054735E-05
2024.10.11 06:00:00,1.43927154568E-05
2024.10.11 07:00:00,1.43944353113E-05
2024.10.11 08:00:00,1.43996921906E-05
2024.10.11 09:00:00,1.44019586514E-05
2024.10.11 10:00:00,1.44023288158E-05
2024.10.11 11:00:00,1.44052673932E-05
2024.10.11 12:00:00,1.44062623804E-05
2024.10.11 13:00:00,1.43953502629E-05
2024.10.11 14:00:00,1.43989818753E-05
2024.10.11 15:00:00,1.43964934978E-05
2024.10.11 16:00:00,1.43926854435E-05
2024.10.11 17:00:00,1.43837341966E-05
2024.10.11 18:00:00,1.43805373227E-05
2024.10.11 19:00:00,1.43666411532E-05
2024.10.11 20:00:00,1.43578599818E-05
2024.10.11 21:00:00,1.43571196531E-05
2024.10.11 22:00:00,1.43525612657E-05
2024.10.11 23:00:00,1.43508677866E-05
2024.10.12 00:00:00,1.43485840454E-05
2024.10.12 01:00:00,1.43479510371E-05
2024.10.12 02:00:00,1.43184352055E-05
2024.10.12 03:00:00,1.43367487908E-05
2024.10.12 04:00:00,1.43168481372E-05
2024.10.12 05:00:00,1.43198167279E-05
2024.10.12 06:00:00,1.43388779179E-05
2024.10.12 07:00:00,1.43503184518E-05
2024.10.12 08:00:00,1.43578545249E-05
2024.10.12 09:00:00,1.43545794344E-05
2024.10.12 10:00:00,1.43525603562E-05
2024.10.12 11:00:00,1.43469942486E-05
2024.10.12 12:00:00,1.43483748616E-05
2024.10.12 13:00:00,1.4341779206E-05
2024.10.12 14:00:00,1.43339575516E-05
2024.10.12 15:00:00,1.43306506288E-05
2024.10.12 16:00:00,1.43249726534E-05
2024.10.12 17:00:00,1.43344814205E-05
2024.10.12 18:00:00,1.432170302E-05
2024.10.12 19:00:00,1.43317674883E-05
2024.10.12 20:00:00,1.43289589687E-05
2024.10.12 21:00:00,1.43308388942E-05
2024.10.12 22:00:00,1.43276256495E-05
2024.10.12 23:00:00,1.43302158904E-05
2024.10.13 00:00:00,1.43319148265E-05
2024.10.13 01:00:00,1.4327867575E-05
2024.10.13 02:00:00,1.43302877404E-05
2024.10.13 03:00:00,1.43299475894E-05
2024.10.13 04:00:00,1.43288789332E-05
2024.10.13 05:00:00,1.43264715007E-05
2024.10.13 06:00:00,1.43209317685E-05
2024.10.13 07:00:00,1.43224215208E-05
2024.10.13 08:00:00,1.43234910865E-05
2024.10.13 09:00:00,1.43244706123E-05
2024.10.13 10:00:00,1.43257093441E-05
2024.10.13 11:00:00,1.43262222991E-05
2024.10.13 12:00:00,1.43165561894E-05
2024.10.13 13:00:00,1.43037150337E-05
2024.10.13 14:00:00,1.42931503433E-05
2024.10.13 15:00:00,1.43087336255E-05
2024.10.13 16:00:00,1.43030365507E-05
2024.10.13 17:00:00,1.42902990774E-05
2024.10.13 18:00:00,1.42940480146E-05
2024.10.13 19:00:00,1.42761555253E-05
2024.10.13 20:00:00,1.4276035472E-05
2024.10.13 21:00:00,1.42788148878E-05
2024.10.13 22:00:00,1.42765975397E-05
2024.10.13 23:00:00,1.42725066326E-05
2024.10.14 00:00:00,1.42388480526E-05
2024.10.14 01:00:00,1.42540257002E-05
2024.10.14 02:00:00,1.42557109939E-05
2024.10.14 03:00:00,1.42469862112E-05
2024.10.14 04:00:00,1.42484350363E-05
2024.10.14 05:00:00,1.42403541759E-05
2024.10.14 06:00:00,1.42356693686E-05
2024.10.14 07:00:00,1.4229424778E-05
2024.10.14 08:00:00,1.41910959428E-05
2024.10.14 09:00:00,1.41755544973E-05
2024.10.14 10:00:00,1.41489663292E-05
2024.10.14 11:00:00,1.4135701349E-05
2024.10.14 12:00:00,1.4136730897E-05
2024.10.14 13:00:00,1.41125765367E-05
2024.10.14 14:00:00,1.41029768201E-05
2024.10.14 15:00:00,1.40866395668E-05
2024.10.14 16:00:00,1.40385118357E-05
2024.10.14 17:00:00,1.40572756209E-05
2024.10.14 18:00:00,1.40620086313E-05
2024.10.14 19:00:00,1.40595766425E-05
2024.10.14 20:00:00,1.40633064802E-05
2024.10.14 21:00:00,1.40520651257E-05
2024.10.14 22:00:00,1.4041382201E-05
2024.10.14 23:00:00,1.40306829053E-05
2024.10.15 00:00:00,1.4039058442E-05
2024.10.15 01:00:00,1.40386346175E-05
2024.10.15 02:00:00,1.40363399623E-05
2024.10.15 03:00:00,1.40275660669E-05
2024.10.15 04:00:00,1.4015963643E-05
2024.10.15 05:00:00,1.40277052196E-05
2024.10.15 06:00:00,1.40303172884E-05
2024.10.15 07:00:00,1.40346764965E-05
2024.10.15 08:00:00,1.40388347063E-05
2024.10.15 09:00:00,1.40309903145E-05
2024.10.15 10:00:00,1.40380388984E-05
2024.10.15 11:00:00,1.40483089126E-05
2024.10.15 12:00:00,1.40466700032E-05
2024.10.15 13:00:00,1.40496067615E-05
2024.10.15 14:00:00,1.40547990668E-05
2024.10.15 15:00:00,1.40605725392E-05
2024.10.15 16:00:00,1.40586380439E-05
2024.10.15 17:00:00,1.40518859553E-05
2024.10.15 18:00:00,1.40421661854E-05
2024.10.15 19:00:00,1.40352067319E-05
2024.10.15 20:00:00,1.40231886689E-05
2024.10.15 21:00:00,1.40254333019E-05
2024.10.15 22:00:00,1.40198062581E-05
2024.10.15 23:00:00,1.40115007525E-05
2024.10.16 00:00:00,1.39973772093E-05
2024.10.16 01:00:00,1.39913008752E-05
2024.10.16 02:00:00,1.396128755E-05
2024.10.16 03:00:00,1.39789926834E-05
2024.10.16 04:00:00,1.39805524668E-05
2024.10.16 05:00:00,1.39804860737E-05
2024.10.16 06:00:00,1.3973654859E-05
2024.10.16 07:00:00,1.3968510757E-05
2024.10.16 08:00:00,1.39651001518E-05
2024.10.16 09:00:00,1.39673556987E-05
2024.10.16 10:00:00,1.39584499266E-05
2024.10.16 11:00:00,1.3955968825E-05
2024.10.16 12:00:00,1.39595613291E-05
2024.10.16 13:00:00,1.3961469449E-05
2024.10.16 14:00:00,1.39560406751E-05
2024.10.16 15:00:00,1.39532894536E-05
2024.10.16 16:00:00,1.39572521221E-05
2024.10.16 17:00:00,1.39498433782E-05
2024.10.16 18:00:00,1.39514668263E-05
2024.10.16 19:00:00,1.39450203278E-05
2024.10.16 20:00:00,1.39498934004E-05
2024.10.16 21:00:00,1.39524645419E-05
2024.10.16 22:00:00,1.39491294249E-05
2024.10.16 23:00:00,1.39503654282E-05
2024.10.17 00:00:00,1.39458470585E-05
2024.10.17 01:00:00,1.39416279126E-05
2024.10.17 02:00:00,1.39387439049E-05
2024.10.17 03:00:00,1.39272824526E-05
2024.10.17 04:00:00,1.39234889502E-05
2024.10.17 05:00:00,1.39283511089E-05
2024.10.17 06:00:00,1.39169960676E-05
2024.10.17 07:00:00,1.39222183861E-05
2024.10.17 08:00:00,1.39099074659E-05
2024.10.17 09:00:00,1.39074418257E-05
2024.10.17 10:00:00,1.39080320878E-05
2024.10.17 11:00:00,1.38933874041E-05
2024.10.17 12:00:00,1.38760342452E-05
2024.10.17 13:00:00,1.38816631079E-05
2024.10.17 14:00:00,1.38748846439E-05
2024.10.17 15:00:00,1.38858022183E-05
2024.10.17 16:00:00,1.3890655282E-05
2024.10.17 17:00:00,1.3865758774E-05
2024.10.17 18:00:00,1.38751956911E-05
2024.10.17 19:00:00,1.38816958497E-05
2024.10.17 20:00:00,1.38830673677E-05
2024.10.17 21:00:00,1.38819696076E-05
2024.10.17 22:00:00,1.38813584272E-05
2024.10.17 23:00:00,1.387984139E-05
2024.10.18 00:00:00,1.38780460475E-05
2024.10.18 01:00:00,1.38764844451E-05
2024.10.18 02:00:00,1.38751374834E-05
2024.10.18 03:00:00,1.38741379487E-05
2024.10.18 04:00:00,1.38736204462E-05
2024.10.18 05:00:00,1.38734330903E-05
2024.10.18 06:00:00,1.38733821586E-05
2024.10.18 07:00:00,1.38730729304E-05
2024.10.18 08:00:00,1.38724890348E-05
2024.10.18 09:00:00,1.38714094646E-05
2024.10.18 10:00:00,1.38690729727E-05
2024.10.18 11:00:00,1.38652785608E-05
2024.10.18 12:00:00,1.38606401379E-05
2024.10.18 13:00:00,1.38567229442E-05
2024.10.18 14:00:00,1.38538089232E-05
2024.10.18 15:00:00,1.38523919304E-05
2024.10.18 16:00:00,1.3851253243E-05
2024.10.18 17:00:00,1.38497553053E-05
2024.10.18 18:00:00,1.38477962537E-05
2024.10.18 19:00:00,1.38456416607E-05
2024.10.18 20:00:00,1.38434306791E-05
2024.10.18 21:00:00,1.38407349368E-05
2024.10.18 22:00:00,1.38379118653E-05
2024.10.18 23:00:00,1.38347832035E-05
2024.10.19 00:00:00,1.38317036544E-05
2024.10.19 01:00:00,1.38259420055E-05
2024.10.19 02:00:00,1.38213254104E-05
2024.10.19 03:00:00,1.38113091452E-05
2024.10.19 04:00:00,1.38018758662E-05
2024.10.19 05:00:00,1.38005943882E-05
2024.10.19 06:00:00,1.37955894388E-05
2024.10.19 07:00:00,1.37948909469E-05
2024.10.19 08:00:00,1.37910828926E-05
2024.10.19 09:00:00,1.37857805385E-05
2024.10.19 10:00:00,1.37827564686E-05
2024.10.19 11:00:00,1.37793877002E-05
2024.10.19 12:00:00,1.37761444421E-05
2024.10.19 13:00:00,1.37695087687E-05
2024.10.19 14:00:00,1.37611878017E-05
2024.10.19 15:00:00,1.37629431265E-05
2024.10.19 16:00:00,1.37599854497E-05
2024.10.19 17:00:00,1.3743377167E-05
2024.10.19 18:00:00,1.37315510074E-05
2024.10.19 19:00:00,1.37340803121E-05
2024.10.19 20:00:00,1.37361384986E-05
2024.10.19 21:00:00,1.37270199048E-05
2024.10.19 22:00:00,1.37116803671E-05
2024.10.19 23:00:00,1.36995258799E-05
2024.10.20 00:00:00,1.36930975714E-05
2024.10.20 01:00:00,1.3691366803E-05
2024.10.20 02:00:00,1.36816133818E-05
2024.10.20 03:00:00,1.36590333568E-05
2024.10.20 04:00:00,1.36567341542E-05
2024.10.20 05:00:00,1.36476492116E-05
2024.10.20 06:00:00,1.36334147101E-05
2024.10.20 07:00:00,1.36226763061E-05
2024.10.20 08:00:00,1.3617897821E-05
2024.10.20 09:00:00,1.36030948852E-05
2024.10.20 10:00:00,1.35974778459E-05
2024.10.20 11:00:00,1.3609900634E-05
2024.10.20 12:00:00,1.35802156365E-05
2024.10.20 13:00:00,1.35783839141E-05
2024.10.20 14:00:00,1.35555346787E-05
2024.10.20 15:00:00,1.35671134558E-05
2024.10.20 16:00:00,1.35698792292E-05
2024.10.20 17:00:00,1.35678947117E-05
2024.10.20 18:00:00,1.35625905386E-05
2024.10.20 19:00:00,1.3565530935E-05
2024.10.20 20:00:00,1.35731324917E-05
2024.10.20 21:00:00,1.3575236153E-05
2024.10.20 22:00:00,1.3572563148E-05
2024.10.20 23:00:00,1.35718964884E-05
2024.10.21 00:00:00,1.35713826239E-05
2024.10.21 01:00:00,1.35663667606E-05
2024.10.21 02:00:00,1.35592190418E-05
2024.10.21 03:00:00,1.35648069772E-05
2024.10.21 04:00:00,1.35590544232E-05
2024.10.21 05:00:00,1.35616965053E-05
2024.10.21 06:00:00,1.35553382279E-05
2024.10.21 07:00:00,1.35545706144E-05
2024.10.21 08:00:00,1.35562204377E-05
2024.10.21 09:00:00,1.3557888451E-05
2024.10.21 10:00:00,1.35477794174E-05
2024.10.21 11:00:00,1.35574009619E-05
2024.10.21 12:00:00,1.35487498483E-05
2024.10.21 13:00:00,1.35544260047E-05
2024.10.21 14:00:00,1.35610698635E-05
2024.10.21 15:00:00,1.35646932904E-05
2024.10.21 16:00:00,1.35650598168E-05
2024.10.21 17:00:00,1.35646296258E-05
2024.10.21 18:00:00,1.3557290913E-05
2024.10.21 19:00:00,1.35641830639E-05
2024.10.21 20:00:00,1.35502887133E-05
2024.10.21 21:00:00,1.35607206175E-05
2024.10.21 22:00:00,1.35551917992E-05
2024.10.21 23:00:00,1.35607242555E-05
2024.10.22 00:00:00,1.35627778945E-05
2024.10.22 01:00:00,1.35554428198E-05
2024.10.22 02:00:00,1.35609388963E-05
2024.10.22 03:00:00,1.35575146487E-05
2024.10.22 04:00:00,1.35386480906E-05
2024.10.22 05:00:00,1.35366308314E-05
2024.10.22 06:00:00,1.35431819217E-05
2024.10.22 07:00:00,1.35451382448E-05
2024.10.22 08:00:00,1.35315094667E-05
2024.10.22 09:00:00,1.35394657264E-05
2024.10.22 10:00:00,1.353987318E-05
2024.10.22 11:00:00,1.35577838591E-05
2024.10.22 12:00:00,1.35594536914E-05
2024.10.22 13:00:00,1.35610434882E-05
2024.10.22 14:00:00,1.35538930408E-05
2024.10.22 15:00:00,1.3566726011E-05
2024.10.22 16:00:00,1.35724831125E-05
2024.10.22 17:00:00,1.35747168315E-05
2024.10.22 18:00:00,1.35759009936E-05
2024.10.22 19:00:00,1.3576854144E-05
2024.10.22 20:00:00,1.35636691994E-05
2024.10.22 21:00:00,1.35608297569E-05
2024.10.22 22:00:00,1.35646196213E-05
2024.10.22 23:00:00,1.35656182465E-05
2024.10.23 00:00:00,1.35654490805E-05
2024.10.23 01:00:00,1.35645195769E-05
2024.10.23 02:00:00,1.35618101922E-05
2024.10.23 03:00:00,1.35647978823E-05
2024.10.23 04:00:00,1.35582986331E-05
2024.10.23 05:00:00,1.35641193992E-05
2024.10.23 06:00:00,1.35666023198E-05
2024.10.23 07:00:00,1.35684231282E-05
2024.10.23 08:00:00,1.35707396112E-05
2024.10.23 09:00:00,1.35724503707E-05
2024.10.23 10:00:00,1.35738928293E-05
2024.10.23 11:00:00,1.35747259264E-05
2024.10.23 12:00:00,1.35746868182E-05
2024.10.23 13:00:00,1.35739683174E-05
2024.10.23 14:00:00,1.35730151669E-05
2024.10.23 15:00:00,1.35721584229E-05
2024.10.23 16:00:00,1.35711688927E-05
2024.10.23 17:00:00,1.35705104185E-05
2024.10.23 18:00:00,1.35704403874E-05
2024.10.23 19:00:00,1.35700975079E-05
2024.10.23 20:00:00,1.35723621497E-05
2024.10.23 21:00:00,1.35699619932E-05
2024.10.23 22:00:00,1.3563389075E-05
2024.10.23 23:00:00,1.35543286888E-05
2024.10.24 00:00:00,1.35592799779E-05
2024.10.24 01:00:00,1.35605905598E-05
2024.10.24 02:00:00,1.35580985443E-05
2024.10.24 03:00:00,1.35549244078E-05
2024.10.24 04:00:00,1.35514937938E-05
2024.10.24 05:00:00,1.35476375362E-05
2024.10.24 06:00:00,1.35443769977E-05
2024.10.24 07:00:00,1.35415111799E-05
2024.10.24 08:00:00,1.35393247547E-05
2024.10.24 09:00:00,1.35358586704E-05
2024.10.24 10:00:00,1.3531804143E-05
2024.10.24 11:00:00,1.35272894113E-05
2024.10.24 12:00:00,1.35228992804E-05
2024.10.24 13:00:00,1.35152995426E-05
2024.10.24 14:00:00,1.35080072141E-05
2024.10.24 15:00:00,1.35002055686E-05
2024.10.24 16:00:00,1.34931842695E-05
2024.10.24 17:00:00,1.34867141242E-05
2024.10.24 18:00:00,1.34810507006E-05
2024.10.24 19:00:00,1.34766023621E-05
2024.10.24 20:00:00,1.34619212986E-05
2024.10.24 21:00:00,1.34608617373E-05
2024.10.24 22:00:00,1.3462453353E-05
2024.10.24 23:00:00,1.34612719194E-05
2024.10.25 00:00:00,1.34555984914E-05
2024.10.25 01:00:00,1.34565116241E-05
2024.10.25 02:00:00,1.34565107146E-05
2024.10.25 03:00:00,1.34531774165E-05
2024.10.25 04:00:00,1.34523070301E-05
2024.10.25 05:00:00,1.34477168103E-05
2024.10.25 06:00:00,1.34433585117E-05
2024.10.25 07:00:00,1.34490746859E-05
2024.10.25 08:00:00,1.34501660796E-05
2024.10.25 09:00:00,1.34512356453E-05
2024.10.25 10:00:00,1.34520760184E-05
2024.10.25 11:00:00,1.3451635823E-05
2024.10.25 12:00:00,1.34236452141E-05
2024.10.25 13:00:00,1.3440652765E-05
2024.10.25 14:00:00,1.34455631269E-05
2024.10.25 15:00:00,1.34463061841E-05
2024.10.25 16:00:00,1.34414922286E-05
2024.10.25 17:00:00,1.34470346893E-05
2024.10.25 18:00:00,1.34494666781E-05
2024.10.25 19:00:00,1.34521033033E-05
2024.10.25 20:00:00,1.34554493343E-05
2024.10.25 21:00:00,1.34595775307E-05
2024.10.25 22:00:00,1.34644715217E-05
2024.10.25 23:00:00,1.3469399164E-05
2024.10.26 00:00:00,1.34730880745E-05
2024.10.26 01:00:00,1.34737538247E-05
2024.10.26 02:00:00,1.34748424898E-05
2024.10.26 03:00:00,1.34744395837E-05
2024.10.26 04:00:00,1.34731999424E-05
2024.10.26 05:00:00,1.3459699403E-05
2024.10.26 06:00:00,1.34618358061E-05
2024.10.26 07:00:00,1.34593938128E-05
2024.10.26 08:00:00,1.34578067446E-05
2024.10.26 09:00:00,1.34502124638E-05
2024.10.26 10:00:00,1.34537522172E-05
2024.10.26 11:00:00,1.34508627525E-05
2024.10.26 12:00:00,1.34476113089E-05
2024.10.26 13:00:00,1.3445890545E-05
2024.10.26 14:00:00,1.34412912303E-05
2024.10.26 15:00:00,1.34400197567E-05
2024.10.26 16:00:00,1.34401980176E-05
2024.10.26 17:00:00,1.34410920509E-05
2024.10.26 18:00:00,1.3440557268E-05
2024.10.26 19:00:00,1.34394740599E-05
2024.10.26 20:00:00,1.34381934913E-05
2024.10.26 21:00:00,1.34379497467E-05
2024.10.26 22:00:00,1.34375559355E-05
2024.10.26 23:00:00,1.34319243443E-05
2024.10.27 00:00:00,1.34089732455E-05
2024.10.27 01:00:00,1.33981275212E-05
2024.10.27 02:00:00,1.33828116304E-05
2024.10.27 03:00:00,1.33902258312E-05
2024.10.27 04:00:00,1.33872918013E-05
2024.10.27 05:00:00,1.34058882395E-05
2024.10.27 06:00:00,1.34104020617E-05
2024.10.27 07:00:00,1.34114316097E-05
2024.10.27 08:00:00,1.34031588459E-05
2024.10.27 09:00:00,1.34072543005E-05
2024.10.27 10:00:00,1.34096762849E-05
2024.10.27 11:00:00,1.34099354909E-05
2024.10.27 12:00:00,1.34097799673E-05
2024.10.27 13:00:00,1.34097354021E-05
2024.10.27 14:00:00,1.34068577609E-05
2024.10.27 15:00:00,1.34067622639E-05
2024.10.27 16:00:00,1.34067240651E-05
2024.10.27 17:00:00,1.34053343572E-05
2024.10.27 18:00:00,1.34033089125E-05
2024.10.27 19:00:00,1.34008942041E-05
2024.10.27 20:00:00,1.33982275656E-05
2024.10.27 21:00:00,1.33953481054E-05
2024.10.27 22:00:00,1.33894545797E-05
2024.10.27 23:00:00,1.33821722557E-05
2024.10.28 00:00:00,1.33778967211E-05
2024.10.28 01:00:00,1.33757030198E-05
2024.10.28 02:00:00,1.33786952574E-05
2024.10.28 03:00:00,1.33713192554E-05
2024.10.28 04:00:00,1.33680750878E-05
2024.10.28 05:00:00,1.3368297914E-05
2024.10.28 06:00:00,1.33658477353E-05
2024.10.28 07:00:00,1.33626908791E-05
2024.10.28 08:00:00,1.33603507493E-05
2024.10.28 09:00:00,1.33547528094E-05
2024.10.28 10:00:00,1.33466392072E-05
2024.10.28 11:00:00,1.33528519655E-05
2024.10.28 12:00:00,1.33555358843E-05
2024.10.28 13:00:00,1.33609019031E-05
2024.10.28 14:00:00,1.3368639884E-05
2024.10.28 15:00:00,1.33722051032E-05
2024.10.28 16:00:00,1.33688499773E-05
2024.10.28 17:00:00,1.33727307912E-05
2024.10.28 18:00:00,1.33792555062E-05
2024.10.28 19:00:00,1.33801686388E-05
2024.10.28 20:00:00,1.33706289489E-05
2024.10.28 21:00:00,1.33662024382E-05
2024.10.28 22:00:00,1.33511930471E-05
2024.10.28 23:00:00,1.33409203045E-05
2024.10.29 00:00:00,1.33358944368E-05
2024.10.29 01:00:00,1.33420098791E-05
2024.10.29 02:00:00,1.33499306685E-05
2024.10.29 03:00:00,1.33534458655E-05
2024.10.29 04:00:00,1.33536404974E-05
2024.10.29 05:00:00,1.33531366373E-05
2024.10.29 06:00:00,1.33561397888E-05
2024.10.29 07:00:00,1.33511539389E-05
2024.10.29 08:00:00,1.33546218422E-05
2024.10.29 09:00:00,1.33452822411E-05
2024.10.29 10:00:00,1.33573157655E-05
2024.10.29 11:00:00,1.33604153234E-05
2024.10.29 12:00:00,1.33637722683E-05
2024.10.29 13:00:00,1.33655939862E-05
2024.10.29 14:00:00,1.33683497552E-05
2024.10.29 15:00:00,1.33673502205E-05
2024.10.29 16:00:00,1.33699868456E-05
2024.10.29 17:00:00,1.33712956085E-05
2024.10.29 18:00:00,1.33725152409E-05
2024.10.29 19:00:00,1.33728563014E-05
2024.10.29 20:00:00,1.3372666217E-05
2024.10.29 21:00:00,1.3371642126E-05
2024.10.29 22:00:00,1.33713756441E-05
2024.10.29 23:00:00,1.33711009767E-05
2024.10.30 00:00:00,1.33707526402E-05
2024.10.30 01:00:00,1.33714247568E-05
2024.10.30 02:00:00,1.33715884658E-05
2024.10.30 03:00:00,1.33712337629E-05
2024.10.30 04:00:00,1.33706889756E-05
2024.10.30 05:00:00,1.33662379085E-05
2024.10.30 06:00:00,1.33633066071E-05
2024.10.30 07:00:00,1.33604198709E-05
2024.10.30 08:00:00,1.33485191327E-05
2024.10.30 09:00:00,1.3348378161E-05
2024.10.30 10:00:00,1.33503190227E-05
2024.10.30 11:00:00,1.33474213726E-05
2024.10.30 12:00:00,1.33441435537E-05
2024.10.30 13:00:00,1.33411149363E-05
2024.10.30 14:00:00,1.33384901346E-05
2024.10.30 15:00:00,1.33368675961E-05
2024.10.30 16:00:00,1.33358762469E-05
2024.10.30 17:00:00,1.33361372718E-05
2024.10.30 18:00:00,1.33371831907E-05
2024.10.30 19:00:00,1.33373205244E-05
2024.10.30 20:00:00,1.33376379381E-05
2024.10.30 21:00:00,1.33377434395E-05
2024.10.30 22:00:00,1.3337051314E-05
2024.10.30 23:00:00,1.33371622724E-05
2024.10.31 00:00:00,1.33432104121E-05
2024.10.31 01:00:00,1.33472331072E-05
2024.10.31 02:00:00,1.33513904075E-05
2024.10.31 03:00:00,1.33549538077E-05
2024.10.31 04:00:00,1.33572484629E-05
2024.10.31 05:00:00,1.33583198476E-05
2024.10.31 06:00:00,1.33570665639E-05
2024.10.31 07:00:00,1.33552584884E-05
2024.10.31 08:00:00,1.33487947096E-05
2024.10.31 09:00:00,1.33467092382E-05
2024.10.31 10:00:00,1.33493986141E-05
2024.10.31 11:00:00,1.33485427796E-05
2024.10.31 12:00:00,1.33473031383E-05
2024.10.31 13:00:00,1.33464427563E-05
2024.10.31 14:00:00,1.33447265398E-05
2024.10.31 15:00:00,1.33426683533E-05
2024.10.31 16:00:00,1.33403427753E-05
2024.10.31 17:00:00,1.33388066388E-05
2024.10.31 18:00:00,1.33379417093E-05
2024.10.31 19:00:00,1.3337132259E-05
2024.10.31 20:00:00,1.33369112518E-05
2024.10.31 21:00:00,1.33361327244E-05
2024.10.31 22:00:00,1.33342000481E-05
2024.10.31 23:00:00,1.33319663291E-05
2024.11.01 00:00:00,1.33307075885E-05
