Time [yyyy.MM.dd HH:mm:ss],OXY [g/m3]
2024.08.01 00:00:00,10
2024.08.01 01:00:00,9_88833904266
2024.08.01 02:00:00,9_91695022583
2024.08.01 03:00:00,9_90419483185
2024.08.01 04:00:00,9_88933467865
2024.08.01 05:00:00,9_87797260284
2024.08.01 06:00:00,9_8652973175
2024.08.01 07:00:00,9_85253429413
2024.08.01 08:00:00,9_83831882477
2024.08.01 09:00:00,9_82387161255
2024.08.01 10:00:00,9_80770492554
2024.08.01 11:00:00,9_77796649933
2024.08.01 12:00:00,9_74931144714
2024.08.01 13:00:00,9_7256193161
2024.08.01 14:00:00,9_69185447693
2024.08.01 15:00:00,9_67721176147
2024.08.01 16:00:00,9_66233634949
2024.08.01 17:00:00,9_6389465332
2024.08.01 18:00:00,9_64903736115
2024.08.01 19:00:00,9_65109348297
2024.08.01 20:00:00,9_64413833618
2024.08.01 21:00:00,9_63791847229
2024.08.01 22:00:00,9_63472175598
2024.08.01 23:00:00,9_63192939758
2024.08.02 00:00:00,9_62055873871
2024.08.02 01:00:00,9_61303520203
2024.08.02 02:00:00,9_61456871033
2024.08.02 03:00:00,9_61259651184
2024.08.02 04:00:00,9_61427402496
2024.08.02 05:00:00,9_61895751953
2024.08.02 06:00:00,9_63053035736
2024.08.02 07:00:00,9_64134883881
2024.08.02 08:00:00,9_65344619751
2024.08.02 09:00:00,9_65344905853
2024.08.02 10:00:00,9_65717124939
2024.08.02 11:00:00,9_67562294006
2024.08.02 12:00:00,9_66685295105
2024.08.02 13:00:00,9_67336940765
2024.08.02 14:00:00,9_69051837921
2024.08.02 15:00:00,9_65852451324
2024.08.02 16:00:00,9_61807441711
2024.08.02 17:00:00,9_58284282684
2024.08.02 18:00:00,9_56131362915
2024.08.02 19:00:00,9_55370044708
2024.08.02 20:00:00,9_55543708801
2024.08.02 21:00:00,9_5628156662
2024.08.02 22:00:00,9_56182384491
2024.08.02 23:00:00,9_55880069733
2024.08.03 00:00:00,9_55526638031
2024.08.03 01:00:00,9_55799484253
2024.08.03 02:00:00,9_55829143524
2024.08.03 03:00:00,9_55865764618
2024.08.03 04:00:00,9_55904960632
2024.08.03 05:00:00,9_5608959198
2024.08.03 06:00:00,9_56585216522
2024.08.03 07:00:00,9_56112575531
2024.08.03 08:00:00,9_55387210846
2024.08.03 09:00:00,9_55678081512
2024.08.03 10:00:00,9_55261802673
2024.08.03 11:00:00,9_54277420044
2024.08.03 12:00:00,9_51730155945
2024.08.03 13:00:00,9_48679351807
2024.08.03 14:00:00,9_47412490845
2024.08.03 15:00:00,9_44721698761
2024.08.03 16:00:00,9_39517498016
2024.08.03 17:00:00,9_37236785889
2024.08.03 18:00:00,9_36877918243
2024.08.03 19:00:00,9_3733921051
2024.08.03 20:00:00,9_3842086792
2024.08.03 21:00:00,9_38675308228
2024.08.03 22:00:00,9_38829421997
2024.08.03 23:00:00,9_39259910583
2024.08.04 00:00:00,9_39698886871
2024.08.04 01:00:00,9_41067123413
2024.08.04 02:00:00,9_41849040985
2024.08.04 03:00:00,9_42702198029
2024.08.04 04:00:00,9_43268489838
2024.08.04 05:00:00,9_43997001648
2024.08.04 06:00:00,9_44474601746
2024.08.04 07:00:00,9_44357204437
2024.08.04 08:00:00,9_4345703125
2024.08.04 09:00:00,9_4210691452
2024.08.04 10:00:00,9_40297222137
2024.08.04 11:00:00,9_38131999969
2024.08.04 12:00:00,9_36805915833
2024.08.04 13:00:00,9_36123752594
2024.08.04 14:00:00,9_34562969208
2024.08.04 15:00:00,9_33270072937
2024.08.04 16:00:00,9_32743835449
2024.08.04 17:00:00,9_31927967072
2024.08.04 18:00:00,9_31577301025
2024.08.04 19:00:00,9_3136510849
2024.08.04 20:00:00,9_31729125977
2024.08.04 21:00:00,9_31362247467
2024.08.04 22:00:00,9_31622219086
2024.08.04 23:00:00,9_31400871277
2024.08.05 00:00:00,9_31154727936
2024.08.05 01:00:00,9_31657123566
2024.08.05 02:00:00,9_3243932724
2024.08.05 03:00:00,9_33262825012
2024.08.05 04:00:00,9_35214138031
2024.08.05 05:00:00,9_37558078766
2024.08.05 06:00:00,9_38408565521
2024.08.05 07:00:00,9_37651252747
2024.08.05 08:00:00,9_360871315
2024.08.05 09:00:00,9_34076023102
2024.08.05 10:00:00,9_31556892395
2024.08.05 11:00:00,9_28782176971
2024.08.05 12:00:00,9_26461601257
2024.08.05 13:00:00,9_24508857727
2024.08.05 14:00:00,9_24386024475
2024.08.05 15:00:00,9_21707820892
2024.08.05 16:00:00,9_19829273224
2024.08.05 17:00:00,9_20177268982
2024.08.05 18:00:00,9_20040416718
2024.08.05 19:00:00,9_19492912292
2024.08.05 20:00:00,9_19595241547
2024.08.05 21:00:00,9_20117759705
2024.08.05 22:00:00,9_19443798065
2024.08.05 23:00:00,9_18669128418
2024.08.06 00:00:00,9_18591499329
2024.08.06 01:00:00,9_18784713745
2024.08.06 02:00:00,9_19431781769
2024.08.06 03:00:00,9_20541954041
2024.08.06 04:00:00,9_21952533722
2024.08.06 05:00:00,9_23194217682
2024.08.06 06:00:00,9_24757099152
2024.08.06 07:00:00,9_26774024963
2024.08.06 08:00:00,9_29870700836
2024.08.06 09:00:00,9_31073379517
2024.08.06 10:00:00,9_29197788239
2024.08.06 11:00:00,9_28896903992
2024.08.06 12:00:00,9_31217098236
2024.08.06 13:00:00,9_29409790039
2024.08.06 14:00:00,9_24384880066
2024.08.06 15:00:00,9_20733737946
2024.08.06 16:00:00,9_17235374451
2024.08.06 17:00:00,9_1478061676
2024.08.06 18:00:00,9_13971042633
2024.08.06 19:00:00,9_153632164
2024.08.06 20:00:00,9_1561088562
2024.08.06 21:00:00,9_16305446625
2024.08.06 22:00:00,9_15522289276
2024.08.06 23:00:00,9_15400600433
2024.08.07 00:00:00,9_19130897522
2024.08.07 01:00:00,9_23637294769
2024.08.07 02:00:00,9_27959346771
2024.08.07 03:00:00,9_30772781372
2024.08.07 04:00:00,9_32748031616
2024.08.07 05:00:00,9_3244228363
2024.08.07 06:00:00,9_32320213318
2024.08.07 07:00:00,9_33728885651
2024.08.07 08:00:00,9_36172389984
2024.08.07 09:00:00,9_36995983124
2024.08.07 10:00:00,9_37180709839
2024.08.07 11:00:00,9_35505008698
2024.08.07 12:00:00,9_35052680969
2024.08.07 13:00:00,9_36912727356
2024.08.07 14:00:00,9_39169120789
2024.08.07 15:00:00,9_40915775299
2024.08.07 16:00:00,9_39844226837
2024.08.07 17:00:00,9_36033153534
2024.08.07 18:00:00,9_32584762573
2024.08.07 19:00:00,9_2841129303
2024.08.07 20:00:00,9_2671957016
2024.08.07 21:00:00,9_28722667694
2024.08.07 22:00:00,9_2939119339
2024.08.07 23:00:00,9_30392837524
2024.08.08 00:00:00,9_31408500671
2024.08.08 01:00:00,9_32656860352
2024.08.08 02:00:00,9_33847236633
2024.08.08 03:00:00,9_34093761444
2024.08.08 04:00:00,9_33759975433
2024.08.08 05:00:00,9_33603382111
2024.08.08 06:00:00,9_33419322968
2024.08.08 07:00:00,9_32924556732
2024.08.08 08:00:00,9_32046985626
2024.08.08 09:00:00,9_29423236847
2024.08.08 10:00:00,9_26149845123
2024.08.08 11:00:00,9_2523393631
2024.08.08 12:00:00,9_24919891357
2024.08.08 13:00:00,9_22774887085
2024.08.08 14:00:00,9_20260238647
2024.08.08 15:00:00,9_18996143341
2024.08.08 16:00:00,9_20029830933
2024.08.08 17:00:00,9_20240306854
2024.08.08 18:00:00,9_20487213135
2024.08.08 19:00:00,9_21459197998
2024.08.08 20:00:00,9_21586990356
2024.08.08 21:00:00,9_21360588074
2024.08.08 22:00:00,9_21403694153
2024.08.08 23:00:00,9_21071243286
2024.08.09 00:00:00,9_21465778351
2024.08.09 01:00:00,9_21349239349
2024.08.09 02:00:00,9_21704864502
2024.08.09 03:00:00,9_22600841522
2024.08.09 04:00:00,9_23171043396
2024.08.09 05:00:00,9_23347473145
2024.08.09 06:00:00,9_23554039001
2024.08.09 07:00:00,9_23721408844
2024.08.09 08:00:00,9_22531795502
2024.08.09 09:00:00,9_20524978638
2024.08.09 10:00:00,9_18329715729
2024.08.09 11:00:00,9_16818714142
2024.08.09 12:00:00,9_17339420319
2024.08.09 13:00:00,9_18163013458
2024.08.09 14:00:00,9_19014835358
2024.08.09 15:00:00,9_17130756378
2024.08.09 16:00:00,9_16987228394
2024.08.09 17:00:00,9_14802837372
2024.08.09 18:00:00,9_14452934265
2024.08.09 19:00:00,9_12550258636
2024.08.09 20:00:00,9_09462165833
2024.08.09 21:00:00,9_08022689819
2024.08.09 22:00:00,9_03324699402
2024.08.09 23:00:00,8_96267032623
2024.08.10 00:00:00,8_97713184357
2024.08.10 01:00:00,9_02577400208
2024.08.10 02:00:00,9_05684185028
2024.08.10 03:00:00,9_06819152832
2024.08.10 04:00:00,9_07544898987
2024.08.10 05:00:00,9_08117103577
2024.08.10 06:00:00,9_07412433624
2024.08.10 07:00:00,9_07081890106
2024.08.10 08:00:00,9_06123447418
2024.08.10 09:00:00,9_0561542511
2024.08.10 10:00:00,9_04409790039
2024.08.10 11:00:00,9_04640674591
2024.08.10 12:00:00,9_04837226868
2024.08.10 13:00:00,9_04191207886
2024.08.10 14:00:00,9_03747749329
2024.08.10 15:00:00,9_03696155548
2024.08.10 16:00:00,9_02629566193
2024.08.10 17:00:00,9_041015625
2024.08.10 18:00:00,9_04470539093
2024.08.10 19:00:00,9_04203510284
2024.08.10 20:00:00,9_04033279419
2024.08.10 21:00:00,9_03999900818
2024.08.10 22:00:00,9_04341030121
2024.08.10 23:00:00,9_05017280579
2024.08.11 00:00:00,9_05520439148
2024.08.11 01:00:00,9_06724262238
2024.08.11 02:00:00,9_07695579529
2024.08.11 03:00:00,9_08038806915
2024.08.11 04:00:00,9_09027481079
2024.08.11 05:00:00,9_10307502747
2024.08.11 06:00:00,9_10326099396
2024.08.11 07:00:00,9_10611057281
2024.08.11 08:00:00,9_10576629639
2024.08.11 09:00:00,9_09906482697
2024.08.11 10:00:00,9_08885574341
2024.08.11 11:00:00,9_0750246048
2024.08.11 12:00:00,9_0578918457
2024.08.11 13:00:00,9_04117965698
2024.08.11 14:00:00,9_03188514709
2024.08.11 15:00:00,9_03339672089
2024.08.11 16:00:00,9_04330635071
2024.08.11 17:00:00,9_03658390045
2024.08.11 18:00:00,9_04224395752
2024.08.11 19:00:00,9_02215099335
2024.08.11 20:00:00,9_01221179962
2024.08.11 21:00:00,9_01595020294
2024.08.11 22:00:00,9_01897525787
2024.08.11 23:00:00,9_02284240723
2024.08.12 00:00:00,9_0276517868
2024.08.12 01:00:00,9_03646469116
2024.08.12 02:00:00,9_04992771149
2024.08.12 03:00:00,9_05791187286
2024.08.12 04:00:00,9_06083679199
2024.08.12 05:00:00,9_07237052917
2024.08.12 06:00:00,9_07778167725
2024.08.12 07:00:00,9_08429431915
2024.08.12 08:00:00,9_0952091217
2024.08.12 09:00:00,9_10060214996
2024.08.12 10:00:00,9_0975112915
2024.08.12 11:00:00,9_09973907471
2024.08.12 12:00:00,9_08645057678
2024.08.12 13:00:00,9_04685783386
2024.08.12 14:00:00,9_02421474457
2024.08.12 15:00:00,9_01243591309
2024.08.12 16:00:00,9_031457901
2024.08.12 17:00:00,9_05247497559
2024.08.12 18:00:00,9_05102825165
2024.08.12 19:00:00,9_0317735672
2024.08.12 20:00:00,9_02358627319
2024.08.12 21:00:00,9_02167606354
2024.08.12 22:00:00,9_00122737885
2024.08.12 23:00:00,9_01589202881
2024.08.13 00:00:00,9_01670837402
2024.08.13 01:00:00,9_0200510025
2024.08.13 02:00:00,9_0275144577
2024.08.13 03:00:00,9_04188346863
2024.08.13 04:00:00,9_06014728546
2024.08.13 05:00:00,9_07505607605
2024.08.13 06:00:00,9_08386993408
2024.08.13 07:00:00,9_08764076233
2024.08.13 08:00:00,9_08770370483
2024.08.13 09:00:00,9_08184909821
2024.08.13 10:00:00,9_08973026276
2024.08.13 11:00:00,9_11046123505
2024.08.13 12:00:00,9_1025390625
2024.08.13 13:00:00,9_08788585663
2024.08.13 14:00:00,9_07014274597
2024.08.13 15:00:00,9_05360126495
2024.08.13 16:00:00,8_99862003326
2024.08.13 17:00:00,8_94665718079
2024.08.13 18:00:00,8_95311546326
2024.08.13 19:00:00,8_97879123688
2024.08.13 20:00:00,8_99464130402
2024.08.13 21:00:00,9_0026473999
2024.08.13 22:00:00,9_00984191895
2024.08.13 23:00:00,9_01959705353
2024.08.14 00:00:00,9_02046585083
2024.08.14 01:00:00,9_00998497009
2024.08.14 02:00:00,8_90403461456
2024.08.14 03:00:00,8_90987682343
2024.08.14 04:00:00,8_95172309875
2024.08.14 05:00:00,8_99052619934
2024.08.14 06:00:00,9_02312469482
2024.08.14 07:00:00,9_04526901245
2024.08.14 08:00:00,9_05537509918
2024.08.14 09:00:00,9_05649852753
2024.08.14 10:00:00,9_05738067627
2024.08.14 11:00:00,9_0636844635
2024.08.14 12:00:00,9_06788444519
2024.08.14 13:00:00,9_06165790558
2024.08.14 14:00:00,9_04184436798
2024.08.14 15:00:00,9_05884647369
2024.08.14 16:00:00,9_06323814392
2024.08.14 17:00:00,9_06005001068
2024.08.14 18:00:00,9_06839847565
2024.08.14 19:00:00,9_07901096344
2024.08.14 20:00:00,9_08433437347
2024.08.14 21:00:00,9_0977191925
2024.08.14 22:00:00,9_10666942596
2024.08.14 23:00:00,9_12066078186
2024.08.15 00:00:00,9_12894535065
2024.08.15 01:00:00,9_13568782806
2024.08.15 02:00:00,9_14461898804
2024.08.15 03:00:00,9_15731143951
2024.08.15 04:00:00,9_1682767868
2024.08.15 05:00:00,9_18242359161
2024.08.15 06:00:00,9_19288921356
2024.08.15 07:00:00,9_19205284119
2024.08.15 08:00:00,9_18473720551
2024.08.15 09:00:00,9_17395114899
2024.08.15 10:00:00,9_17402648926
2024.08.15 11:00:00,9_15102958679
2024.08.15 12:00:00,9_1400718689
2024.08.15 13:00:00,9_11741733551
2024.08.15 14:00:00,9_10506248474
2024.08.15 15:00:00,9_09550380707
2024.08.15 16:00:00,9_09013843536
2024.08.15 17:00:00,9_09605407715
2024.08.15 18:00:00,9_10451889038
2024.08.15 19:00:00,9_11240386963
2024.08.15 20:00:00,9_11488723755
2024.08.15 21:00:00,9_12317943573
2024.08.15 22:00:00,9_12543582916
2024.08.15 23:00:00,9_1326675415
2024.08.16 00:00:00,9_14125347137
2024.08.16 01:00:00,9_1457901001
2024.08.16 02:00:00,9_15201377869
2024.08.16 03:00:00,9_15720367432
2024.08.16 04:00:00,9_16265773773
2024.08.16 05:00:00,9_17064094543
2024.08.16 06:00:00,9_17847251892
2024.08.16 07:00:00,9_18482780457
2024.08.16 08:00:00,9_18947792053
2024.08.16 09:00:00,9_19461631775
2024.08.16 10:00:00,9_2001209259
2024.08.16 11:00:00,9_20055294037
2024.08.16 12:00:00,9_19539833069
2024.08.16 13:00:00,9_18375396729
2024.08.16 14:00:00,9_17156982422
2024.08.16 15:00:00,9_15742683411
2024.08.16 16:00:00,9_14778232574
2024.08.16 17:00:00,9_14021682739
2024.08.16 18:00:00,9_13964271545
2024.08.16 19:00:00,9_14205169678
2024.08.16 20:00:00,9_15065574646
2024.08.16 21:00:00,9_15944290161
2024.08.16 22:00:00,9_16616439819
2024.08.16 23:00:00,9_172914505
2024.08.17 00:00:00,9_17817497253
2024.08.17 01:00:00,9_18312835693
2024.08.17 02:00:00,9_1881980896
2024.08.17 03:00:00,9_19295787811
2024.08.17 04:00:00,9_19750976563
2024.08.17 05:00:00,9_20114898682
2024.08.17 06:00:00,9_20760536194
2024.08.17 07:00:00,9_21564769745
2024.08.17 08:00:00,9_22948932648
2024.08.17 09:00:00,9_23640441895
2024.08.17 10:00:00,9_21772861481
2024.08.17 11:00:00,9_20230197906
2024.08.17 12:00:00,9_18557167053
2024.08.17 13:00:00,9_16260719299
2024.08.17 14:00:00,9_13851547241
2024.08.17 15:00:00,9_12154197693
2024.08.17 16:00:00,9_11696529388
2024.08.17 17:00:00,9_11305236816
2024.08.17 18:00:00,9_11449432373
2024.08.17 19:00:00,9_11850738525
2024.08.17 20:00:00,9_12457275391
2024.08.17 21:00:00,9_13178539276
2024.08.17 22:00:00,9_13315105438
2024.08.17 23:00:00,9_13429069519
2024.08.18 00:00:00,9_13529872894
2024.08.18 01:00:00,9_1357793808
2024.08.18 02:00:00,9_13415336609
2024.08.18 03:00:00,9_13436031342
2024.08.18 04:00:00,9_13477802277
2024.08.18 05:00:00,9_13653564453
2024.08.18 06:00:00,9_13971233368
2024.08.18 07:00:00,9_13695716858
2024.08.18 08:00:00,9_14183139801
2024.08.18 09:00:00,9_14487934113
2024.08.18 10:00:00,9_13873672485
2024.08.18 11:00:00,9_14369773865
2024.08.18 12:00:00,9_14089679718
2024.08.18 13:00:00,9_13682079315
2024.08.18 14:00:00,9_12729167938
2024.08.18 15:00:00,9_11928272247
2024.08.18 16:00:00,9_11078929901
2024.08.18 17:00:00,9_11208057404
2024.08.18 18:00:00,9_11867618561
2024.08.18 19:00:00,9_12405490875
2024.08.18 20:00:00,9_1354227066
2024.08.18 21:00:00,9_14204406738
2024.08.18 22:00:00,9_14897060394
2024.08.18 23:00:00,9_14964103699
2024.08.19 00:00:00,9_16108322144
2024.08.19 01:00:00,9_15285778046
2024.08.19 02:00:00,9_13372707367
2024.08.19 03:00:00,9_15506744385
2024.08.19 04:00:00,9_16597270966
2024.08.19 05:00:00,9_17411518097
2024.08.19 06:00:00,9_17282962799
2024.08.19 07:00:00,9_18296909332
2024.08.19 08:00:00,9_18865299225
2024.08.19 09:00:00,9_17940139771
2024.08.19 10:00:00,9_16745185852
2024.08.19 11:00:00,9_15291309357
2024.08.19 12:00:00,9_14382743835
2024.08.19 13:00:00,9_14852046967
2024.08.19 14:00:00,9_13848114014
2024.08.19 15:00:00,9_12263774872
2024.08.19 16:00:00,9_11629867554
2024.08.19 17:00:00,9_10392475128
2024.08.19 18:00:00,9_10665798187
2024.08.19 19:00:00,9_11156272888
2024.08.19 20:00:00,9_12155723572
2024.08.19 21:00:00,9_12720489502
2024.08.19 22:00:00,9_13533306122
2024.08.19 23:00:00,9_14244747162
2024.08.20 00:00:00,9_15010547638
2024.08.20 01:00:00,9_15445327759
2024.08.20 02:00:00,9_16301631927
2024.08.20 03:00:00,9_16438674927
2024.08.20 04:00:00,9_16256713867
2024.08.20 05:00:00,9_16759586334
2024.08.20 06:00:00,9_17995166779
2024.08.20 07:00:00,9_1841468811
2024.08.20 08:00:00,9_18774700165
2024.08.20 09:00:00,9_18671512604
2024.08.20 10:00:00,9_18551921844
2024.08.20 11:00:00,9_18158912659
2024.08.20 12:00:00,9_18307495117
2024.08.20 13:00:00,9_17360973358
2024.08.20 14:00:00,9_1633348465
2024.08.20 15:00:00,9_16036224365
2024.08.20 16:00:00,9_15342521667
2024.08.20 17:00:00,9_15999984741
2024.08.20 18:00:00,9_16095542908
2024.08.20 19:00:00,9_16829204559
2024.08.20 20:00:00,9_17989063263
2024.08.20 21:00:00,9_18782806396
2024.08.20 22:00:00,9_17150974274
2024.08.20 23:00:00,9_19147872925
2024.08.21 00:00:00,9_20096588135
2024.08.21 01:00:00,9_20062065125
2024.08.21 02:00:00,9_20825958252
2024.08.21 03:00:00,9_21312141418
2024.08.21 04:00:00,9_21707344055
2024.08.21 05:00:00,9_22146987915
2024.08.21 06:00:00,9_22538089752
2024.08.21 07:00:00,9_22603797913
2024.08.21 08:00:00,9_21728134155
2024.08.21 09:00:00,9_20859909058
2024.08.21 10:00:00,9_19641399384
2024.08.21 11:00:00,9_18856143951
2024.08.21 12:00:00,9_17673587799
2024.08.21 13:00:00,9_16052150726
2024.08.21 14:00:00,9_14694976807
2024.08.21 15:00:00,9_12756824493
2024.08.21 16:00:00,9_10883998871
2024.08.21 17:00:00,9_09844398499
2024.08.21 18:00:00,9_09041118622
2024.08.21 19:00:00,9_09420013428
2024.08.21 20:00:00,9_1014509201
2024.08.21 21:00:00,9_10596084595
2024.08.21 22:00:00,9_11116504669
2024.08.21 23:00:00,9_11328029633
2024.08.22 00:00:00,9_11471748352
2024.08.22 01:00:00,9_11693572998
2024.08.22 02:00:00,9_12194633484
2024.08.22 03:00:00,9_12931728363
2024.08.22 04:00:00,9_13796138763
2024.08.22 05:00:00,9_14619731903
2024.08.22 06:00:00,9_15563488007
2024.08.22 07:00:00,9_16073513031
2024.08.22 08:00:00,9_16194248199
2024.08.22 09:00:00,9_16242694855
2024.08.22 10:00:00,9_16034698486
2024.08.22 11:00:00,9_16321563721
2024.08.22 12:00:00,9_16284656525
2024.08.22 13:00:00,9_15147399902
2024.08.22 14:00:00,9_13286781311
2024.08.22 15:00:00,9_10963439941
2024.08.22 16:00:00,9_09001255035
2024.08.22 17:00:00,9_07250404358
2024.08.22 18:00:00,9_05864620209
2024.08.22 19:00:00,9_05608654022
2024.08.22 20:00:00,9_05874443054
2024.08.22 21:00:00,9_06387615204
2024.08.22 22:00:00,9_07295513153
2024.08.22 23:00:00,9_07828235626
2024.08.23 00:00:00,9_0809545517
2024.08.23 01:00:00,9_08384227753
2024.08.23 02:00:00,9_08819198608
2024.08.23 03:00:00,9_09488105774
2024.08.23 04:00:00,9_10363197327
2024.08.23 05:00:00,9_10966587067
2024.08.23 06:00:00,9_11500740051
2024.08.23 07:00:00,9_11673355103
2024.08.23 08:00:00,9_11096954346
2024.08.23 09:00:00,9_09858322144
2024.08.23 10:00:00,9_08710384369
2024.08.23 11:00:00,9_07818603516
2024.08.23 12:00:00,9_0623998642
2024.08.23 13:00:00,9_04358673096
2024.08.23 14:00:00,9_02958011627
2024.08.23 15:00:00,9_02298736572
2024.08.23 16:00:00,9_01483535767
2024.08.23 17:00:00,9_00871562958
2024.08.23 18:00:00,9_01455402374
2024.08.23 19:00:00,9_02388381958
2024.08.23 20:00:00,9_03189945221
2024.08.23 21:00:00,9_03127002716
2024.08.23 22:00:00,9_03046035767
2024.08.23 23:00:00,9_0324382782
2024.08.24 00:00:00,9_03829669952
2024.08.24 01:00:00,9_04688167572
2024.08.24 02:00:00,9_05301094055
2024.08.24 03:00:00,9_05733299255
2024.08.24 04:00:00,9_06161499023
2024.08.24 05:00:00,9_06517124176
2024.08.24 06:00:00,9_06927967072
2024.08.24 07:00:00,9_07493591309
2024.08.24 08:00:00,9_07980728149
2024.08.24 09:00:00,9_07918739319
2024.08.24 10:00:00,9_0762424469
2024.08.24 11:00:00,9_07585048676
2024.08.24 12:00:00,9_07811737061
2024.08.24 13:00:00,9_0824842453
2024.08.24 14:00:00,9_08699703217
2024.08.24 15:00:00,9_09080410004
2024.08.24 16:00:00,9_10004234314
2024.08.24 17:00:00,9_09990310669
2024.08.24 18:00:00,9_10477542877
2024.08.24 19:00:00,9_10838317871
2024.08.24 20:00:00,9_07603549957
2024.08.24 21:00:00,9_05341434479
2024.08.24 22:00:00,9_06409931183
2024.08.24 23:00:00,9_07743549347
2024.08.25 00:00:00,9_0825510025
2024.08.25 01:00:00,9_09168052673
2024.08.25 02:00:00,9_09838294983
2024.08.25 03:00:00,9_104845047
2024.08.25 04:00:00,9_10893821716
2024.08.25 05:00:00,9_11270904541
2024.08.25 06:00:00,9_11181545258
2024.08.25 07:00:00,9_11273956299
2024.08.25 08:00:00,9_1159658432
2024.08.25 09:00:00,9_11611557007
2024.08.25 10:00:00,9_10966014862
2024.08.25 11:00:00,9_10504436493
2024.08.25 12:00:00,9_10043716431
2024.08.25 13:00:00,9_09474658966
2024.08.25 14:00:00,9_08403396606
2024.08.25 15:00:00,9_09154224396
2024.08.25 16:00:00,9_08971786499
2024.08.25 17:00:00,9_0891084671
2024.08.25 18:00:00,9_09408187866
2024.08.25 19:00:00,9_10052394867
2024.08.25 20:00:00,9_10699081421
2024.08.25 21:00:00,9_11274242401
2024.08.25 22:00:00,9_1180229187
2024.08.25 23:00:00,9_12420558929
2024.08.26 00:00:00,9_12831497192
2024.08.26 01:00:00,9_13374042511
2024.08.26 02:00:00,9_13503360748
2024.08.26 03:00:00,9_13931655884
2024.08.26 04:00:00,9_14274787903
2024.08.26 05:00:00,9_1444978714
2024.08.26 06:00:00,9_14742088318
2024.08.26 07:00:00,9_14437961578
2024.08.26 08:00:00,9_14692687988
2024.08.26 09:00:00,9_15381145477
2024.08.26 10:00:00,9_15663146973
2024.08.26 11:00:00,9_16268920898
2024.08.26 12:00:00,9_16930866241
2024.08.26 13:00:00,9_16737556458
2024.08.26 14:00:00,9_16233253479
2024.08.26 15:00:00,9_163397789
2024.08.26 16:00:00,9_15652942657
2024.08.26 17:00:00,9_13911914825
2024.08.26 18:00:00,9_12263584137
2024.08.26 19:00:00,9_11491584778
2024.08.26 20:00:00,9_11385536194
2024.08.26 21:00:00,9_11871433258
2024.08.26 22:00:00,9_12228107452
2024.08.26 23:00:00,9_12604904175
2024.08.27 00:00:00,9_12525367737
2024.08.27 01:00:00,9_12558841705
2024.08.27 02:00:00,9_12765407562
2024.08.27 03:00:00,9_13092517853
2024.08.27 04:00:00,9_13465499878
2024.08.27 05:00:00,9_13917350769
2024.08.27 06:00:00,9_14380741119
2024.08.27 07:00:00,9_14283847809
2024.08.27 08:00:00,9_13359832764
2024.08.27 09:00:00,9_12193202972
2024.08.27 10:00:00,9_10850524902
2024.08.27 11:00:00,9_09247875214
2024.08.27 12:00:00,9_07974720001
2024.08.27 13:00:00,9_07991886139
2024.08.27 14:00:00,9_07870006561
2024.08.27 15:00:00,9_07282829285
2024.08.27 16:00:00,9_0598154068
2024.08.27 17:00:00,9_04624843597
2024.08.27 18:00:00,9_03856945038
2024.08.27 19:00:00,9_03703117371
2024.08.27 20:00:00,9_03829479218
2024.08.27 21:00:00,9_04378414154
2024.08.27 22:00:00,9_04636764526
2024.08.27 23:00:00,9_04624557495
2024.08.28 00:00:00,9_04360771179
2024.08.28 01:00:00,9_0438709259
2024.08.28 02:00:00,9_04528045654
2024.08.28 03:00:00,9_04790115356
2024.08.28 04:00:00,9_05253505707
2024.08.28 05:00:00,9_05762481689
2024.08.28 06:00:00,9_0612449646
2024.08.28 07:00:00,9_05945396423
2024.08.28 08:00:00,9_0505065918
2024.08.28 09:00:00,9_03847503662
2024.08.28 10:00:00,9_02513599396
2024.08.28 11:00:00,9_01073074341
2024.08.28 12:00:00,8_99495792389
2024.08.28 13:00:00,8_98863792419
2024.08.28 14:00:00,8_98947143555
2024.08.28 15:00:00,8_98134708405
2024.08.28 16:00:00,8_96792697906
2024.08.28 17:00:00,8_9567861557
2024.08.28 18:00:00,8_95063591003
2024.08.28 19:00:00,8_95316886902
2024.08.28 20:00:00,8_95097351074
2024.08.28 21:00:00,8_95045280457
2024.08.28 22:00:00,8_94966888428
2024.08.28 23:00:00,8_94721317291
2024.08.29 00:00:00,8_94559764862
2024.08.29 01:00:00,8_94887828827
2024.08.29 02:00:00,8_95410919189
2024.08.29 03:00:00,8_95749092102
2024.08.29 04:00:00,8_96202659607
2024.08.29 05:00:00,8_96726226807
2024.08.29 06:00:00,8_97152709961
2024.08.29 07:00:00,8_97406291962
2024.08.29 08:00:00,8_9747877121
2024.08.29 09:00:00,8_97174739838
2024.08.29 10:00:00,8_96172714233
2024.08.29 11:00:00,8_95765686035
2024.08.29 12:00:00,8_95590496063
2024.08.29 13:00:00,8_95555400848
2024.08.29 14:00:00,8_95582962036
2024.08.29 15:00:00,8_95665550232
2024.08.29 16:00:00,8_95645141602
2024.08.29 17:00:00,8_95651531219
2024.08.29 18:00:00,8_95838737488
2024.08.29 19:00:00,8_96195411682
2024.08.29 20:00:00,8_9661283493
2024.08.29 21:00:00,8_96914100647
2024.08.29 22:00:00,8_97323322296
2024.08.29 23:00:00,8_9776802063
2024.08.30 00:00:00,8_98316001892
2024.08.30 01:00:00,8_98930740356
2024.08.30 02:00:00,8_99449539185
2024.08.30 03:00:00,8_9997882843
2024.08.30 04:00:00,9_00375461578
2024.08.30 05:00:00,9_00667285919
2024.08.30 06:00:00,9_00925540924
2024.08.30 07:00:00,9_01228713989
2024.08.30 08:00:00,9_01487255096
2024.08.30 09:00:00,9_01644229889
2024.08.30 10:00:00,9_01590251923
2024.08.30 11:00:00,9_01120471954
2024.08.30 12:00:00,9_00851726532
2024.08.30 13:00:00,9_00439834595
2024.08.30 14:00:00,9_00029850006
2024.08.30 15:00:00,8_99768638611
2024.08.30 16:00:00,8_99734115601
2024.08.30 17:00:00,8_99987602234
2024.08.30 18:00:00,9_00295639038
2024.08.30 19:00:00,9_00487041473
2024.08.30 20:00:00,9_0076789856
2024.08.30 21:00:00,9_01252269745
2024.08.30 22:00:00,9_0175037384
2024.08.30 23:00:00,9_0225315094
2024.08.31 00:00:00,9_02668571472
2024.08.31 01:00:00,9_03026294708
2024.08.31 02:00:00,9_03362369537
2024.08.31 03:00:00,9_03664302826
2024.08.31 04:00:00,9_03970718384
2024.08.31 05:00:00,9_042760849
2024.08.31 06:00:00,9_04574394226
2024.08.31 07:00:00,9_0480298996
2024.08.31 08:00:00,9_04897022247
2024.08.31 09:00:00,9_05060100555
2024.08.31 10:00:00,9_05153560638
2024.08.31 11:00:00,9_0482711792
2024.08.31 12:00:00,9_04495716095
2024.08.31 13:00:00,9_03764343262
2024.08.31 14:00:00,9_03606033325
2024.08.31 15:00:00,9_03128910065
2024.08.31 16:00:00,9_02482795715
2024.08.31 17:00:00,9_01741218567
2024.08.31 18:00:00,9_01450824738
2024.08.31 19:00:00,9_01704120636
2024.08.31 20:00:00,9_02253246307
2024.08.31 21:00:00,9_02847099304
2024.08.31 22:00:00,9_03355312347
2024.08.31 23:00:00,9_03818416595
2024.09.01 00:00:00,9_04235172272
2024.09.01 01:00:00,9_04588699341
2024.09.01 02:00:00,9_04921627045
2024.09.01 03:00:00,9_05212688446
2024.09.01 04:00:00,9_0541677475
2024.09.01 05:00:00,9_05617523193
2024.09.01 06:00:00,9_05705070496
2024.09.01 07:00:00,9_06038188934
2024.09.01 08:00:00,9_06031036377
2024.09.01 09:00:00,9_05930042267
2024.09.01 10:00:00,9_06091594696
2024.09.01 11:00:00,9_05768680573
2024.09.01 12:00:00,9_05184078217
2024.09.01 13:00:00,9_05088806152
2024.09.01 14:00:00,9_0561542511
2024.09.01 15:00:00,9_05809211731
2024.09.01 16:00:00,9_06147861481
2024.09.01 17:00:00,9_06334972382
2024.09.01 18:00:00,9_06563472748
2024.09.01 19:00:00,9_0670747757
2024.09.01 20:00:00,9_06855583191
2024.09.01 21:00:00,9_06977653503
2024.09.01 22:00:00,9_07029342651
2024.09.01 23:00:00,9_07116031647
2024.09.02 00:00:00,9_07037734985
2024.09.02 01:00:00,9_0699634552
2024.09.02 02:00:00,9_07064056396
2024.09.02 03:00:00,9_07264614105
2024.09.02 04:00:00,9_07373809814
2024.09.02 05:00:00,9_07433605194
2024.09.02 06:00:00,9_07553482056
2024.09.02 07:00:00,9_07499313354
2024.09.02 08:00:00,9_07436752319
2024.09.02 09:00:00,9_0728931427
2024.09.02 10:00:00,9_0679731369
2024.09.02 11:00:00,9_06365871429
2024.09.02 12:00:00,9_06242752075
2024.09.02 13:00:00,9_05736160278
2024.09.02 14:00:00,9_05377483368
2024.09.02 15:00:00,9_05305480957
2024.09.02 16:00:00,9_05318832397
2024.09.02 17:00:00,9_04967212677
2024.09.02 18:00:00,9_04391479492
2024.09.02 19:00:00,9_04389762878
2024.09.02 20:00:00,9_05096626282
2024.09.02 21:00:00,9_05560016632
2024.09.02 22:00:00,9_05811786652
2024.09.02 23:00:00,9_06049919128
2024.09.03 00:00:00,9_06295681
2024.09.03 01:00:00,9_06041049957
2024.09.03 02:00:00,9_06170940399
2024.09.03 03:00:00,9_05208969116
2024.09.03 04:00:00,9_04653072357
2024.09.03 05:00:00,9_05481433868
2024.09.03 06:00:00,9_05911445618
2024.09.03 07:00:00,9_06225204468
2024.09.03 08:00:00,9_06323432922
2024.09.03 09:00:00,9_06058120728
2024.09.03 10:00:00,9_05705928802
2024.09.03 11:00:00,9_05131721497
2024.09.03 12:00:00,9_04484939575
2024.09.03 13:00:00,9_03876781464
2024.09.03 14:00:00,9_03891849518
2024.09.03 15:00:00,9_03702259064
2024.09.03 16:00:00,9_03302001953
2024.09.03 17:00:00,9_02652263641
2024.09.03 18:00:00,9_0236492157
2024.09.03 19:00:00,9_02325820923
2024.09.03 20:00:00,9_02539253235
2024.09.03 21:00:00,9_02852916718
2024.09.03 22:00:00,9_03221607208
2024.09.03 23:00:00,9_03491783142
2024.09.04 00:00:00,9_03712368011
2024.09.04 01:00:00,9_04033470154
2024.09.04 02:00:00,9_04571533203
2024.09.04 03:00:00,9_05215454102
2024.09.04 04:00:00,9_05816078186
2024.09.04 05:00:00,9_06426906586
2024.09.04 06:00:00,9_06939888
2024.09.04 07:00:00,9_07108688354
2024.09.04 08:00:00,9_06850624084
2024.09.04 09:00:00,9_06426811218
2024.09.04 10:00:00,9_0590057373
2024.09.04 11:00:00,9_05219459534
2024.09.04 12:00:00,9_0426568985
2024.09.04 13:00:00,9_03478717804
2024.09.04 14:00:00,9_03296947479
2024.09.04 15:00:00,9_02791023254
2024.09.04 16:00:00,9_02014732361
2024.09.04 17:00:00,9_01145172119
2024.09.04 18:00:00,9_01183986664
2024.09.04 19:00:00,9_01338672638
2024.09.04 20:00:00,9_01113605499
2024.09.04 21:00:00,9_00813007355
2024.09.04 22:00:00,9_00772094727
2024.09.04 23:00:00,9_00829601288
2024.09.05 00:00:00,9_01061534882
2024.09.05 01:00:00,9_01390552521
2024.09.05 02:00:00,9_01728534698
2024.09.05 03:00:00,9_02008533478
2024.09.05 04:00:00,9_02182483673
2024.09.05 05:00:00,9_02304840088
2024.09.05 06:00:00,9_02400588989
2024.09.05 07:00:00,9_02446365356
2024.09.05 08:00:00,9_02377128601
2024.09.05 09:00:00,9_01836395264
2024.09.05 10:00:00,9_01061248779
2024.09.05 11:00:00,9_00115299225
2024.09.05 12:00:00,8_99104881287
2024.09.05 13:00:00,8_97919559479
2024.09.05 14:00:00,8_96688079834
2024.09.05 15:00:00,8_95750236511
2024.09.05 16:00:00,8_95352268219
2024.09.05 17:00:00,8_94841766357
2024.09.05 18:00:00,8_94726753235
2024.09.05 19:00:00,8_9471912384
2024.09.05 20:00:00,8_94838047028
2024.09.05 21:00:00,8_94934749603
2024.09.05 22:00:00,8_94962120056
2024.09.05 23:00:00,8_95068645477
2024.09.06 00:00:00,8_95244979858
2024.09.06 01:00:00,8_95486831665
2024.09.06 02:00:00,8_95672607422
2024.09.06 03:00:00,8_95936107635
2024.09.06 04:00:00,8_96181774139
2024.09.06 05:00:00,8_96454143524
2024.09.06 06:00:00,8_96685600281
2024.09.06 07:00:00,8_96930027008
2024.09.06 08:00:00,8_97259140015
2024.09.06 09:00:00,8_97497558594
2024.09.06 10:00:00,8_97628688812
2024.09.06 11:00:00,8_98048496246
2024.09.06 12:00:00,8_98447418213
2024.09.06 13:00:00,8_98494148254
2024.09.06 14:00:00,8_98284339905
2024.09.06 15:00:00,8_98253917694
2024.09.06 16:00:00,8_9812002182
2024.09.06 17:00:00,8_98550224304
2024.09.06 18:00:00,8_98596191406
2024.09.06 19:00:00,8_98919010162
2024.09.06 20:00:00,8_9929561615
2024.09.06 21:00:00,8_99781990051
2024.09.06 22:00:00,8_99951267242
2024.09.06 23:00:00,8_99923706055
2024.09.07 00:00:00,8_99809360504
2024.09.07 01:00:00,8_99185180664
2024.09.07 02:00:00,8_9877948761
2024.09.07 03:00:00,8_99251747131
2024.09.07 04:00:00,8_97491455078
2024.09.07 05:00:00,8_97179317474
2024.09.07 06:00:00,8_95941352844
2024.09.07 07:00:00,8_97239971161
2024.09.07 08:00:00,8_98176193237
2024.09.07 09:00:00,8_98578548431
2024.09.07 10:00:00,8_98708248138
2024.09.07 11:00:00,8_98895740509
2024.09.07 12:00:00,8_98965072632
2024.09.07 13:00:00,8_99007034302
2024.09.07 14:00:00,8_99039554596
2024.09.07 15:00:00,8_99038124084
2024.09.07 16:00:00,8_9889831543
2024.09.07 17:00:00,8_98850250244
2024.09.07 18:00:00,8_98820781708
2024.09.07 19:00:00,8_99013996124
2024.09.07 20:00:00,8_99229431152
2024.09.07 21:00:00,8_99347686768
2024.09.07 22:00:00,8_99600791931
2024.09.07 23:00:00,8_99794101715
2024.09.08 00:00:00,8_99863529205
2024.09.08 01:00:00,9_00058841705
2024.09.08 02:00:00,9_00251960754
2024.09.08 03:00:00,9_00110721588
2024.09.08 04:00:00,9_00065898895
2024.09.08 05:00:00,8_99697208405
2024.09.08 06:00:00,8_99494838715
2024.09.08 07:00:00,8_99588775635
2024.09.08 08:00:00,8_9948387146
2024.09.08 09:00:00,8_994348526
2024.09.08 10:00:00,8_9957113266
2024.09.08 11:00:00,8_99018192291
2024.09.08 12:00:00,8_98406505585
2024.09.08 13:00:00,8_98681259155
2024.09.08 14:00:00,8_9875164032
2024.09.08 15:00:00,8_98947811127
2024.09.08 16:00:00,8_97748184204
2024.09.08 17:00:00,8_95047569275
2024.09.08 18:00:00,8_95554447174
2024.09.08 19:00:00,8_93786334991
2024.09.08 20:00:00,8_95199489594
2024.09.08 21:00:00,8_91416835785
2024.09.08 22:00:00,8_91508293152
2024.09.08 23:00:00,8_91927814484
2024.09.09 00:00:00,8_9360332489
2024.09.09 01:00:00,8_95019245148
2024.09.09 02:00:00,8_95374202728
2024.09.09 03:00:00,8_95641803741
2024.09.09 04:00:00,8_93397521973
2024.09.09 05:00:00,8_92984008789
2024.09.09 06:00:00,8_93552112579
2024.09.09 07:00:00,8_94030666351
2024.09.09 08:00:00,8_94430065155
2024.09.09 09:00:00,8_95131206512
2024.09.09 10:00:00,8_95433712006
2024.09.09 11:00:00,8_95645618439
2024.09.09 12:00:00,8_95806026459
2024.09.09 13:00:00,8_95699310303
2024.09.09 14:00:00,8_95395183563
2024.09.09 15:00:00,8_9509563446
2024.09.09 16:00:00,8_94966697693
2024.09.09 17:00:00,8_94919490814
2024.09.09 18:00:00,8_95036029816
2024.09.09 19:00:00,8_95331954956
2024.09.09 20:00:00,8_95771598816
2024.09.09 21:00:00,8_96297550201
2024.09.09 22:00:00,8_96727848053
2024.09.09 23:00:00,8_97190666199
2024.09.10 00:00:00,8_97476482391
2024.09.10 01:00:00,8_97800540924
2024.09.10 02:00:00,8_98012542725
2024.09.10 03:00:00,8_98286533356
2024.09.10 04:00:00,8_98327636719
2024.09.10 05:00:00,8_98606491089
2024.09.10 06:00:00,8_98696613312
2024.09.10 07:00:00,8_9879360199
2024.09.10 08:00:00,8_98670768738
2024.09.10 09:00:00,8_98529624939
2024.09.10 10:00:00,8_98406887054
2024.09.10 11:00:00,8_98015117645
2024.09.10 12:00:00,8_96572971344
2024.09.10 13:00:00,8_9709444046
2024.09.10 14:00:00,8_97350025177
2024.09.10 15:00:00,8_96782207489
2024.09.10 16:00:00,8_96266746521
2024.09.10 17:00:00,8_96149253845
2024.09.10 18:00:00,8_9628572464
2024.09.10 19:00:00,8_97140979767
2024.09.10 20:00:00,8_97798633575
2024.09.10 21:00:00,8_98068809509
2024.09.10 22:00:00,8_98231220245
2024.09.10 23:00:00,8_98477268219
2024.09.11 00:00:00,8_98605823517
2024.09.11 01:00:00,8_98675537109
2024.09.11 02:00:00,8_98758602142
2024.09.11 03:00:00,8_98845291138
2024.09.11 04:00:00,8_98525047302
2024.09.11 05:00:00,8_9838476181
2024.09.11 06:00:00,8_98192691803
2024.09.11 07:00:00,8_98428440094
2024.09.11 08:00:00,8_9855890274
2024.09.11 09:00:00,8_98582172394
2024.09.11 10:00:00,8_98540592194
2024.09.11 11:00:00,8_98269939423
2024.09.11 12:00:00,8_98066425323
2024.09.11 13:00:00,8_97868537903
2024.09.11 14:00:00,8_97751998901
2024.09.11 15:00:00,8_97695541382
2024.09.11 16:00:00,8_97652244568
2024.09.11 17:00:00,8_97777366638
2024.09.11 18:00:00,8_97943878174
2024.09.11 19:00:00,8_9815530777
2024.09.11 20:00:00,8_983959198
2024.09.11 21:00:00,8_98550605774
2024.09.11 22:00:00,8_98793888092
2024.09.11 23:00:00,8_98990726471
2024.09.12 00:00:00,8_98724269867
2024.09.12 01:00:00,8_98742008209
2024.09.12 02:00:00,8_98801040649
2024.09.12 03:00:00,8_98828220367
2024.09.12 04:00:00,8_9853477478
2024.09.12 05:00:00,8_98631954193
2024.09.12 06:00:00,8_98711395264
2024.09.12 07:00:00,8_98849105835
2024.09.12 08:00:00,8_9892578125
2024.09.12 09:00:00,8_98914718628
2024.09.12 10:00:00,8_98854160309
2024.09.12 11:00:00,8_98746109009
2024.09.12 12:00:00,8_98607826233
2024.09.12 13:00:00,8_98462867737
2024.09.12 14:00:00,8_98328304291
2024.09.12 15:00:00,8_9821805954
2024.09.12 16:00:00,8_98166847229
2024.09.12 17:00:00,8_98171138763
2024.09.12 18:00:00,8_98234367371
2024.09.12 19:00:00,8_98367214203
2024.09.12 20:00:00,8_98513698578
2024.09.12 21:00:00,8_98665332794
2024.09.12 22:00:00,8_98847293854
2024.09.12 23:00:00,8_990234375
2024.09.13 00:00:00,8_99147319794
2024.09.13 01:00:00,8_99231243134
2024.09.13 02:00:00,8_99116134644
2024.09.13 03:00:00,8_98861980438
2024.09.13 04:00:00,8_99060344696
2024.09.13 05:00:00,8_99095153809
2024.09.13 06:00:00,8_99098873138
2024.09.13 07:00:00,8_99047374725
2024.09.13 08:00:00,8_99026870728
2024.09.13 09:00:00,8_98928070068
2024.09.13 10:00:00,8_98756599426
2024.09.13 11:00:00,8_98611354828
2024.09.13 12:00:00,8_98679447174
2024.09.13 13:00:00,8_98586082458
2024.09.13 14:00:00,8_98188781738
2024.09.13 15:00:00,8_97707271576
2024.09.13 16:00:00,8_97444438934
2024.09.13 17:00:00,8_97313690186
2024.09.13 18:00:00,8_97232055664
2024.09.13 19:00:00,8_97254085541
2024.09.13 20:00:00,8_97257995605
2024.09.13 21:00:00,8_97246360779
2024.09.13 22:00:00,8_97210407257
2024.09.13 23:00:00,8_97183990479
2024.09.14 00:00:00,8_97197914124
2024.09.14 01:00:00,8_97276115417
2024.09.14 02:00:00,8_97423458099
2024.09.14 03:00:00,8_97594165802
2024.09.14 04:00:00,8_97768592834
2024.09.14 05:00:00,8_97933292389
2024.09.14 06:00:00,8_98089599609
2024.09.14 07:00:00,8_98221302032
2024.09.14 08:00:00,8_98239612579
2024.09.14 09:00:00,8_98025417328
2024.09.14 10:00:00,8_97787094116
2024.09.14 11:00:00,8_97593402863
2024.09.14 12:00:00,8_97240066528
2024.09.14 13:00:00,8_96977424622
2024.09.14 14:00:00,8_96757507324
2024.09.14 15:00:00,8_96395015717
2024.09.14 16:00:00,8_96209335327
2024.09.14 17:00:00,8_96099758148
2024.09.14 18:00:00,8_96028232574
2024.09.14 19:00:00,8_96067905426
2024.09.14 20:00:00,8_96120357513
2024.09.14 21:00:00,8_96176624298
2024.09.14 22:00:00,8_9624671936
2024.09.14 23:00:00,8_963306427
2024.09.15 00:00:00,8_96426200867
2024.09.15 01:00:00,8_96587944031
2024.09.15 02:00:00,8_96814823151
2024.09.15 03:00:00,8_97092914581
2024.09.15 04:00:00,8_97366714478
2024.09.15 05:00:00,8_97590637207
2024.09.15 06:00:00,8_97832202911
2024.09.15 07:00:00,8_97967624664
2024.09.15 08:00:00,8_97878360748
2024.09.15 09:00:00,8_97681331635
2024.09.15 10:00:00,8_97330856323
2024.09.15 11:00:00,8_971616745
2024.09.15 12:00:00,8_97189903259
2024.09.15 13:00:00,8_9724817276
2024.09.15 14:00:00,8_97237014771
2024.09.15 15:00:00,8_96941757202
2024.09.15 16:00:00,8_96531581879
2024.09.15 17:00:00,8_96368694305
2024.09.15 18:00:00,8_96321678162
2024.09.15 19:00:00,8_96231746674
2024.09.15 20:00:00,8_96003913879
2024.09.15 21:00:00,8_9579076767
2024.09.15 22:00:00,8_95978355408
2024.09.15 23:00:00,8_9634141922
2024.09.16 00:00:00,8_96531867981
2024.09.16 01:00:00,8_96638679504
2024.09.16 02:00:00,8_96731853485
2024.09.16 03:00:00,8_96756458282
2024.09.16 04:00:00,8_96739768982
2024.09.16 05:00:00,8_96730422974
2024.09.16 06:00:00,8_96680450439
2024.09.16 07:00:00,8_96741104126
2024.09.16 08:00:00,8_96770191193
2024.09.16 09:00:00,8_96856975555
2024.09.16 10:00:00,8_96842575073
2024.09.16 11:00:00,8_96704864502
2024.09.16 12:00:00,8_96494197845
2024.09.16 13:00:00,8_96308231354
2024.09.16 14:00:00,8_96278190613
2024.09.16 15:00:00,8_96244716644
2024.09.16 16:00:00,8_96361541748
2024.09.16 17:00:00,8_96450042725
2024.09.16 18:00:00,8_96569347382
2024.09.16 19:00:00,8_96704483032
2024.09.16 20:00:00,8_96567821503
2024.09.16 21:00:00,8_968126297
2024.09.16 22:00:00,8_9696149826
2024.09.16 23:00:00,8_97089004517
2024.09.17 00:00:00,8_97210693359
2024.09.17 01:00:00,8_97327423096
2024.09.17 02:00:00,8_97432231903
2024.09.17 03:00:00,8_97526550293
2024.09.17 04:00:00,8_9759311676
2024.09.17 05:00:00,8_97665977478
2024.09.17 06:00:00,8_97687911987
2024.09.17 07:00:00,8_97793674469
2024.09.17 08:00:00,8_9784078598
2024.09.17 09:00:00,8_97767162323
2024.09.17 10:00:00,8_97557067871
2024.09.17 11:00:00,8_97299480438
2024.09.17 12:00:00,8_96942615509
2024.09.17 13:00:00,8_96625900269
2024.09.17 14:00:00,8_96221256256
2024.09.17 15:00:00,8_95769119263
2024.09.17 16:00:00,8_9538230896
2024.09.17 17:00:00,8_95013713837
2024.09.17 18:00:00,8_94844341278
2024.09.17 19:00:00,8_95101642609
2024.09.17 20:00:00,8_95316028595
2024.09.17 21:00:00,8_9551525116
2024.09.17 22:00:00,8_9570941925
2024.09.17 23:00:00,8_95867538452
2024.09.18 00:00:00,8_95991897583
2024.09.18 01:00:00,8_96109199524
2024.09.18 02:00:00,8_96233654022
2024.09.18 03:00:00,8_96391677856
2024.09.18 04:00:00,8_965965271
2024.09.18 05:00:00,8_96834278107
2024.09.18 06:00:00,8_97087669373
2024.09.18 07:00:00,8_9732542038
2024.09.18 08:00:00,8_97511768341
2024.09.18 09:00:00,8_97603416443
2024.09.18 10:00:00,8_9753484726
2024.09.18 11:00:00,8_97363948822
2024.09.18 12:00:00,8_97223091125
2024.09.18 13:00:00,8_97147274017
2024.09.18 14:00:00,8_97073173523
2024.09.18 15:00:00,8_96998882294
2024.09.18 16:00:00,8_96970176697
2024.09.18 17:00:00,8_97022438049
2024.09.18 18:00:00,8_97130680084
2024.09.18 19:00:00,8_9731092453
2024.09.18 20:00:00,8_97523975372
2024.09.18 21:00:00,8_97741317749
2024.09.18 22:00:00,8_97900009155
2024.09.18 23:00:00,8_98019790649
2024.09.19 00:00:00,8_98168849945
2024.09.19 01:00:00,8_98281955719
2024.09.19 02:00:00,8_98335456848
2024.09.19 03:00:00,8_9832983017
2024.09.19 04:00:00,8_98329353333
2024.09.19 05:00:00,8_98352336884
2024.09.19 06:00:00,8_98342990875
2024.09.19 07:00:00,8_98294830322
2024.09.19 08:00:00,8_98187160492
2024.09.19 09:00:00,8_97933197021
2024.09.19 10:00:00,8_97838878632
2024.09.19 11:00:00,8_97621440887
2024.09.19 12:00:00,8_97304344177
2024.09.19 13:00:00,8_96904373169
2024.09.19 14:00:00,8_96687507629
2024.09.19 15:00:00,8_96383666992
2024.09.19 16:00:00,8_96271038055
2024.09.19 17:00:00,8_96410751343
2024.09.19 18:00:00,8_96813201904
2024.09.19 19:00:00,8_97109127045
2024.09.19 20:00:00,8_97203540802
2024.09.19 21:00:00,8_97253417969
2024.09.19 22:00:00,8_97331142426
2024.09.19 23:00:00,8_97366905212
2024.09.20 00:00:00,8_97378253937
2024.09.20 01:00:00,8_97384929657
2024.09.20 02:00:00,8_97401618958
2024.09.20 03:00:00,8_97451114655
2024.09.20 04:00:00,8_97539424896
2024.09.20 05:00:00,8_9759759903
2024.09.20 06:00:00,8_97193241119
2024.09.20 07:00:00,8_97396087646
2024.09.20 08:00:00,8_9766702652
2024.09.20 09:00:00,8_97800064087
2024.09.20 10:00:00,8_97820281982
2024.09.20 11:00:00,8_97703266144
2024.09.20 12:00:00,8_9745054245
2024.09.20 13:00:00,8_97281837463
2024.09.20 14:00:00,8_97138500214
2024.09.20 15:00:00,8_96994495392
2024.09.20 16:00:00,8_97009086609
2024.09.20 17:00:00,8_97055721283
2024.09.20 18:00:00,8_9717912674
2024.09.20 19:00:00,8_97483348846
2024.09.20 20:00:00,8_97716140747
2024.09.20 21:00:00,8_97808837891
2024.09.20 22:00:00,8_97980690002
2024.09.20 23:00:00,8_97991371155
2024.09.21 00:00:00,8_95990657806
2024.09.21 01:00:00,8_95869541168
2024.09.21 02:00:00,8_96780872345
2024.09.21 03:00:00,8_97288608551
2024.09.21 04:00:00,8_96975326538
2024.09.21 05:00:00,8_97044277191
2024.09.21 06:00:00,8_97378921509
2024.09.21 07:00:00,8_97497081757
2024.09.21 08:00:00,8_97544670105
2024.09.21 09:00:00,8_97909832001
2024.09.21 10:00:00,8_97964096069
2024.09.21 11:00:00,8_9836769104
2024.09.21 12:00:00,8_98673152924
2024.09.21 13:00:00,8_98941993713
2024.09.21 14:00:00,8_99055671692
2024.09.21 15:00:00,8_98467826843
2024.09.21 16:00:00,8_97664642334
2024.09.21 17:00:00,8_97545146942
2024.09.21 18:00:00,8_9735660553
2024.09.21 19:00:00,8_97616291046
2024.09.21 20:00:00,8_97894382477
2024.09.21 21:00:00,8_98051357269
2024.09.21 22:00:00,8_98195362091
2024.09.21 23:00:00,8_98194122314
2024.09.22 00:00:00,8_98258113861
2024.09.22 01:00:00,8_98335456848
2024.09.22 02:00:00,8_98327636719
2024.09.22 03:00:00,8_98272705078
2024.09.22 04:00:00,8_98323822021
2024.09.22 05:00:00,8_9839963913
2024.09.22 06:00:00,8_98444461823
2024.09.22 07:00:00,8_98649501801
2024.09.22 08:00:00,8_98682785034
2024.09.22 09:00:00,8_98057937622
2024.09.22 10:00:00,8_97395706177
2024.09.22 11:00:00,8_94141674042
2024.09.22 12:00:00,8_91711902618
2024.09.22 13:00:00,8_92647457123
2024.09.22 14:00:00,8_93908882141
2024.09.22 15:00:00,8_949883461
2024.09.22 16:00:00,8_95450115204
2024.09.22 17:00:00,8_95736980438
2024.09.22 18:00:00,8_95824623108
2024.09.22 19:00:00,8_96157169342
2024.09.22 20:00:00,8_96137142181
2024.09.22 21:00:00,8_96135616302
2024.09.22 22:00:00,8_96224117279
2024.09.22 23:00:00,8_9626750946
2024.09.23 00:00:00,8_96300315857
2024.09.23 01:00:00,8_95353126526
2024.09.23 02:00:00,8_95972442627
2024.09.23 03:00:00,8_95403194427
2024.09.23 04:00:00,8_95464611053
2024.09.23 05:00:00,8_95652389526
2024.09.23 06:00:00,8_95898628235
2024.09.23 07:00:00,8_95911693573
2024.09.23 08:00:00,8_940533638
2024.09.23 09:00:00,8_93979644775
2024.09.23 10:00:00,8_95191478729
2024.09.23 11:00:00,8_95897865295
2024.09.23 12:00:00,8_96317386627
2024.09.23 13:00:00,8_96343803406
2024.09.23 14:00:00,8_96455574036
2024.09.23 15:00:00,8_96403980255
2024.09.23 16:00:00,8_9646282196
2024.09.23 17:00:00,8_96311950684
2024.09.23 18:00:00,8_9636297226
2024.09.23 19:00:00,8_95783424377
2024.09.23 20:00:00,8_95942020416
2024.09.23 21:00:00,8_95856761932
2024.09.23 22:00:00,8_94932556152
2024.09.23 23:00:00,8_9545917511
2024.09.24 00:00:00,8_95543956757
2024.09.24 01:00:00,8_95714569092
2024.09.24 02:00:00,8_95786190033
2024.09.24 03:00:00,8_95771026611
2024.09.24 04:00:00,8_95793247223
2024.09.24 05:00:00,8_9574546814
2024.09.24 06:00:00,8_95541286469
2024.09.24 07:00:00,8_95058727264
2024.09.24 08:00:00,8_94334793091
2024.09.24 09:00:00,8_94328022003
2024.09.24 10:00:00,8_94814586639
2024.09.24 11:00:00,8_95174407959
2024.09.24 12:00:00,8_94102191925
2024.09.24 13:00:00,8_94320487976
2024.09.24 14:00:00,8_94464302063
2024.09.24 15:00:00,8_94779396057
2024.09.24 16:00:00,8_95365428925
2024.09.24 17:00:00,8_95335388184
2024.09.24 18:00:00,8_95620632172
2024.09.24 19:00:00,8_95670509338
2024.09.24 20:00:00,8_9581079483
2024.09.24 21:00:00,8_95892047882
2024.09.24 22:00:00,8_95642948151
2024.09.24 23:00:00,8_94885349274
2024.09.25 00:00:00,8_94841003418
2024.09.25 01:00:00,8_95058345795
2024.09.25 02:00:00,8_95018386841
2024.09.25 03:00:00,8_95095348358
2024.09.25 04:00:00,8_9525604248
2024.09.25 05:00:00,8_95252609253
2024.09.25 06:00:00,8_95234012604
2024.09.25 07:00:00,8_94328403473
2024.09.25 08:00:00,8_9429397583
2024.09.25 09:00:00,8_93992805481
2024.09.25 10:00:00,8_95017242432
2024.09.25 11:00:00,8_95602321625
2024.09.25 12:00:00,8_96096897125
2024.09.25 13:00:00,8_96412086487
2024.09.25 14:00:00,8_96609687805
2024.09.25 15:00:00,8_96639156342
2024.09.25 16:00:00,8_96537590027
2024.09.25 17:00:00,8_9619474411
2024.09.25 18:00:00,8_95802021027
2024.09.25 19:00:00,8_95841884613
2024.09.25 20:00:00,8_95786762238
2024.09.25 21:00:00,8_95736026764
2024.09.25 22:00:00,8_95713233948
2024.09.25 23:00:00,8_956782341
2024.09.26 00:00:00,8_9566822052
2024.09.26 01:00:00,8_95672988892
2024.09.26 02:00:00,8_95661735535
2024.09.26 03:00:00,8_9566192627
2024.09.26 04:00:00,8_95660495758
2024.09.26 05:00:00,8_95666980743
2024.09.26 06:00:00,8_95672512054
2024.09.26 07:00:00,8_95678806305
2024.09.26 08:00:00,8_95694828033
2024.09.26 09:00:00,8_95736217499
2024.09.26 10:00:00,8_95817375183
2024.09.26 11:00:00,8_95870399475
2024.09.26 12:00:00,8_95943069458
2024.09.26 13:00:00,8_9603099823
2024.09.26 14:00:00,8_96175289154
2024.09.26 15:00:00,8_96278858185
2024.09.26 16:00:00,8_96322154999
2024.09.26 17:00:00,8_96311664581
2024.09.26 18:00:00,8_96234989166
2024.09.26 19:00:00,8_9613866806
2024.09.26 20:00:00,8_96046352386
2024.09.26 21:00:00,8_95965576172
2024.09.26 22:00:00,8_95862102509
2024.09.26 23:00:00,8_9583272934
2024.09.27 00:00:00,8_95773792267
2024.09.27 01:00:00,8_95777225494
2024.09.27 02:00:00,8_95731544495
2024.09.27 03:00:00,8_95761108398
2024.09.27 04:00:00,8_95763206482
2024.09.27 05:00:00,8_95730018616
2024.09.27 06:00:00,8_95723342896
2024.09.27 07:00:00,8_95680332184
2024.09.27 08:00:00,8_95684242249
2024.09.27 09:00:00,8_9571313858
2024.09.27 10:00:00,8_9560251236
2024.09.27 11:00:00,8_95466899872
2024.09.27 12:00:00,8_95351409912
2024.09.27 13:00:00,8_95338630676
2024.09.27 14:00:00,8_954621315
2024.09.27 15:00:00,8_95576190948
2024.09.27 16:00:00,8_95543956757
2024.09.27 17:00:00,8_95583248138
2024.09.27 18:00:00,8_95638084412
2024.09.27 19:00:00,8_95734882355
2024.09.27 20:00:00,8_95814228058
2024.09.27 21:00:00,8_95813941956
2024.09.27 22:00:00,8_95892238617
2024.09.27 23:00:00,8_95921039581
2024.09.28 00:00:00,8_95916843414
2024.09.28 01:00:00,8_94413661957
2024.09.28 02:00:00,8_95324325562
2024.09.28 03:00:00,8_95741558075
2024.09.28 04:00:00,8_95822048187
2024.09.28 05:00:00,8_95833587646
2024.09.28 06:00:00,8_95917606354
2024.09.28 07:00:00,8_96007347107
2024.09.28 08:00:00,8_95973873138
2024.09.28 09:00:00,8_96281051636
2024.09.28 10:00:00,8_96637916565
2024.09.28 11:00:00,8_9682970047
2024.09.28 12:00:00,8_96848297119
2024.09.28 13:00:00,8_96718120575
2024.09.28 14:00:00,8_96429252625
2024.09.28 15:00:00,8_96043872833
2024.09.28 16:00:00,8_95709514618
2024.09.28 17:00:00,8_95616054535
2024.09.28 18:00:00,8_95915794373
2024.09.28 19:00:00,8_96051025391
2024.09.28 20:00:00,8_95977306366
2024.09.28 21:00:00,8_95934867859
2024.09.28 22:00:00,8_95880317688
2024.09.28 23:00:00,8_95719337463
2024.09.29 00:00:00,8_9560546875
2024.09.29 01:00:00,8_95555973053
2024.09.29 02:00:00,8_95523262024
2024.09.29 03:00:00,8_95592880249
2024.09.29 04:00:00,8_956407547
2024.09.29 05:00:00,8_95657730103
2024.09.29 06:00:00,8_95631122589
2024.09.29 07:00:00,8_95601940155
2024.09.29 08:00:00,8_9561290741
2024.09.29 09:00:00,8_95641899109
2024.09.29 10:00:00,8_95622158051
2024.09.29 11:00:00,8_95567512512
2024.09.29 12:00:00,8_9543132782
2024.09.29 13:00:00,8_95348644257
2024.09.29 14:00:00,8_95328712463
2024.09.29 15:00:00,8_95329666138
2024.09.29 16:00:00,8_9534740448
2024.09.29 17:00:00,8_95399188995
2024.09.29 18:00:00,8_95497131348
2024.09.29 19:00:00,8_95579147339
2024.09.29 20:00:00,8_95672893524
2024.09.29 21:00:00,8_95751285553
2024.09.29 22:00:00,8_95811748505
2024.09.29 23:00:00,8_95862865448
2024.09.30 00:00:00,8_95892238617
2024.09.30 01:00:00,8_95871734619
2024.09.30 02:00:00,8_95879173279
2024.09.30 03:00:00,8_95886421204
2024.09.30 04:00:00,8_9580450058
2024.09.30 05:00:00,8_95812892914
2024.09.30 06:00:00,8_95799732208
2024.09.30 07:00:00,8_95853233337
2024.09.30 08:00:00,8_9592256546
2024.09.30 09:00:00,8_95960998535
2024.09.30 10:00:00,8_95901870728
2024.09.30 11:00:00,8_95804214478
2024.09.30 12:00:00,8_95801258087
2024.09.30 13:00:00,8_95846176147
2024.09.30 14:00:00,8_95983409882
2024.09.30 15:00:00,8_96074676514
2024.09.30 16:00:00,8_96109390259
2024.09.30 17:00:00,8_96121788025
2024.09.30 18:00:00,8_9614315033
2024.09.30 19:00:00,8_96153736115
2024.09.30 20:00:00,8_96135616302
2024.09.30 21:00:00,8_96139812469
2024.09.30 22:00:00,8_96171188354
2024.09.30 23:00:00,8_96184444427
2024.10.01 00:00:00,8_96139144897
2024.10.01 01:00:00,8_96131134033
2024.10.01 02:00:00,8_9607667923
2024.10.01 03:00:00,8_96108627319
2024.10.01 04:00:00,8_96134376526
2024.10.01 05:00:00,8_96119880676
2024.10.01 06:00:00,8_96165275574
2024.10.01 07:00:00,8_96238517761
2024.10.01 08:00:00,8_9628572464
2024.10.01 09:00:00,8_96248340607
2024.10.01 10:00:00,8_96180915833
2024.10.01 11:00:00,8_96220493317
2024.10.01 12:00:00,8_96565437317
2024.10.01 13:00:00,8_96755695343
2024.10.01 14:00:00,8_96946048737
2024.10.01 15:00:00,8_96986484528
2024.10.01 16:00:00,8_96922492981
2024.10.01 17:00:00,8_96816921234
2024.10.01 18:00:00,8_96334075928
2024.10.01 19:00:00,8_96481990814
2024.10.01 20:00:00,8_96581745148
2024.10.01 21:00:00,8_96702384949
2024.10.01 22:00:00,8_96514511108
2024.10.01 23:00:00,8_9662361145
2024.10.02 00:00:00,8_96824932098
2024.10.02 01:00:00,8_97049045563
2024.10.02 02:00:00,8_97018623352
2024.10.02 03:00:00,8_96979045868
2024.10.02 04:00:00,8_96960544586
2024.10.02 05:00:00,8_96986484528
2024.10.02 06:00:00,8_96969223022
2024.10.02 07:00:00,8_96978187561
2024.10.02 08:00:00,8_97062969208
2024.10.02 09:00:00,8_97389888763
2024.10.02 10:00:00,8_97908306122
2024.10.02 11:00:00,8_98153591156
2024.10.02 12:00:00,8_98401260376
2024.10.02 13:00:00,8_98526287079
2024.10.02 14:00:00,8_9852848053
2024.10.02 15:00:00,8_98410701752
2024.10.02 16:00:00,8_98226928711
2024.10.02 17:00:00,8_98009777069
2024.10.02 18:00:00,8_97796630859
2024.10.02 19:00:00,8_97615909576
2024.10.02 20:00:00,8_97453022003
2024.10.02 21:00:00,8_9732427597
2024.10.02 22:00:00,8_97214889526
2024.10.02 23:00:00,8_97140884399
2024.10.03 00:00:00,8_97077560425
2024.10.03 01:00:00,8_97024154663
2024.10.03 02:00:00,8_96987533569
2024.10.03 03:00:00,8_9689912796
2024.10.03 04:00:00,8_96925354004
2024.10.03 05:00:00,8_96933364868
2024.10.03 06:00:00,8_96929931641
2024.10.03 07:00:00,8_96957874298
2024.10.03 08:00:00,8_96926498413
2024.10.03 09:00:00,8_96959972382
2024.10.03 10:00:00,8_97008132935
2024.10.03 11:00:00,8_97011184692
2024.10.03 12:00:00,8_97023010254
2024.10.03 13:00:00,8_97183227539
2024.10.03 14:00:00,8_97342777252
2024.10.03 15:00:00,8_97443008423
2024.10.03 16:00:00,8_97610664368
2024.10.03 17:00:00,8_97639560699
2024.10.03 18:00:00,8_9756565094
2024.10.03 19:00:00,8_97455978394
2024.10.03 20:00:00,8_97383117676
2024.10.03 21:00:00,8_97293758392
2024.10.03 22:00:00,8_97287464142
2024.10.03 23:00:00,8_97309112549
2024.10.04 00:00:00,8_97376728058
2024.10.04 01:00:00,8_97471809387
2024.10.04 02:00:00,8_97691059113
2024.10.04 03:00:00,8_97773170471
2024.10.04 04:00:00,8_97701644897
2024.10.04 05:00:00,8_97583007813
2024.10.04 06:00:00,8_97359657288
2024.10.04 07:00:00,8_97491836548
2024.10.04 08:00:00,8_97525310516
2024.10.04 09:00:00,8_97414588928
2024.10.04 10:00:00,8_97850418091
2024.10.04 11:00:00,8_98180866241
2024.10.04 12:00:00,8_98535633087
2024.10.04 13:00:00,8_9874048233
2024.10.04 14:00:00,8_98906517029
2024.10.04 15:00:00,8_98873138428
2024.10.04 16:00:00,8_98816776276
2024.10.04 17:00:00,8_98561286926
2024.10.04 18:00:00,8_98467159271
2024.10.04 19:00:00,8_98447418213
2024.10.04 20:00:00,8_98417472839
2024.10.04 21:00:00,8_9844417572
2024.10.04 22:00:00,8_98382854462
2024.10.04 23:00:00,8_98389530182
2024.10.05 00:00:00,8_98404979706
2024.10.05 01:00:00,8_98359966278
2024.10.05 02:00:00,8_98410892487
2024.10.05 03:00:00,8_98376750946
2024.10.05 04:00:00,8_98429298401
2024.10.05 05:00:00,8_98465251923
2024.10.05 06:00:00,8_98547649384
2024.10.05 07:00:00,8_98584461212
2024.10.05 08:00:00,8_98626041412
2024.10.05 09:00:00,8_98740673065
2024.10.05 10:00:00,8_98892021179
2024.10.05 11:00:00,8_99160003662
2024.10.05 12:00:00,8_99514579773
2024.10.05 13:00:00,8_99663257599
2024.10.05 14:00:00,8_99781703949
2024.10.05 15:00:00,8_99795913696
2024.10.05 16:00:00,8_99647140503
2024.10.05 17:00:00,8_99432945251
2024.10.05 18:00:00,8_99206542969
2024.10.05 19:00:00,8_99012470245
2024.10.05 20:00:00,8_98855400085
2024.10.05 21:00:00,8_98824310303
2024.10.05 22:00:00,8_98771476746
2024.10.05 23:00:00,8_9872674942
2024.10.06 00:00:00,8_98692703247
2024.10.06 01:00:00,8_98673725128
2024.10.06 02:00:00,8_98647403717
2024.10.06 03:00:00,8_98635101318
2024.10.06 04:00:00,8_98623943329
2024.10.06 05:00:00,8_98618125916
2024.10.06 06:00:00,8_98618507385
2024.10.06 07:00:00,8_98621940613
2024.10.06 08:00:00,8_98630619049
2024.10.06 09:00:00,8_9871711731
2024.10.06 10:00:00,8_98971176147
2024.10.06 11:00:00,8_99168682098
2024.10.06 12:00:00,8_9940738678
2024.10.06 13:00:00,8_99547958374
2024.10.06 14:00:00,8_99591732025
2024.10.06 15:00:00,8_98992538452
2024.10.06 16:00:00,8_99123477936
2024.10.06 17:00:00,8_97948932648
2024.10.06 18:00:00,8_97580051422
2024.10.06 19:00:00,8_9691400528
2024.10.06 20:00:00,8_97689437866
2024.10.06 21:00:00,8_98079299927
2024.10.06 22:00:00,8_98264503479
2024.10.06 23:00:00,8_98317623138
2024.10.07 00:00:00,8_98308944702
2024.10.07 01:00:00,8_98297119141
2024.10.07 02:00:00,8_98337745667
2024.10.07 03:00:00,8_9839925766
2024.10.07 04:00:00,8_98435497284
2024.10.07 05:00:00,8_9845123291
2024.10.07 06:00:00,8_98522472382
2024.10.07 07:00:00,8_9850063324
2024.10.07 08:00:00,8_98527622223
2024.10.07 09:00:00,8_9859457016
2024.10.07 10:00:00,8_98860549927
2024.10.07 11:00:00,8_99164295197
2024.10.07 12:00:00,8_99452114105
2024.10.07 13:00:00,8_99632740021
2024.10.07 14:00:00,8_99670982361
2024.10.07 15:00:00,8_99637794495
2024.10.07 16:00:00,8_99555397034
2024.10.07 17:00:00,8_99447631836
2024.10.07 18:00:00,8_99234485626
2024.10.07 19:00:00,8_99184322357
2024.10.07 20:00:00,8_99147510529
2024.10.07 21:00:00,8_99014759064
2024.10.07 22:00:00,8_98679542542
2024.10.07 23:00:00,8_98506164551
2024.10.08 00:00:00,8_97945213318
2024.10.08 01:00:00,8_97452831268
2024.10.08 02:00:00,8_97604179382
2024.10.08 03:00:00,8_97868156433
2024.10.08 04:00:00,8_97974395752
2024.10.08 05:00:00,8_98285675049
2024.10.08 06:00:00,8_98404312134
2024.10.08 07:00:00,8_9830493927
2024.10.08 08:00:00,8_98065853119
2024.10.08 09:00:00,8_98369312286
2024.10.08 10:00:00,8_98484230042
2024.10.08 11:00:00,8_987449646
2024.10.08 12:00:00,8_99175548553
2024.10.08 13:00:00,8_98671627045
2024.10.08 14:00:00,8_9915933609
2024.10.08 15:00:00,8_99166297913
2024.10.08 16:00:00,8_99350070953
2024.10.08 17:00:00,8_9929189682
2024.10.08 18:00:00,8_99158573151
2024.10.08 19:00:00,8_99085998535
2024.10.08 20:00:00,8_99072647095
2024.10.08 21:00:00,8_99045276642
2024.10.08 22:00:00,8_99038887024
2024.10.08 23:00:00,8_99011516571
2024.10.09 00:00:00,8_99015331268
2024.10.09 01:00:00,8_99042510986
2024.10.09 02:00:00,8_99074840546
2024.10.09 03:00:00,8_99114608765
2024.10.09 04:00:00,8_99194526672
2024.10.09 05:00:00,8_9910402298
2024.10.09 06:00:00,8_99230957031
2024.10.09 07:00:00,8_99390411377
2024.10.09 08:00:00,8_99548339844
2024.10.09 09:00:00,8_99666118622
2024.10.09 10:00:00,8_99929904938
2024.10.09 11:00:00,9_00297927856
2024.10.09 12:00:00,9_00540065765
2024.10.09 13:00:00,9_00753498077
2024.10.09 14:00:00,9_00877761841
2024.10.09 15:00:00,9_00865936279
2024.10.09 16:00:00,9_00699615479
2024.10.09 17:00:00,9_00528621674
2024.10.09 18:00:00,9_0049161911
2024.10.09 19:00:00,9_00417327881
2024.10.09 20:00:00,9_00248718262
2024.10.09 21:00:00,9_00188922882
2024.10.09 22:00:00,9_00062179565
2024.10.09 23:00:00,9_00006961823
2024.10.10 00:00:00,9_00054359436
2024.10.10 01:00:00,9_00193500519
2024.10.10 02:00:00,9_00202274323
2024.10.10 03:00:00,8_99700164795
2024.10.10 04:00:00,8_98935222626
2024.10.10 05:00:00,8_98591709137
2024.10.10 06:00:00,8_98805522919
2024.10.10 07:00:00,8_99066925049
2024.10.10 08:00:00,8_98918914795
2024.10.10 09:00:00,8_99195289612
2024.10.10 10:00:00,8_9932641983
2024.10.10 11:00:00,8_9953622818
2024.10.10 12:00:00,9_00126171112
2024.10.10 13:00:00,9_00611019135
2024.10.10 14:00:00,9_00784778595
2024.10.10 15:00:00,9_00953769684
2024.10.10 16:00:00,9_00796985626
2024.10.10 17:00:00,9_00094604492
2024.10.10 18:00:00,9_0012960434
2024.10.10 19:00:00,8_99780654907
2024.10.10 20:00:00,8_98973941803
2024.10.10 21:00:00,8_9933423996
2024.10.10 22:00:00,8_99198913574
2024.10.10 23:00:00,8_99262523651
2024.10.11 00:00:00,8_98729991913
2024.10.11 01:00:00,8_97941589355
2024.10.11 02:00:00,8_98256397247
2024.10.11 03:00:00,8_98709583282
2024.10.11 04:00:00,8_9823884964
2024.10.11 05:00:00,8_98523902893
2024.10.11 06:00:00,8_98706245422
2024.10.11 07:00:00,8_98847961426
2024.10.11 08:00:00,8_99016666412
2024.10.11 09:00:00,8_99035644531
2024.10.11 10:00:00,8_99083709717
2024.10.11 11:00:00,8_99307727814
2024.10.11 12:00:00,8_99534797668
2024.10.11 13:00:00,8_99321842194
2024.10.11 14:00:00,8_9979429245
2024.10.11 15:00:00,8_99886608124
2024.10.11 16:00:00,8_99845409393
2024.10.11 17:00:00,8_99650382996
2024.10.11 18:00:00,8_99729824066
2024.10.11 19:00:00,8_99485397339
2024.10.11 20:00:00,8_993891716
2024.10.11 21:00:00,8_99563598633
2024.10.11 22:00:00,8_99698734283
2024.10.11 23:00:00,8_99781990051
2024.10.12 00:00:00,8_99931716919
2024.10.12 01:00:00,9_00110244751
2024.10.12 02:00:00,8_99086284637
2024.10.12 03:00:00,8_99627399445
2024.10.12 04:00:00,8_98665046692
2024.10.12 05:00:00,8_98569393158
2024.10.12 06:00:00,8_99069404602
2024.10.12 07:00:00,8_99422454834
2024.10.12 08:00:00,8_99744796753
2024.10.12 09:00:00,8_99779987335
2024.10.12 10:00:00,9_00089359283
2024.10.12 11:00:00,9_00160884857
2024.10.12 12:00:00,9_00635433197
2024.10.12 13:00:00,9_00632572174
2024.10.12 14:00:00,9_00299739838
2024.10.12 15:00:00,9_00110149384
2024.10.12 16:00:00,8_99773597717
2024.10.12 17:00:00,9_00011730194
2024.10.12 18:00:00,8_99411392212
2024.10.12 19:00:00,8_99721622467
2024.10.12 20:00:00,8_9962644577
2024.10.12 21:00:00,8_99722290039
2024.10.12 22:00:00,8_99717903137
2024.10.12 23:00:00,8_99860286713
2024.10.13 00:00:00,8_99993133545
2024.10.13 01:00:00,8_99940872192
2024.10.13 02:00:00,9_00141429901
2024.10.13 03:00:00,9_00253009796
2024.10.13 04:00:00,9_00369358063
2024.10.13 05:00:00,9_00464248657
2024.10.13 06:00:00,9_00403881073
2024.10.13 07:00:00,9_00628471375
2024.10.13 08:00:00,9_00845623016
2024.10.13 09:00:00,9_01000881195
2024.10.13 10:00:00,9_01143550873
2024.10.13 11:00:00,9_01265525818
2024.10.13 12:00:00,9_00965309143
2024.10.13 13:00:00,9_00512695313
2024.10.13 14:00:00,9_00079441071
2024.10.13 15:00:00,9_00690078735
2024.10.13 16:00:00,9_00514698029
2024.10.13 17:00:00,8_99995422363
2024.10.13 18:00:00,9_00169658661
2024.10.13 19:00:00,8_997174263
2024.10.13 20:00:00,8_99659633636
2024.10.13 21:00:00,8_99948787689
2024.10.13 22:00:00,9_00005149841
2024.10.13 23:00:00,9_00102329254
2024.10.14 00:00:00,8_98643016815
2024.10.14 01:00:00,8_99388027191
2024.10.14 02:00:00,8_99754714966
2024.10.14 03:00:00,8_99625492096
2024.10.14 04:00:00,8_99922943115
2024.10.14 05:00:00,8_99821090698
2024.10.14 06:00:00,8_99858856201
2024.10.14 07:00:00,8_99811077118
2024.10.14 08:00:00,8_982837677
2024.10.14 09:00:00,8_97448348999
2024.10.14 10:00:00,8_95718193054
2024.10.14 11:00:00,8_9539232254
2024.10.14 12:00:00,8_95574951172
2024.10.14 13:00:00,8_94528007507
2024.10.14 14:00:00,8_94439506531
2024.10.14 15:00:00,8_93756961823
2024.10.14 16:00:00,8_91156101227
2024.10.14 17:00:00,8_92691040039
2024.10.14 18:00:00,8_93786430359
2024.10.14 19:00:00,8_94141578674
2024.10.14 20:00:00,8_94692134857
2024.10.14 21:00:00,8_94413948059
2024.10.14 22:00:00,8_94162654877
2024.10.14 23:00:00,8_93972015381
2024.10.15 00:00:00,8_94763946533
2024.10.15 01:00:00,8_95193576813
2024.10.15 02:00:00,8_95512008667
2024.10.15 03:00:00,8_95441627502
2024.10.15 04:00:00,8_95169830322
2024.10.15 05:00:00,8_96191120148
2024.10.15 06:00:00,8_96628856659
2024.10.15 07:00:00,8_97043037415
2024.10.15 08:00:00,8_97379875183
2024.10.15 09:00:00,8_97038555145
2024.10.15 10:00:00,8_97344875336
2024.10.15 11:00:00,8_9758272171
2024.10.15 12:00:00,8_97443294525
2024.10.15 13:00:00,8_97496700287
2024.10.15 14:00:00,8_97709369659
2024.10.15 15:00:00,8_98173332214
2024.10.15 16:00:00,8_98391819
2024.10.15 17:00:00,8_98244285583
2024.10.15 18:00:00,8_97992801666
2024.10.15 19:00:00,8_97976398468
2024.10.15 20:00:00,8_97656059265
2024.10.15 21:00:00,8_98125839233
2024.10.15 22:00:00,8_98220920563
2024.10.15 23:00:00,8_98267364502
2024.10.16 00:00:00,8_9802904129
2024.10.16 01:00:00,8_98136234283
2024.10.16 02:00:00,8_96744632721
2024.10.16 03:00:00,8_98056697845
2024.10.16 04:00:00,8_98504161835
2024.10.16 05:00:00,8_98827648163
2024.10.16 06:00:00,8_98624706268
2024.10.16 07:00:00,8_9845199585
2024.10.16 08:00:00,8_9830493927
2024.10.16 09:00:00,8_98511695862
2024.10.16 10:00:00,8_98236560822
2024.10.16 11:00:00,8_98287773132
2024.10.16 12:00:00,8_98716545105
2024.10.16 13:00:00,8_99155235291
2024.10.16 14:00:00,8_9915266037
2024.10.16 15:00:00,8_99179363251
2024.10.16 16:00:00,8_99348831177
2024.10.16 17:00:00,8_98862934113
2024.10.16 18:00:00,8_98872661591
2024.10.16 19:00:00,8_98574924469
2024.10.16 20:00:00,8_98787689209
2024.10.16 21:00:00,8_98951816559
2024.10.16 22:00:00,8_98889541626
2024.10.16 23:00:00,8_99029254913
2024.10.17 00:00:00,8_98957061768
2024.10.17 01:00:00,8_98944473267
2024.10.17 02:00:00,8_98921298981
2024.10.17 03:00:00,8_98647689819
2024.10.17 04:00:00,8_98632526398
2024.10.17 05:00:00,8_99148654938
2024.10.17 06:00:00,8_99033546448
2024.10.17 07:00:00,8_99370765686
2024.10.17 08:00:00,8_99025154114
2024.10.17 09:00:00,8_9933052063
2024.10.17 10:00:00,8_99736022949
2024.10.17 11:00:00,8_99164772034
2024.10.17 12:00:00,8_98090076447
2024.10.17 13:00:00,8_98396873474
2024.10.17 14:00:00,8_98123836517
2024.10.17 15:00:00,8_98786354065
2024.10.17 16:00:00,8_99117183685
2024.10.17 17:00:00,8_97901058197
2024.10.17 18:00:00,8_98387050629
2024.10.17 19:00:00,8_98763847351
2024.10.17 20:00:00,8_98957824707
2024.10.17 21:00:00,8_99043178558
2024.10.17 22:00:00,8_99180603027
2024.10.17 23:00:00,8_99319458008
2024.10.18 00:00:00,8_99457168579
2024.10.18 01:00:00,8_99584388733
2024.10.18 02:00:00,8_99798965454
2024.10.18 03:00:00,8_99955844879
2024.10.18 04:00:00,9_00150966644
2024.10.18 05:00:00,9_00374603271
2024.10.18 06:00:00,9_00547790527
2024.10.18 07:00:00,9_0073890686
2024.10.18 08:00:00,9_00926876068
2024.10.18 09:00:00,9_01094436646
2024.10.18 10:00:00,9_01287651062
2024.10.18 11:00:00,9_01596164703
2024.10.18 12:00:00,9_01785087585
2024.10.18 13:00:00,9_01790809631
2024.10.18 14:00:00,9_01939964294
2024.10.18 15:00:00,9_01955699921
2024.10.18 16:00:00,9_01946163177
2024.10.18 17:00:00,9_01808166504
2024.10.18 18:00:00,9_01668071747
2024.10.18 19:00:00,9_01550579071
2024.10.18 20:00:00,9_01536560059
2024.10.18 21:00:00,9_01573753357
2024.10.18 22:00:00,9_01563453674
2024.10.18 23:00:00,9_01655673981
2024.10.19 00:00:00,9_01651287079
2024.10.19 01:00:00,9_01691627502
2024.10.19 02:00:00,9_01697158813
2024.10.19 03:00:00,9_01508522034
2024.10.19 04:00:00,9_01324939728
2024.10.19 05:00:00,9_0154132843
2024.10.19 06:00:00,9_01674365997
2024.10.19 07:00:00,9_01983547211
2024.10.19 08:00:00,9_02215576172
2024.10.19 09:00:00,9_02436447144
2024.10.19 10:00:00,9_02486133575
2024.10.19 11:00:00,9_02665328979
2024.10.19 12:00:00,9_02805423737
2024.10.19 13:00:00,9_02748680115
2024.10.19 14:00:00,9_02666664124
2024.10.19 15:00:00,9_02806091309
2024.10.19 16:00:00,9_02825069427
2024.10.19 17:00:00,9_02184295654
2024.10.19 18:00:00,9_01741981506
2024.10.19 19:00:00,9_02031230927
2024.10.19 20:00:00,9_02274894714
2024.10.19 21:00:00,9_01937770844
2024.10.19 22:00:00,9_01462459564
2024.10.19 23:00:00,9_01099014282
2024.10.20 00:00:00,9_00981140137
2024.10.20 01:00:00,9_01105880737
2024.10.20 02:00:00,9_0090341568
2024.10.20 03:00:00,9_00089740753
2024.10.20 04:00:00,9_00129127502
2024.10.20 05:00:00,8_999168396
2024.10.20 06:00:00,8_99481105804
2024.10.20 07:00:00,8_99332904816
2024.10.20 08:00:00,8_99260616302
2024.10.20 09:00:00,8_98642349243
2024.10.20 10:00:00,8_98611831665
2024.10.20 11:00:00,8_99894142151
2024.10.20 12:00:00,8_98309516907
2024.10.20 13:00:00,8_9811964035
2024.10.20 14:00:00,8_969830513
2024.10.20 15:00:00,8_9765663147
2024.10.20 16:00:00,8_9816493988
2024.10.20 17:00:00,8_98096561432
2024.10.20 18:00:00,8_97998714447
2024.10.20 19:00:00,8_98501682281
2024.10.20 20:00:00,8_99329471588
2024.10.20 21:00:00,8_9981546402
2024.10.20 22:00:00,8_99979496002
2024.10.20 23:00:00,9_00168228149
2024.10.21 00:00:00,9_00088882446
2024.10.21 01:00:00,8_99900817871
2024.10.21 02:00:00,8_99804592133
2024.10.21 03:00:00,9_00303077698
2024.10.21 04:00:00,9_00217151642
2024.10.21 05:00:00,9_00642585754
2024.10.21 06:00:00,9_00554275513
2024.10.21 07:00:00,9_006690979
2024.10.21 08:00:00,9_00966644287
2024.10.21 09:00:00,9_01229858398
2024.10.21 10:00:00,9_00811958313
2024.10.21 11:00:00,9_01420879364
2024.10.21 12:00:00,9_01048469543
2024.10.21 13:00:00,9_01417636871
2024.10.21 14:00:00,9_01710891724
2024.10.21 15:00:00,9_01954460144
2024.10.21 16:00:00,9_01841068268
2024.10.21 17:00:00,9_01828861237
2024.10.21 18:00:00,9_01357746124
2024.10.21 19:00:00,9_01816654205
2024.10.21 20:00:00,9_01178741455
2024.10.21 21:00:00,9_01773262024
2024.10.21 22:00:00,9_0175151825
2024.10.21 23:00:00,9_02143192291
2024.10.22 00:00:00,9_02325057983
2024.10.22 01:00:00,9_02119159698
2024.10.22 02:00:00,9_02537918091
2024.10.22 03:00:00,9_02603435516
2024.10.22 04:00:00,9_01788425446
2024.10.22 05:00:00,9_01653385162
2024.10.22 06:00:00,9_02016162872
2024.10.22 07:00:00,9_02341651917
2024.10.22 08:00:00,9_01538276672
2024.10.22 09:00:00,9_01658535004
2024.10.22 10:00:00,9_01326179504
2024.10.22 11:00:00,9_01875305176
2024.10.22 12:00:00,9_01728630066
2024.10.22 13:00:00,9_01687049866
2024.10.22 14:00:00,9_01352119446
2024.10.22 15:00:00,9_01902294159
2024.10.22 16:00:00,9_02388381958
2024.10.22 17:00:00,9_02555370331
2024.10.22 18:00:00,9_02639389038
2024.10.22 19:00:00,9_02816772461
2024.10.22 20:00:00,9_02344894409
2024.10.22 21:00:00,9_0218629837
2024.10.22 22:00:00,9_02574062347
2024.10.22 23:00:00,9_02787303925
2024.10.23 00:00:00,9_02958679199
2024.10.23 01:00:00,9_03052997589
2024.10.23 02:00:00,9_03009700775
2024.10.23 03:00:00,9_03211402893
2024.10.23 04:00:00,9_02973461151
2024.10.23 05:00:00,9_03240203857
2024.10.23 06:00:00,9_03362464905
2024.10.23 07:00:00,9_03504371643
2024.10.23 08:00:00,9_03682518005
2024.10.23 09:00:00,9_03883552551
2024.10.23 10:00:00,9_0413274765
2024.10.23 11:00:00,9_04465770721
2024.10.23 12:00:00,9_0476398468
2024.10.23 13:00:00,9_0487651825
2024.10.23 14:00:00,9_04901313782
2024.10.23 15:00:00,9_04860019684
2024.10.23 16:00:00,9_04867267609
2024.10.23 17:00:00,9_04709339142
2024.10.23 18:00:00,9_04665088654
2024.10.23 19:00:00,9_0461397171
2024.10.23 20:00:00,9_04736995697
2024.10.23 21:00:00,9_04705429077
2024.10.23 22:00:00,9_0441865921
2024.10.23 23:00:00,9_0406627655
2024.10.24 00:00:00,9_04334831238
2024.10.24 01:00:00,9_04925632477
2024.10.24 02:00:00,9_05018520355
2024.10.24 03:00:00,9_05279922485
2024.10.24 04:00:00,9_05517578125
2024.10.24 05:00:00,9_05665779114
2024.10.24 06:00:00,9_05816078186
2024.10.24 07:00:00,9_05818367004
2024.10.24 08:00:00,9_05834960938
2024.10.24 09:00:00,9_06082820892
2024.10.24 10:00:00,9_06159877777
2024.10.24 11:00:00,9_06136989594
2024.10.24 12:00:00,9_06245231628
2024.10.24 13:00:00,9_06374359131
2024.10.24 14:00:00,9_06168270111
2024.10.24 15:00:00,9_06241607666
2024.10.24 16:00:00,9_06390094757
2024.10.24 17:00:00,9_0645608902
2024.10.24 18:00:00,9_06431102753
2024.10.24 19:00:00,9_06498908997
2024.10.24 20:00:00,9_06234264374
2024.10.24 21:00:00,9_06203746796
2024.10.24 22:00:00,9_06573200226
2024.10.24 23:00:00,9_06816101074
2024.10.25 00:00:00,9_06736850739
2024.10.25 01:00:00,9_06810760498
2024.10.25 02:00:00,9_0673122406
2024.10.25 03:00:00,9_06624031067
2024.10.25 04:00:00,9_06617927551
2024.10.25 05:00:00,9_06487083435
2024.10.25 06:00:00,9_06425380707
2024.10.25 07:00:00,9_06701946259
2024.10.25 08:00:00,9_06881523132
2024.10.25 09:00:00,9_06857585907
2024.10.25 10:00:00,9_07105064392
2024.10.25 11:00:00,9_07473659515
2024.10.25 12:00:00,9_06404209137
2024.10.25 13:00:00,9_06946563721
2024.10.25 14:00:00,9_07261371613
2024.10.25 15:00:00,9_07311344147
2024.10.25 16:00:00,9_07177257538
2024.10.25 17:00:00,9_07217216492
2024.10.25 18:00:00,9_07235527039
2024.10.25 19:00:00,9_07239818573
2024.10.25 20:00:00,9_07247447968
2024.10.25 21:00:00,9_07257175446
2024.10.25 22:00:00,9_07291793823
2024.10.25 23:00:00,9_07352352142
2024.10.26 00:00:00,9_07400989532
2024.10.26 01:00:00,9_07411575317
2024.10.26 02:00:00,9_07489013672
2024.10.26 03:00:00,9_07555866241
2024.10.26 04:00:00,9_07651042938
2024.10.26 05:00:00,9_07249164581
2024.10.26 06:00:00,9_07505607605
2024.10.26 07:00:00,9_07692813873
2024.10.26 08:00:00,9_07886791229
2024.10.26 09:00:00,9_07909584045
2024.10.26 10:00:00,9_08169937134
2024.10.26 11:00:00,9_08594703674
2024.10.26 12:00:00,9_08827400208
2024.10.26 13:00:00,9_08944606781
2024.10.26 14:00:00,9_08737182617
2024.10.26 15:00:00,9_08560657501
2024.10.26 16:00:00,9_08455657959
2024.10.26 17:00:00,9_08252429962
2024.10.26 18:00:00,9_08206367493
2024.10.26 19:00:00,9_08230304718
2024.10.26 20:00:00,9_08222293854
2024.10.26 21:00:00,9_0827960968
2024.10.26 22:00:00,9_08597183228
2024.10.26 23:00:00,9_08400154114
2024.10.27 00:00:00,9_07627296448
2024.10.27 01:00:00,9_0700712204
2024.10.27 02:00:00,9_06295681
2024.10.27 03:00:00,9_06644248962
2024.10.27 04:00:00,9_06783390045
2024.10.27 05:00:00,9_07592010498
2024.10.27 06:00:00,9_08037948608
2024.10.27 07:00:00,9_0827331543
2024.10.27 08:00:00,9_08167076111
2024.10.27 09:00:00,9_08470344543
2024.10.27 10:00:00,9_08829975128
2024.10.27 11:00:00,9_0910577774
2024.10.27 12:00:00,9_09215927124
2024.10.27 13:00:00,9_09282016754
2024.10.27 14:00:00,9_09198474884
2024.10.27 15:00:00,9_09255504608
2024.10.27 16:00:00,9_09291744232
2024.10.27 17:00:00,9_09278011322
2024.10.27 18:00:00,9_09309577942
2024.10.27 19:00:00,9_09378623962
2024.10.27 20:00:00,9_09352970123
2024.10.27 21:00:00,9_09479808807
2024.10.27 22:00:00,9_09418964386
2024.10.27 23:00:00,9_09290313721
2024.10.28 00:00:00,9_09248256683
2024.10.28 01:00:00,9_09255409241
2024.10.28 02:00:00,9_09338951111
2024.10.28 03:00:00,9_09176540375
2024.10.28 04:00:00,9_09150123596
2024.10.28 05:00:00,9_09409427643
2024.10.28 06:00:00,9_09678459167
2024.10.28 07:00:00,9_09652900696
2024.10.28 08:00:00,9_09635353088
2024.10.28 09:00:00,9_09650325775
2024.10.28 10:00:00,9_09393024445
2024.10.28 11:00:00,9_09709835052
2024.10.28 12:00:00,9_09999656677
2024.10.28 13:00:00,9_10209178925
2024.10.28 14:00:00,9_10408973694
2024.10.28 15:00:00,9_10226249695
2024.10.28 16:00:00,9_09740161896
2024.10.28 17:00:00,9_0960559845
2024.10.28 18:00:00,9_09711837769
2024.10.28 19:00:00,9_09643745422
2024.10.28 20:00:00,9_09205436707
2024.10.28 21:00:00,9_09125804901
2024.10.28 22:00:00,9_08484268188
2024.10.28 23:00:00,9_08090114594
2024.10.29 00:00:00,9_07859897614
2024.10.29 01:00:00,9_08265590668
2024.10.29 02:00:00,9_08615589142
2024.10.29 03:00:00,9_08977890015
2024.10.29 04:00:00,9_08950614929
2024.10.29 05:00:00,9_09020137787
2024.10.29 06:00:00,9_0905752182
2024.10.29 07:00:00,9_09008216858
2024.10.29 08:00:00,9_0920124054
2024.10.29 09:00:00,9_08776760101
2024.10.29 10:00:00,9_09324359894
2024.10.29 11:00:00,9_09517478943
2024.10.29 12:00:00,9_0973739624
2024.10.29 13:00:00,9_09958076477
2024.10.29 14:00:00,9_10189819336
2024.10.29 15:00:00,9_10231971741
2024.10.29 16:00:00,9_10322284698
2024.10.29 17:00:00,9_10422229767
2024.10.29 18:00:00,9_10466384888
2024.10.29 19:00:00,9_10615253448
2024.10.29 20:00:00,9_10464000702
2024.10.29 21:00:00,9_10461425781
2024.10.29 22:00:00,9_10662651062
2024.10.29 23:00:00,9_10722732544
2024.10.30 00:00:00,9_10730171204
2024.10.30 01:00:00,9_10660171509
2024.10.30 02:00:00,9_10683345795
2024.10.30 03:00:00,9_10783004761
2024.10.30 04:00:00,9_10894012451
2024.10.30 05:00:00,9_11079025269
2024.10.30 06:00:00,9_11420154572
2024.10.30 07:00:00,9_11226558685
2024.10.30 08:00:00,9_11027812958
2024.10.30 09:00:00,9_11200523376
2024.10.30 10:00:00,9_11456775665
2024.10.30 11:00:00,9_11687374115
2024.10.30 12:00:00,9_11633205414
2024.10.30 13:00:00,9_1188583374
2024.10.30 14:00:00,9_11894321442
2024.10.30 15:00:00,9_12003326416
2024.10.30 16:00:00,9_11940383911
2024.10.30 17:00:00,9_11613464355
2024.10.30 18:00:00,9_11610031128
2024.10.30 19:00:00,9_11543369293
2024.10.30 20:00:00,9_11423492432
2024.10.30 21:00:00,9_11431503296
2024.10.30 22:00:00,9_11370563507
2024.10.30 23:00:00,9_11303710938
2024.10.31 00:00:00,9_11235141754
2024.10.31 01:00:00,9_11280155182
2024.10.31 02:00:00,9_11393356323
2024.10.31 03:00:00,9_11572933197
2024.10.31 04:00:00,9_11476707458
2024.10.31 05:00:00,9_11553668976
2024.10.31 06:00:00,9_12052440643
2024.10.31 07:00:00,9_12101173401
2024.10.31 08:00:00,9_12108421326
2024.10.31 09:00:00,9_12214756012
2024.10.31 10:00:00,9_12398719788
2024.10.31 11:00:00,9_12600421906
2024.10.31 12:00:00,9_12893772125
2024.10.31 13:00:00,9_1359872818
2024.10.31 14:00:00,9_13802719116
2024.10.31 15:00:00,9_13803482056
2024.10.31 16:00:00,9_13608837128
2024.10.31 17:00:00,9_13300418854
2024.10.31 18:00:00,9_13116645813
2024.10.31 19:00:00,9_1295747757
2024.10.31 20:00:00,9_12821960449
2024.10.31 21:00:00,9_13011360168
2024.10.31 22:00:00,9_12968826294
2024.10.31 23:00:00,9_12842178345
2024.11.01 00:00:00,9_12905883789
