Time [yyyy.MM.dd HH:mm:ss],dTR1 [g/m3]
2024.08.01 00:00:00,0
2024.08.01 01:00:00,0
2024.08.01 02:00:00,0
2024.08.01 03:00:00,0
2024.08.01 04:00:00,0
2024.08.01 05:00:00,9.34613497705E-13
2024.08.01 06:00:00,3.82639059326E-12
2024.08.01 07:00:00,8.69396395153E-12
2024.08.01 08:00:00,1.24768390064E-11
2024.08.01 09:00:00,1.55043877043E-11
2024.08.01 10:00:00,1.68602562467E-11
2024.08.01 11:00:00,1.70906257896E-11
2024.08.01 12:00:00,1.64856565898E-11
2024.08.01 13:00:00,1.55136337804E-11
2024.08.01 14:00:00,1.41159618716E-11
2024.08.01 15:00:00,1.41924709832E-11
2024.08.01 16:00:00,1.3089377672E-11
2024.08.01 17:00:00,1.29168030438E-11
2024.08.01 18:00:00,1.29709697844E-11
2024.08.01 19:00:00,1.28621887446E-11
2024.08.01 20:00:00,1.28333645794E-11
2024.08.01 21:00:00,1.28944042943E-11
2024.08.01 22:00:00,1.29054995857E-11
2024.08.01 23:00:00,1.29452039366E-11
2024.08.02 00:00:00,1.28133250538E-11
2024.08.02 01:00:00,1.22619839629E-11
2024.08.02 02:00:00,1.16425645166E-11
2024.08.02 03:00:00,1.11016543181E-11
2024.08.02 04:00:00,1.0596150693E-11
2024.08.02 05:00:00,1.00589137714E-11
2024.08.02 06:00:00,9.39588164217E-12
2024.08.02 07:00:00,8.50228047689E-12
2024.08.02 08:00:00,7.22761303931E-12
2024.08.02 09:00:00,6.70413464327E-12
2024.08.02 10:00:00,6.7737595047E-12
2024.08.02 11:00:00,6.86986969048E-12
2024.08.02 12:00:00,7.02660802807E-12
2024.08.02 13:00:00,7.30642282787E-12
2024.08.02 14:00:00,7.78658821449E-12
2024.08.02 15:00:00,7.99789748318E-12
2024.08.02 16:00:00,8.15394540082E-12
2024.08.02 17:00:00,7.62320415126E-12
2024.08.02 18:00:00,8.05274510268E-12
2024.08.02 19:00:00,8.39115842782E-12
2024.08.02 20:00:00,8.8421292857E-12
2024.08.02 21:00:00,9.44056898627E-12
2024.08.02 22:00:00,9.98917355083E-12
2024.08.02 23:00:00,1.05011043264E-11
2024.08.03 00:00:00,1.11226756971E-11
2024.08.03 01:00:00,1.18036717553E-11
2024.08.03 02:00:00,1.24715003949E-11
2024.08.03 03:00:00,1.30553458669E-11
2024.08.03 04:00:00,1.36516119589E-11
2024.08.03 05:00:00,1.42365494393E-11
2024.08.03 06:00:00,1.4860784478E-11
2024.08.03 07:00:00,1.53314565904E-11
2024.08.03 08:00:00,1.56940155316E-11
2024.08.03 09:00:00,1.61921292346E-11
2024.08.03 10:00:00,1.66083622549E-11
2024.08.03 11:00:00,1.69842143821E-11
2024.08.03 12:00:00,1.71931566206E-11
2024.08.03 13:00:00,1.73314296942E-11
2024.08.03 14:00:00,1.76154472953E-11
2024.08.03 15:00:00,1.79578487497E-11
2024.08.03 16:00:00,1.83991155644E-11
2024.08.03 17:00:00,1.91042234116E-11
2024.08.03 18:00:00,1.98245066196E-11
2024.08.03 19:00:00,2.07065354446E-11
2024.08.03 20:00:00,2.1485058524E-11
2024.08.03 21:00:00,2.19909125632E-11
2024.08.03 22:00:00,2.27435795891E-11
2024.08.03 23:00:00,2.33467307986E-11
2024.08.04 00:00:00,2.38305295636E-11
2024.08.04 01:00:00,2.43577432529E-11
2024.08.04 02:00:00,2.48502780853E-11
2024.08.04 03:00:00,2.53618705898E-11
2024.08.04 04:00:00,2.58792431929E-11
2024.08.04 05:00:00,2.64096782637E-11
2024.08.04 06:00:00,2.68832543032E-11
2024.08.04 07:00:00,2.72849035032E-11
2024.08.04 08:00:00,2.76633421031E-11
2024.08.04 09:00:00,2.79840092071E-11
2024.08.04 10:00:00,2.82869543761E-11
2024.08.04 11:00:00,2.86454800852E-11
2024.08.04 12:00:00,2.8856170925E-11
2024.08.04 13:00:00,2.98731768489E-11
2024.08.04 14:00:00,3.0395668621E-11
2024.08.04 15:00:00,3.0624863756E-11
2024.08.04 16:00:00,3.08204017863E-11
2024.08.04 17:00:00,3.09948559873E-11
2024.08.04 18:00:00,3.11546101417E-11
2024.08.04 19:00:00,3.1336541001E-11
2024.08.04 20:00:00,3.16788921484E-11
2024.08.04 21:00:00,3.18931756005E-11
2024.08.04 22:00:00,3.21487489408E-11
2024.08.04 23:00:00,3.24155181863E-11
2024.08.05 00:00:00,3.26508924064E-11
2024.08.05 01:00:00,3.29154134504E-11
2024.08.05 02:00:00,3.31698661593E-11
2024.08.05 03:00:00,3.34573861671E-11
2024.08.05 04:00:00,3.3832017049E-11
2024.08.05 05:00:00,3.42035393064E-11
2024.08.05 06:00:00,3.44252404361E-11
2024.08.05 07:00:00,3.45751205444E-11
2024.08.05 08:00:00,3.47435066828E-11
2024.08.05 09:00:00,3.49052210746E-11
2024.08.05 10:00:00,3.51272344545E-11
2024.08.05 11:00:00,3.5382793917E-11
2024.08.05 12:00:00,3.52806464599E-11
2024.08.05 13:00:00,3.63593669062E-11
2024.08.05 14:00:00,3.68492632241E-11
2024.08.05 15:00:00,3.73144189159E-11
2024.08.05 16:00:00,3.73985460655E-11
2024.08.05 17:00:00,3.74287753568E-11
2024.08.05 18:00:00,3.75089195814E-11
2024.08.05 19:00:00,3.76179122574E-11
2024.08.05 20:00:00,3.77606383661E-11
2024.08.05 21:00:00,3.78897295483E-11
2024.08.05 22:00:00,3.80406921241E-11
2024.08.05 23:00:00,3.82005121979E-11
2024.08.06 00:00:00,3.83626880263E-11
2024.08.06 01:00:00,3.85648665779E-11
2024.08.06 02:00:00,3.87196871787E-11
2024.08.06 03:00:00,3.88995537171E-11
2024.08.06 04:00:00,3.90645953086E-11
2024.08.06 05:00:00,3.92503217428E-11
2024.08.06 06:00:00,3.93921284481E-11
2024.08.06 07:00:00,3.95316487878E-11
2024.08.06 08:00:00,3.97649829731E-11
2024.08.06 09:00:00,3.99022932751E-11
2024.08.06 10:00:00,4.00040799098E-11
2024.08.06 11:00:00,4.01406373418E-11
2024.08.06 12:00:00,4.03029241924E-11
2024.08.06 13:00:00,4.03874260424E-11
2024.08.06 14:00:00,4.04711091029E-11
2024.08.06 15:00:00,4.06087455329E-11
2024.08.06 16:00:00,4.07815239911E-11
2024.08.06 17:00:00,4.08939618279E-11
2024.08.06 18:00:00,4.09933892387E-11
2024.08.06 19:00:00,4.10509091997E-11
2024.08.06 20:00:00,4.11222271512E-11
2024.08.06 21:00:00,4.11932779554E-11
2024.08.06 22:00:00,4.12612964629E-11
2024.08.06 23:00:00,4.13128489751E-11
2024.08.07 00:00:00,4.14441259089E-11
2024.08.07 01:00:00,4.16436329864E-11
2024.08.07 02:00:00,4.18376375211E-11
2024.08.07 03:00:00,4.20056697759E-11
2024.08.07 04:00:00,4.21725189492E-11
2024.08.07 05:00:00,4.22714745152E-11
2024.08.07 06:00:00,4.23914132963E-11
2024.08.07 07:00:00,4.25489331268E-11
2024.08.07 08:00:00,4.2762200031E-11
2024.08.07 09:00:00,4.28947016795E-11
2024.08.07 10:00:00,4.29910204658E-11
2024.08.07 11:00:00,4.30743704594E-11
2024.08.07 12:00:00,4.31760183162E-11
2024.08.07 13:00:00,4.33243059483E-11
2024.08.07 14:00:00,4.34985381048E-11
2024.08.07 15:00:00,4.36705047124E-11
2024.08.07 16:00:00,4.38019932825E-11
2024.08.07 17:00:00,4.39161276788E-11
2024.08.07 18:00:00,4.40168630711E-11
2024.08.07 19:00:00,4.41346958979E-11
2024.08.07 20:00:00,4.42856619431E-11
2024.08.07 21:00:00,4.45659273374E-11
2024.08.07 22:00:00,4.48466680458E-11
2024.08.07 23:00:00,4.50821116549E-11
2024.08.08 00:00:00,4.53489051866E-11
2024.08.08 01:00:00,4.5597501469E-11
2024.08.08 02:00:00,4.57754077698E-11
2024.08.08 03:00:00,4.59648152873E-11
2024.08.08 04:00:00,4.62342351903E-11
2024.08.08 05:00:00,4.65119817661E-11
2024.08.08 06:00:00,4.6788441177E-11
2024.08.08 07:00:00,4.71204152086E-11
2024.08.08 08:00:00,4.75055342286E-11
2024.08.08 09:00:00,4.78952225103E-11
2024.08.08 10:00:00,4.8674501929E-11
2024.08.08 11:00:00,5.13861765639E-11
2024.08.08 12:00:00,6.17937506719E-11
2024.08.08 13:00:00,8.0110619527E-11
2024.08.08 14:00:00,9.06253613819E-11
2024.08.08 15:00:00,1.24392968148E-10
2024.08.08 16:00:00,2.34319841308E-10
2024.08.08 17:00:00,4.26522539509E-10
2024.08.08 18:00:00,4.87001827754E-10
2024.08.08 19:00:00,5.06984010329E-10
2024.08.08 20:00:00,5.39581823666E-10
2024.08.08 21:00:00,5.84819748184E-10
2024.08.08 22:00:00,6.47855602498E-10
2024.08.08 23:00:00,7.41015915295E-10
2024.08.09 00:00:00,8.40062075458E-10
2024.08.09 01:00:00,9.59940682499E-10
2024.08.09 02:00:00,1.10096221029E-09
2024.08.09 03:00:00,1.21751952964E-09
2024.08.09 04:00:00,1.34513833405E-09
2024.08.09 05:00:00,1.47008794027E-09
2024.08.09 06:00:00,1.54831791832E-09
2024.08.09 07:00:00,1.61632496276E-09
2024.08.09 08:00:00,1.71206837596E-09
2024.08.09 09:00:00,1.82179860087E-09
2024.08.09 10:00:00,2.00371474968E-09
2024.08.09 11:00:00,2.60003996111E-09
2024.08.09 12:00:00,3.75462416713E-09
2024.08.09 13:00:00,4.96127494642E-09
2024.08.09 14:00:00,5.22959764382E-09
2024.08.09 15:00:00,5.18215070855E-09
2024.08.09 16:00:00,5.01910646378E-09
2024.08.09 17:00:00,4.96500973668E-09
2024.08.09 18:00:00,4.83453277411E-09
2024.08.09 19:00:00,4.8103698802E-09
2024.08.09 20:00:00,4.84177009596E-09
2024.08.09 21:00:00,4.92862151091E-09
2024.08.09 22:00:00,5.16800824357E-09
2024.08.09 23:00:00,5.45896350346E-09
2024.08.10 00:00:00,5.62636781609E-09
2024.08.10 01:00:00,5.67282665287E-09
2024.08.10 02:00:00,5.6956634964E-09
2024.08.10 03:00:00,5.75253711332E-09
2024.08.10 04:00:00,5.8126641278E-09
2024.08.10 05:00:00,5.89892934499E-09
2024.08.10 06:00:00,6.01583227677E-09
2024.08.10 07:00:00,6.13006534422E-09
2024.08.10 08:00:00,6.28417096138E-09
2024.08.10 09:00:00,6.47503783924E-09
2024.08.10 10:00:00,6.77155975737E-09
2024.08.10 11:00:00,7.2240990967E-09
2024.08.10 12:00:00,7.70657493376E-09
2024.08.10 13:00:00,7.91645415887E-09
2024.08.10 14:00:00,7.90295207054E-09
2024.08.10 15:00:00,7.93314747227E-09
2024.08.10 16:00:00,7.8954753846E-09
2024.08.10 17:00:00,7.78967290671E-09
2024.08.10 18:00:00,7.76424879945E-09
2024.08.10 19:00:00,7.79814968155E-09
2024.08.10 20:00:00,7.84655007635E-09
2024.08.10 21:00:00,7.9172144396E-09
2024.08.10 22:00:00,8.01522315186E-09
2024.08.10 23:00:00,8.09279931957E-09
2024.08.11 00:00:00,8.17420353627E-09
2024.08.11 01:00:00,8.24396106935E-09
2024.08.11 02:00:00,8.30727042711E-09
2024.08.11 03:00:00,8.36412361593E-09
2024.08.11 04:00:00,8.4101383635E-09
2024.08.11 05:00:00,8.4306757131E-09
2024.08.11 06:00:00,8.47827053008E-09
2024.08.11 07:00:00,8.52047676858E-09
2024.08.11 08:00:00,8.56069348742E-09
2024.08.11 09:00:00,8.61361293403E-09
2024.08.11 10:00:00,8.69571348261E-09
2024.08.11 11:00:00,8.79145467536E-09
2024.08.11 12:00:00,8.92796059304E-09
2024.08.11 13:00:00,9.04997321527E-09
2024.08.11 14:00:00,9.09476227662E-09
2024.08.11 15:00:00,9.06286334867E-09
2024.08.11 16:00:00,9.00864183251E-09
2024.08.11 17:00:00,8.98083918344E-09
2024.08.11 18:00:00,8.96732554878E-09
2024.08.11 19:00:00,9.01303742751E-09
2024.08.11 20:00:00,9.08631037078E-09
2024.08.11 21:00:00,9.15159148462E-09
2024.08.11 22:00:00,9.21280207677E-09
2024.08.11 23:00:00,9.27889320934E-09
2024.08.12 00:00:00,9.35262001178E-09
2024.08.12 01:00:00,9.41022992862E-09
2024.08.12 02:00:00,9.46388745149E-09
2024.08.12 03:00:00,9.53097512024E-09
2024.08.12 04:00:00,9.60178958564E-09
2024.08.12 05:00:00,9.65841628897E-09
2024.08.12 06:00:00,9.72072466965E-09
2024.08.12 07:00:00,9.77551284365E-09
2024.08.12 08:00:00,9.81312986426E-09
2024.08.12 09:00:00,9.84644010771E-09
2024.08.12 10:00:00,9.89793313977E-09
2024.08.12 11:00:00,9.94202231652E-09
2024.08.12 12:00:00,1.00028847427E-08
2024.08.12 13:00:00,1.00838626338E-08
2024.08.12 14:00:00,1.02503197041E-08
2024.08.12 15:00:00,1.03868211809E-08
2024.08.12 16:00:00,1.04550235136E-08
2024.08.12 17:00:00,1.05068975742E-08
2024.08.12 18:00:00,1.05749009549E-08
2024.08.12 19:00:00,1.06411564005E-08
2024.08.12 20:00:00,1.07192423826E-08
2024.08.12 21:00:00,1.08174891267E-08
2024.08.12 22:00:00,1.09014770544E-08
2024.08.12 23:00:00,1.10338875814E-08
2024.08.13 00:00:00,1.11554436799E-08
2024.08.13 01:00:00,1.12883213887E-08
2024.08.13 02:00:00,1.14300338083E-08
2024.08.13 03:00:00,1.15888019181E-08
2024.08.13 04:00:00,1.17600391647E-08
2024.08.13 05:00:00,1.1925814114E-08
2024.08.13 06:00:00,1.20836567419E-08
2024.08.13 07:00:00,1.22320047424E-08
2024.08.13 08:00:00,1.2377769032E-08
2024.08.13 09:00:00,1.24940005009E-08
2024.08.13 10:00:00,1.26361170416E-08
2024.08.13 11:00:00,1.28284964873E-08
2024.08.13 12:00:00,1.29763995105E-08
2024.08.13 13:00:00,1.31306476803E-08
2024.08.13 14:00:00,1.32973303479E-08
2024.08.13 15:00:00,1.34400908181E-08
2024.08.13 16:00:00,1.35175719507E-08
2024.08.13 17:00:00,1.35834250514E-08
2024.08.13 18:00:00,1.37359705832E-08
2024.08.13 19:00:00,1.39405154087E-08
2024.08.13 20:00:00,1.41358471595E-08
2024.08.13 21:00:00,1.43304497158E-08
2024.08.13 22:00:00,1.4535451065E-08
2024.08.13 23:00:00,1.47588199439E-08
2024.08.14 00:00:00,1.49702010788E-08
2024.08.14 01:00:00,1.51597809861E-08
2024.08.14 02:00:00,1.51973580387E-08
2024.08.14 03:00:00,1.54752690662E-08
2024.08.14 04:00:00,1.58494142255E-08
2024.08.14 05:00:00,1.6212240439E-08
2024.08.14 06:00:00,1.65531464091E-08
2024.08.14 07:00:00,1.68449840743E-08
2024.08.14 08:00:00,1.70933081023E-08
2024.08.14 09:00:00,1.73205911835E-08
2024.08.14 10:00:00,1.75422893989E-08
2024.08.14 11:00:00,1.77761467768E-08
2024.08.14 12:00:00,1.80020869323E-08
2024.08.14 13:00:00,1.82126225212E-08
2024.08.14 14:00:00,1.83919812713E-08
2024.08.14 15:00:00,1.86446733608E-08
2024.08.14 16:00:00,1.88581399385E-08
2024.08.14 17:00:00,1.90570013103E-08
2024.08.14 18:00:00,1.93036058249E-08
2024.08.14 19:00:00,1.95616340903E-08
2024.08.14 20:00:00,1.98194030077E-08
2024.08.14 21:00:00,2.01004564104E-08
2024.08.14 22:00:00,2.03832630774E-08
2024.08.14 23:00:00,2.0694049141E-08
2024.08.15 00:00:00,2.10097841347E-08
2024.08.15 01:00:00,2.13397068904E-08
2024.08.15 02:00:00,2.16822400034E-08
2024.08.15 03:00:00,2.20497398118E-08
2024.08.15 04:00:00,2.24111431635E-08
2024.08.15 05:00:00,2.27850733836E-08
2024.08.15 06:00:00,2.31481980251E-08
2024.08.15 07:00:00,2.34526940091E-08
2024.08.15 08:00:00,2.37362645095E-08
2024.08.15 09:00:00,2.40367423743E-08
2024.08.15 10:00:00,2.4395452769E-08
2024.08.15 11:00:00,2.4774415408E-08
2024.08.15 12:00:00,2.51757370506E-08
2024.08.15 13:00:00,2.58534598174E-08
2024.08.15 14:00:00,2.65061625981E-08
2024.08.15 15:00:00,2.72505378263E-08
2024.08.15 16:00:00,2.77467915311E-08
2024.08.15 17:00:00,2.80355365589E-08
2024.08.15 18:00:00,2.8202400415E-08
2024.08.15 19:00:00,2.83839298731E-08
2024.08.15 20:00:00,2.86394143956E-08
2024.08.15 21:00:00,2.89307191537E-08
2024.08.15 22:00:00,2.92191817408E-08
2024.08.15 23:00:00,2.95063884437E-08
2024.08.16 00:00:00,2.98319733361E-08
2024.08.16 01:00:00,3.01814502279E-08
2024.08.16 02:00:00,3.05526342004E-08
2024.08.16 03:00:00,3.0941261997E-08
2024.08.16 04:00:00,3.13494048498E-08
2024.08.16 05:00:00,3.17506767544E-08
2024.08.16 06:00:00,3.21608766285E-08
2024.08.16 07:00:00,3.25773399368E-08
2024.08.16 08:00:00,3.29671188126E-08
2024.08.16 09:00:00,3.33276517495E-08
2024.08.16 10:00:00,3.36779919508E-08
2024.08.16 11:00:00,3.39998358356E-08
2024.08.16 12:00:00,3.4322926723E-08
2024.08.16 13:00:00,3.46507214033E-08
2024.08.16 14:00:00,3.50460815923E-08
2024.08.16 15:00:00,3.54884690523E-08
2024.08.16 16:00:00,3.59685969897E-08
2024.08.16 17:00:00,3.64695580402E-08
2024.08.16 18:00:00,3.70222608126E-08
2024.08.16 19:00:00,3.75611470815E-08
2024.08.16 20:00:00,3.81027760454E-08
2024.08.16 21:00:00,3.868344578E-08
2024.08.16 22:00:00,3.92790333592E-08
2024.08.16 23:00:00,3.98863697626E-08
2024.08.17 00:00:00,4.05086915123E-08
2024.08.17 01:00:00,4.1151771768E-08
2024.08.17 02:00:00,4.18286276727E-08
2024.08.17 03:00:00,4.25348112287E-08
2024.08.17 04:00:00,4.32669864381E-08
2024.08.17 05:00:00,4.4029505375E-08
2024.08.17 06:00:00,4.48279742216E-08
2024.08.17 07:00:00,4.56637501145E-08
2024.08.17 08:00:00,4.66431906432E-08
2024.08.17 09:00:00,4.75960604263E-08
2024.08.17 10:00:00,4.80704827055E-08
2024.08.17 11:00:00,4.87125966231E-08
2024.08.17 12:00:00,4.95028587011E-08
2024.08.17 13:00:00,5.04382526856E-08
2024.08.17 14:00:00,5.14725044809E-08
2024.08.17 15:00:00,5.23566150434E-08
2024.08.17 16:00:00,5.29166825913E-08
2024.08.17 17:00:00,5.35172333116E-08
2024.08.17 18:00:00,5.42152704952E-08
2024.08.17 19:00:00,5.50193881566E-08
2024.08.17 20:00:00,5.5941654864E-08
2024.08.17 21:00:00,5.6987214947E-08
2024.08.17 22:00:00,5.79710466297E-08
2024.08.17 23:00:00,5.89900537307E-08
2024.08.18 00:00:00,6.00514482585E-08
2024.08.18 01:00:00,6.11365393866E-08
2024.08.18 02:00:00,6.21748199592E-08
2024.08.18 03:00:00,6.33321235455E-08
2024.08.18 04:00:00,6.45393214427E-08
2024.08.18 05:00:00,6.59006573756E-08
2024.08.18 06:00:00,6.73933442386E-08
2024.08.18 07:00:00,6.89486725491E-08
2024.08.18 08:00:00,7.05698397496E-08
2024.08.18 09:00:00,7.20920922959E-08
2024.08.18 10:00:00,7.34062268748E-08
2024.08.18 11:00:00,7.48253015104E-08
2024.08.18 12:00:00,7.59704050779E-08
2024.08.18 13:00:00,7.70674546402E-08
2024.08.18 14:00:00,7.81110927051E-08
2024.08.18 15:00:00,7.9270634501E-08
2024.08.18 16:00:00,8.04583990544E-08
2024.08.18 17:00:00,8.18274017433E-08
2024.08.18 18:00:00,8.33655420251E-08
2024.08.18 19:00:00,8.5064193911E-08
2024.08.18 20:00:00,8.68703367018E-08
2024.08.18 21:00:00,8.86513049636E-08
2024.08.18 22:00:00,9.04791122025E-08
2024.08.18 23:00:00,9.22487188859E-08
2024.08.19 00:00:00,9.4163269182E-08
2024.08.19 01:00:00,9.58802743867E-08
2024.08.19 02:00:00,9.74637117679E-08
2024.08.19 03:00:00,9.94347502115E-08
2024.08.19 04:00:00,1.01266572017E-07
2024.08.19 05:00:00,1.03042253841E-07
2024.08.19 06:00:00,1.04694429126E-07
2024.08.19 07:00:00,1.06440239733E-07
2024.08.19 08:00:00,1.08120850939E-07
2024.08.19 09:00:00,1.09750907029E-07
2024.08.19 10:00:00,1.11454433238E-07
2024.08.19 11:00:00,1.12843203226E-07
2024.08.19 12:00:00,1.14090987324E-07
2024.08.19 13:00:00,1.16263663585E-07
2024.08.19 14:00:00,1.18672431881E-07
2024.08.19 15:00:00,1.24138409774E-07
2024.08.19 16:00:00,1.28618907524E-07
2024.08.19 17:00:00,1.31829168026E-07
2024.08.19 18:00:00,1.32473289227E-07
2024.08.19 19:00:00,1.32283616949E-07
2024.08.19 20:00:00,1.32666400532E-07
2024.08.19 21:00:00,1.33319602469E-07
2024.08.19 22:00:00,1.34166128873E-07
2024.08.19 23:00:00,1.35388333433E-07
2024.08.20 00:00:00,1.3675197863E-07
2024.08.20 01:00:00,1.38204867994E-07
2024.08.20 02:00:00,1.39783850273E-07
2024.08.20 03:00:00,1.4142732141E-07
2024.08.20 04:00:00,1.43071645198E-07
2024.08.20 05:00:00,1.44759624732E-07
2024.08.20 06:00:00,1.46524897104E-07
2024.08.20 07:00:00,1.48203454842E-07
2024.08.20 08:00:00,1.49920722947E-07
2024.08.20 09:00:00,1.51749958377E-07
2024.08.20 10:00:00,1.53642702116E-07
2024.08.20 11:00:00,1.55334817009E-07
2024.08.20 12:00:00,1.57030200398E-07
2024.08.20 13:00:00,1.59127409916E-07
2024.08.20 14:00:00,1.61057201353E-07
2024.08.20 15:00:00,1.62990247077E-07
2024.08.20 16:00:00,1.64665706848E-07
2024.08.20 17:00:00,1.66393760992E-07
2024.08.20 18:00:00,1.68036109471E-07
2024.08.20 19:00:00,1.69250128579E-07
2024.08.20 20:00:00,1.70426744717E-07
2024.08.20 21:00:00,1.7178534506E-07
2024.08.20 22:00:00,1.72764345052E-07
2024.08.20 23:00:00,1.7438172506E-07
2024.08.21 00:00:00,1.75928747126E-07
2024.08.21 01:00:00,1.77353172148E-07
2024.08.21 02:00:00,1.78994454814E-07
2024.08.21 03:00:00,1.80655746362E-07
2024.08.21 04:00:00,1.82298663276E-07
2024.08.21 05:00:00,1.8393060941E-07
2024.08.21 06:00:00,1.8553106429E-07
2024.08.21 07:00:00,1.87060351209E-07
2024.08.21 08:00:00,1.88385087085E-07
2024.08.21 09:00:00,1.89726137023E-07
2024.08.21 10:00:00,1.91081184653E-07
2024.08.21 11:00:00,1.92483170736E-07
2024.08.21 12:00:00,1.9435837828E-07
2024.08.21 13:00:00,1.96798239926E-07
2024.08.21 14:00:00,1.98523991912E-07
2024.08.21 15:00:00,2.00726105959E-07
2024.08.21 16:00:00,2.04570284268E-07
2024.08.21 17:00:00,2.07433345167E-07
2024.08.21 18:00:00,2.09220019087E-07
2024.08.21 19:00:00,2.10201307027E-07
2024.08.21 20:00:00,2.10873182027E-07
2024.08.21 21:00:00,2.11751114421E-07
2024.08.21 22:00:00,2.12789103671E-07
2024.08.21 23:00:00,2.14025135392E-07
2024.08.22 00:00:00,2.15433061612E-07
2024.08.22 01:00:00,2.17009386461E-07
2024.08.22 02:00:00,2.1886820889E-07
2024.08.22 03:00:00,2.20962888875E-07
2024.08.22 04:00:00,2.2322848281E-07
2024.08.22 05:00:00,2.25568257406E-07
2024.08.22 06:00:00,2.28019786164E-07
2024.08.22 07:00:00,2.30259402656E-07
2024.08.22 08:00:00,2.32169114156E-07
2024.08.22 09:00:00,2.3409818084E-07
2024.08.22 10:00:00,2.36039468859E-07
2024.08.22 11:00:00,2.38686283183E-07
2024.08.22 12:00:00,2.41321629346E-07
2024.08.22 13:00:00,2.43308960535E-07
2024.08.22 14:00:00,2.4483901484E-07
2024.08.22 15:00:00,2.46041736318E-07
2024.08.22 16:00:00,2.4768928597E-07
2024.08.22 17:00:00,2.49434378929E-07
2024.08.22 18:00:00,2.51036766485E-07
2024.08.22 19:00:00,2.53068577649E-07
2024.08.22 20:00:00,2.55408878047E-07
2024.08.22 21:00:00,2.57960095951E-07
2024.08.22 22:00:00,2.60883581404E-07
2024.08.22 23:00:00,2.63676326995E-07
2024.08.23 00:00:00,2.66453326958E-07
2024.08.23 01:00:00,2.69299931688E-07
2024.08.23 02:00:00,2.72419271141E-07
2024.08.23 03:00:00,2.75886151258E-07
2024.08.23 04:00:00,2.79728965324E-07
2024.08.23 05:00:00,2.83466420115E-07
2024.08.23 06:00:00,2.8710852007E-07
2024.08.23 07:00:00,2.90346036991E-07
2024.08.23 08:00:00,2.92685427894E-07
2024.08.23 09:00:00,2.94307170634E-07
2024.08.23 10:00:00,2.95910155046E-07
2024.08.23 11:00:00,2.97798720794E-07
2024.08.23 12:00:00,2.99691549799E-07
2024.08.23 13:00:00,3.01547459003E-07
2024.08.23 14:00:00,3.03339220409E-07
2024.08.23 15:00:00,3.05288295976E-07
2024.08.23 16:00:00,3.07973039071E-07
2024.08.23 17:00:00,3.10685862814E-07
2024.08.23 18:00:00,3.13763962367E-07
2024.08.23 19:00:00,3.17549250894E-07
2024.08.23 20:00:00,3.21626345112E-07
2024.08.23 21:00:00,3.2492332025E-07
2024.08.23 22:00:00,3.28182380827E-07
2024.08.23 23:00:00,3.31912701768E-07
2024.08.24 00:00:00,3.36272165669E-07
2024.08.24 01:00:00,3.41168288287E-07
2024.08.24 02:00:00,3.45828965465E-07
2024.08.24 03:00:00,3.5038536339E-07
2024.08.24 04:00:00,3.54981011697E-07
2024.08.24 05:00:00,3.59669201089E-07
2024.08.24 06:00:00,3.64627140925E-07
2024.08.24 07:00:00,3.69714285853E-07
2024.08.24 08:00:00,3.74645935608E-07
2024.08.24 09:00:00,3.78728657324E-07
2024.08.24 10:00:00,3.82742030069E-07
2024.08.24 11:00:00,3.87122355505E-07
2024.08.24 12:00:00,3.91925624399E-07
2024.08.24 13:00:00,3.97264983576E-07
2024.08.24 14:00:00,4.02801674682E-07
2024.08.24 15:00:00,4.12564247654E-07
2024.08.24 16:00:00,4.21524362082E-07
2024.08.24 17:00:00,4.32382535109E-07
2024.08.24 18:00:00,4.39149886233E-07
2024.08.24 19:00:00,4.43830657559E-07
2024.08.24 20:00:00,4.48841490197E-07
2024.08.24 21:00:00,4.52185531685E-07
2024.08.24 22:00:00,4.56142885241E-07
2024.08.24 23:00:00,4.6000766929E-07
2024.08.25 00:00:00,4.63124393946E-07
2024.08.25 01:00:00,4.67031895823E-07
2024.08.25 02:00:00,4.70872294045E-07
2024.08.25 03:00:00,4.74279772789E-07
2024.08.25 04:00:00,4.77693617995E-07
2024.08.25 05:00:00,4.81426866372E-07
2024.08.25 06:00:00,4.85232760639E-07
2024.08.25 07:00:00,4.89366982492E-07
2024.08.25 08:00:00,4.9366553867E-07
2024.08.25 09:00:00,4.98002123095E-07
2024.08.25 10:00:00,5.02311308992E-07
2024.08.25 11:00:00,5.06623223373E-07
2024.08.25 12:00:00,5.10723566549E-07
2024.08.25 13:00:00,5.1442361837E-07
2024.08.25 14:00:00,5.1776885357E-07
2024.08.25 15:00:00,5.22228219779E-07
2024.08.25 16:00:00,5.26317137428E-07
2024.08.25 17:00:00,5.31111652435E-07
2024.08.25 18:00:00,5.36590846423E-07
2024.08.25 19:00:00,5.42071063592E-07
2024.08.25 20:00:00,5.47862782696E-07
2024.08.25 21:00:00,5.53920756374E-07
2024.08.25 22:00:00,5.60326725463E-07
2024.08.25 23:00:00,5.67152255826E-07
2024.08.26 00:00:00,5.73925376557E-07
2024.08.26 01:00:00,5.80556900331E-07
2024.08.26 02:00:00,5.86842247685E-07
2024.08.26 03:00:00,5.93567449414E-07
2024.08.26 04:00:00,6.00309022047E-07
2024.08.26 05:00:00,6.06842718298E-07
2024.08.26 06:00:00,6.13074519151E-07
2024.08.26 07:00:00,6.17275759396E-07
2024.08.26 08:00:00,6.22071468115E-07
2024.08.26 09:00:00,6.29839348676E-07
2024.08.26 10:00:00,6.36849847524E-07
2024.08.26 11:00:00,6.45214925044E-07
2024.08.26 12:00:00,6.55509893477E-07
2024.08.26 13:00:00,6.64734557176E-07
2024.08.26 14:00:00,6.74031241488E-07
2024.08.26 15:00:00,6.84615429236E-07
2024.08.26 16:00:00,6.92315552442E-07
2024.08.26 17:00:00,6.967364925E-07
2024.08.26 18:00:00,7.02349439052E-07
2024.08.26 19:00:00,7.13266160801E-07
2024.08.26 20:00:00,7.2455480904E-07
2024.08.26 21:00:00,7.35013713893E-07
2024.08.26 22:00:00,7.44914188999E-07
2024.08.26 23:00:00,7.55322446366E-07
2024.08.27 00:00:00,7.65189383856E-07
2024.08.27 01:00:00,7.76256285917E-07
2024.08.27 02:00:00,7.88606882907E-07
2024.08.27 03:00:00,8.0199038166E-07
2024.08.27 04:00:00,8.15665032405E-07
2024.08.27 05:00:00,8.28699171507E-07
2024.08.27 06:00:00,8.40186203277E-07
2024.08.27 07:00:00,8.49717253004E-07
2024.08.27 08:00:00,8.57846259805E-07
2024.08.27 09:00:00,8.65736978994E-07
2024.08.27 10:00:00,8.73256396972E-07
2024.08.27 11:00:00,8.79892013472E-07
2024.08.27 12:00:00,8.94161814813E-07
2024.08.27 13:00:00,9.22903382161E-07
2024.08.27 14:00:00,9.59360818342E-07
2024.08.27 15:00:00,9.88473630059E-07
2024.08.27 16:00:00,9.98127006824E-07
2024.08.27 17:00:00,9.97494794319E-07
2024.08.27 18:00:00,9.99990447781E-07
2024.08.27 19:00:00,1.00594729702E-06
2024.08.27 20:00:00,1.00722627394E-06
2024.08.27 21:00:00,1.00911233858E-06
2024.08.27 22:00:00,1.01268949493E-06
2024.08.27 23:00:00,1.01842829281E-06
2024.08.28 00:00:00,1.02742774288E-06
2024.08.28 01:00:00,1.03822367237E-06
2024.08.28 02:00:00,1.04984519567E-06
2024.08.28 03:00:00,1.06174331904E-06
2024.08.28 04:00:00,1.07316168396E-06
2024.08.28 05:00:00,1.08388826447E-06
2024.08.28 06:00:00,1.09338554921E-06
2024.08.28 07:00:00,1.10297446554E-06
2024.08.28 08:00:00,1.11297742933E-06
2024.08.28 09:00:00,1.12378165795E-06
2024.08.28 10:00:00,1.13658768441E-06
2024.08.28 11:00:00,1.15382761123E-06
2024.08.28 12:00:00,1.18878369904E-06
2024.08.28 13:00:00,1.25410281271E-06
2024.08.28 14:00:00,1.31269621306E-06
2024.08.28 15:00:00,1.35981656513E-06
2024.08.28 16:00:00,1.37990411986E-06
2024.08.28 17:00:00,1.38220639201E-06
2024.08.28 18:00:00,1.38025575325E-06
2024.08.28 19:00:00,1.37069832817E-06
2024.08.28 20:00:00,1.36585526889E-06
2024.08.28 21:00:00,1.36357641622E-06
2024.08.28 22:00:00,1.36386370286E-06
2024.08.28 23:00:00,1.37001734402E-06
2024.08.29 00:00:00,1.37828271818E-06
2024.08.29 01:00:00,1.38378300107E-06
2024.08.29 02:00:00,1.38940151828E-06
2024.08.29 03:00:00,1.3981579059E-06
2024.08.29 04:00:00,1.40468648624E-06
2024.08.29 05:00:00,1.40798636039E-06
2024.08.29 06:00:00,1.41148632338E-06
2024.08.29 07:00:00,1.41736074966E-06
2024.08.29 08:00:00,1.42258147662E-06
2024.08.29 09:00:00,1.42786848301E-06
2024.08.29 10:00:00,1.43608986036E-06
2024.08.29 11:00:00,1.44334137531E-06
2024.08.29 12:00:00,1.44959642512E-06
2024.08.29 13:00:00,1.45384888128E-06
2024.08.29 14:00:00,1.45714670907E-06
2024.08.29 15:00:00,1.4608804122E-06
2024.08.29 16:00:00,1.46518141264E-06
2024.08.29 17:00:00,1.46954982938E-06
2024.08.29 18:00:00,1.47315950016E-06
2024.08.29 19:00:00,1.4760604472E-06
2024.08.29 20:00:00,1.47929779359E-06
2024.08.29 21:00:00,1.48370213537E-06
2024.08.29 22:00:00,1.48695414737E-06
2024.08.29 23:00:00,1.48947981415E-06
2024.08.30 00:00:00,1.49084075929E-06
2024.08.30 01:00:00,1.4910228856E-06
2024.08.30 02:00:00,1.49175957631E-06
2024.08.30 03:00:00,1.49279514972E-06
2024.08.30 04:00:00,1.49446327669E-06
2024.08.30 05:00:00,1.49693710227E-06
2024.08.30 06:00:00,1.49958702877E-06
2024.08.30 07:00:00,1.50176765601E-06
2024.08.30 08:00:00,1.50385631059E-06
2024.08.30 09:00:00,1.50642017616E-06
2024.08.30 10:00:00,1.51045060193E-06
2024.08.30 11:00:00,1.51595338593E-06
2024.08.30 12:00:00,1.52132020048E-06
2024.08.30 13:00:00,1.52692041411E-06
2024.08.30 14:00:00,1.53212477016E-06
2024.08.30 15:00:00,1.53679923187E-06
2024.08.30 16:00:00,1.54058500357E-06
2024.08.30 17:00:00,1.54243173256E-06
2024.08.30 18:00:00,1.54397821461E-06
2024.08.30 19:00:00,1.54706071953E-06
2024.08.30 20:00:00,1.55004590852E-06
2024.08.30 21:00:00,1.55192140028E-06
2024.08.30 22:00:00,1.55377165356E-06
2024.08.30 23:00:00,1.55554948833E-06
2024.08.31 00:00:00,1.557311748E-06
2024.08.31 01:00:00,1.55956649905E-06
2024.08.31 02:00:00,1.56223654812E-06
2024.08.31 03:00:00,1.56510964189E-06
2024.08.31 04:00:00,1.56778560267E-06
2024.08.31 05:00:00,1.57059002959E-06
2024.08.31 06:00:00,1.57340832629E-06
2024.08.31 07:00:00,1.57649776611E-06
2024.08.31 08:00:00,1.57960346314E-06
2024.08.31 09:00:00,1.58211071266E-06
2024.08.31 10:00:00,1.58476109391E-06
2024.08.31 11:00:00,1.5880001456E-06
2024.08.31 12:00:00,1.59367994002E-06
2024.08.31 13:00:00,1.5995681224E-06
2024.08.31 14:00:00,1.60734930432E-06
2024.08.31 15:00:00,1.61659033893E-06
2024.08.31 16:00:00,1.62456967701E-06
2024.08.31 17:00:00,1.63102481565E-06
2024.08.31 18:00:00,1.63438153322E-06
2024.08.31 19:00:00,1.6348922145E-06
2024.08.31 20:00:00,1.63473293924E-06
2024.08.31 21:00:00,1.63508570949E-06
2024.08.31 22:00:00,1.63586958024E-06
2024.08.31 23:00:00,1.63717402302E-06
2024.09.01 00:00:00,1.63891468219E-06
2024.09.01 01:00:00,1.64072366715E-06
2024.09.01 02:00:00,1.6426494085E-06
2024.09.01 03:00:00,1.64493042121E-06
2024.09.01 04:00:00,1.64749883425E-06
2024.09.01 05:00:00,1.65053495493E-06
2024.09.01 06:00:00,1.65322717294E-06
2024.09.01 07:00:00,1.65542542163E-06
2024.09.01 08:00:00,1.65784911133E-06
2024.09.01 09:00:00,1.65966503118E-06
2024.09.01 10:00:00,1.66212453223E-06
2024.09.01 11:00:00,1.66462075413E-06
2024.09.01 12:00:00,1.66768973031E-06
2024.09.01 13:00:00,1.67097039139E-06
2024.09.01 14:00:00,1.67419739228E-06
2024.09.01 15:00:00,1.67618361502E-06
2024.09.01 16:00:00,1.67798054918E-06
2024.09.01 17:00:00,1.6800541971E-06
2024.09.01 18:00:00,1.68210101492E-06
2024.09.01 19:00:00,1.68424264757E-06
2024.09.01 20:00:00,1.68652593402E-06
2024.09.01 21:00:00,1.68912470144E-06
2024.09.01 22:00:00,1.69187319443E-06
2024.09.01 23:00:00,1.69497900515E-06
2024.09.02 00:00:00,1.69874954281E-06
2024.09.02 01:00:00,1.70198120486E-06
2024.09.02 02:00:00,1.70494308804E-06
2024.09.02 03:00:00,1.70809369138E-06
2024.09.02 04:00:00,1.71282431438E-06
2024.09.02 05:00:00,1.71627914369E-06
2024.09.02 06:00:00,1.71904014223E-06
2024.09.02 07:00:00,1.72260490672E-06
2024.09.02 08:00:00,1.72684838162E-06
2024.09.02 09:00:00,1.7309590703E-06
2024.09.02 10:00:00,1.73606144926E-06
2024.09.02 11:00:00,1.74249908014E-06
2024.09.02 12:00:00,1.74875856374E-06
2024.09.02 13:00:00,1.75409320491E-06
2024.09.02 14:00:00,1.75920683887E-06
2024.09.02 15:00:00,1.76559001375E-06
2024.09.02 16:00:00,1.76935418494E-06
2024.09.02 17:00:00,1.77116999112E-06
2024.09.02 18:00:00,1.77139884272E-06
2024.09.02 19:00:00,1.77113633981E-06
2024.09.02 20:00:00,1.77177935257E-06
2024.09.02 21:00:00,1.77320237071E-06
2024.09.02 22:00:00,1.77491403974E-06
2024.09.02 23:00:00,1.77696904302E-06
2024.09.03 00:00:00,1.77955064373E-06
2024.09.03 01:00:00,1.78139976015E-06
2024.09.03 02:00:00,1.78435288944E-06
2024.09.03 03:00:00,1.78549396423E-06
2024.09.03 04:00:00,1.78738298473E-06
2024.09.03 05:00:00,1.79178334747E-06
2024.09.03 06:00:00,1.79566688985E-06
2024.09.03 07:00:00,1.79932362698E-06
2024.09.03 08:00:00,1.80250822268E-06
2024.09.03 09:00:00,1.80459517196E-06
2024.09.03 10:00:00,1.80603581157E-06
2024.09.03 11:00:00,1.80733263733E-06
2024.09.03 12:00:00,1.80903487035E-06
2024.09.03 13:00:00,1.81068890015E-06
2024.09.03 14:00:00,1.81357984275E-06
2024.09.03 15:00:00,1.8166516611E-06
2024.09.03 16:00:00,1.82030748874E-06
2024.09.03 17:00:00,1.8245824549E-06
2024.09.03 18:00:00,1.82917790426E-06
2024.09.03 19:00:00,1.83332315373E-06
2024.09.03 20:00:00,1.83659801678E-06
2024.09.03 21:00:00,1.83960310096E-06
2024.09.03 22:00:00,1.84297266514E-06
2024.09.03 23:00:00,1.84656903457E-06
2024.09.04 00:00:00,1.85037288247E-06
2024.09.04 01:00:00,1.85490557669E-06
2024.09.04 02:00:00,1.86099168786E-06
2024.09.04 03:00:00,1.86834358828E-06
2024.09.04 04:00:00,1.87602654478E-06
2024.09.04 05:00:00,1.88391720712E-06
2024.09.04 06:00:00,1.89095533187E-06
2024.09.04 07:00:00,1.89595243683E-06
2024.09.04 08:00:00,1.89907120784E-06
2024.09.04 09:00:00,1.90112439213E-06
2024.09.04 10:00:00,1.90373862097E-06
2024.09.04 11:00:00,1.90801483768E-06
2024.09.04 12:00:00,1.91504477698E-06
2024.09.04 13:00:00,1.92714151126E-06
2024.09.04 14:00:00,1.93871073861E-06
2024.09.04 15:00:00,1.94840890799E-06
2024.09.04 16:00:00,1.95517918655E-06
2024.09.04 17:00:00,1.95586767404E-06
2024.09.04 18:00:00,1.95284678739E-06
2024.09.04 19:00:00,1.95182383322E-06
2024.09.04 20:00:00,1.95265829461E-06
2024.09.04 21:00:00,1.95451275431E-06
2024.09.04 22:00:00,1.95787060875E-06
2024.09.04 23:00:00,1.96181940737E-06
2024.09.05 00:00:00,1.9656083623E-06
2024.09.05 01:00:00,1.96979749489E-06
2024.09.05 02:00:00,1.97430540538E-06
2024.09.05 03:00:00,1.97886038222E-06
2024.09.05 04:00:00,1.98330690182E-06
2024.09.05 05:00:00,1.98781026484E-06
2024.09.05 06:00:00,1.99244936994E-06
2024.09.05 07:00:00,1.99714736482E-06
2024.09.05 08:00:00,2.00166846298E-06
2024.09.05 09:00:00,2.0047086764E-06
2024.09.05 10:00:00,2.00697354558E-06
2024.09.05 11:00:00,2.00909198611E-06
2024.09.05 12:00:00,2.01149782697E-06
2024.09.05 13:00:00,2.01425268642E-06
2024.09.05 14:00:00,2.01784155252E-06
2024.09.05 15:00:00,2.02165574592E-06
2024.09.05 16:00:00,2.02431942853E-06
2024.09.05 17:00:00,2.02636215363E-06
2024.09.05 18:00:00,2.02856199394E-06
2024.09.05 19:00:00,2.03131639864E-06
2024.09.05 20:00:00,2.03457420866E-06
2024.09.05 21:00:00,2.03801778298E-06
2024.09.05 22:00:00,2.04149137062E-06
2024.09.05 23:00:00,2.04524735636E-06
2024.09.06 00:00:00,2.04928869607E-06
2024.09.06 01:00:00,2.05370065487E-06
2024.09.06 02:00:00,2.05816445487E-06
2024.09.06 03:00:00,2.06308186534E-06
2024.09.06 04:00:00,2.06811387216E-06
2024.09.06 05:00:00,2.07343123293E-06
2024.09.06 06:00:00,2.0788099846E-06
2024.09.06 07:00:00,2.08424944503E-06
2024.09.06 08:00:00,2.09003974305E-06
2024.09.06 09:00:00,2.09586960409E-06
2024.09.06 10:00:00,2.10123471334E-06
2024.09.06 11:00:00,2.10727375816E-06
2024.09.06 12:00:00,2.1133653263E-06
2024.09.06 13:00:00,2.1183593617E-06
2024.09.06 14:00:00,2.12346026274E-06
2024.09.06 15:00:00,2.12849158743E-06
2024.09.06 16:00:00,2.13779526348E-06
2024.09.06 17:00:00,2.14338251681E-06
2024.09.06 18:00:00,2.14849160329E-06
2024.09.06 19:00:00,2.1527048375E-06
2024.09.06 20:00:00,2.15611680687E-06
2024.09.06 21:00:00,2.15951763494E-06
2024.09.06 22:00:00,2.16299577005E-06
2024.09.06 23:00:00,2.16691091737E-06
2024.09.07 00:00:00,2.17070783037E-06
2024.09.07 01:00:00,2.17301999328E-06
2024.09.07 02:00:00,2.17722504203E-06
2024.09.07 03:00:00,2.1852165446E-06
2024.09.07 04:00:00,2.18623472392E-06
2024.09.07 05:00:00,2.1907617338E-06
2024.09.07 06:00:00,2.19259550249E-06
2024.09.07 07:00:00,2.19953449232E-06
2024.09.07 08:00:00,2.20626202463E-06
2024.09.07 09:00:00,2.21230357056E-06
2024.09.07 10:00:00,2.22167363972E-06
2024.09.07 11:00:00,2.22685207518E-06
2024.09.07 12:00:00,2.23192751037E-06
2024.09.07 13:00:00,2.23726738113E-06
2024.09.07 14:00:00,2.24268569582E-06
2024.09.07 15:00:00,2.24696373152E-06
2024.09.07 16:00:00,2.25383564612E-06
2024.09.07 17:00:00,2.2576784886E-06
2024.09.07 18:00:00,2.25925509767E-06
2024.09.07 19:00:00,2.26262500291E-06
2024.09.07 20:00:00,2.26662200475E-06
2024.09.07 21:00:00,2.26921201829E-06
2024.09.07 22:00:00,2.2738026928E-06
2024.09.07 23:00:00,2.27896066463E-06
2024.09.08 00:00:00,2.2835783966E-06
2024.09.08 01:00:00,2.29062061408E-06
2024.09.08 02:00:00,2.29692068388E-06
2024.09.08 03:00:00,2.29949546338E-06
2024.09.08 04:00:00,2.30272030421E-06
2024.09.08 05:00:00,2.30634850595E-06
2024.09.08 06:00:00,2.30875070883E-06
2024.09.08 07:00:00,2.31173453358E-06
2024.09.08 08:00:00,2.31471744883E-06
2024.09.08 09:00:00,2.31763851843E-06
2024.09.08 10:00:00,2.3215445708E-06
2024.09.08 11:00:00,2.3239742859E-06
2024.09.08 12:00:00,2.32644015341E-06
2024.09.08 13:00:00,2.33127639149E-06
2024.09.08 14:00:00,2.33540913541E-06
2024.09.08 15:00:00,2.33970536101E-06
2024.09.08 16:00:00,2.34105095842E-06
2024.09.08 17:00:00,2.33857076637E-06
2024.09.08 18:00:00,2.34379990616E-06
2024.09.08 19:00:00,2.34337926486E-06
2024.09.08 20:00:00,2.35150196204E-06
2024.09.08 21:00:00,2.34619506045E-06
2024.09.08 22:00:00,2.35083439293E-06
2024.09.08 23:00:00,2.35648508351E-06
2024.09.09 00:00:00,2.36566415879E-06
2024.09.09 01:00:00,2.37430322159E-06
2024.09.09 02:00:00,2.38020993493E-06
2024.09.09 03:00:00,2.38575375988E-06
2024.09.09 04:00:00,2.38444999923E-06
2024.09.09 05:00:00,2.38786901718E-06
2024.09.09 06:00:00,2.39438509197E-06
2024.09.09 07:00:00,2.40001531893E-06
2024.09.09 08:00:00,2.40542703978E-06
2024.09.09 09:00:00,2.41245993493E-06
2024.09.09 10:00:00,2.41760358222E-06
2024.09.09 11:00:00,2.42203100242E-06
2024.09.09 12:00:00,2.42617466029E-06
2024.09.09 13:00:00,2.42936039285E-06
2024.09.09 14:00:00,2.43154227064E-06
2024.09.09 15:00:00,2.43367094299E-06
2024.09.09 16:00:00,2.43623003371E-06
2024.09.09 17:00:00,2.43938643507E-06
2024.09.09 18:00:00,2.44351895162E-06
2024.09.09 19:00:00,2.44896864388E-06
2024.09.09 20:00:00,2.45594446824E-06
2024.09.09 21:00:00,2.46441777563E-06
2024.09.09 22:00:00,2.47291563937E-06
2024.09.09 23:00:00,2.48189053309E-06
2024.09.10 00:00:00,2.48991614171E-06
2024.09.10 01:00:00,2.49789013651E-06
2024.09.10 02:00:00,2.50500715993E-06
2024.09.10 03:00:00,2.51204824053E-06
2024.09.10 04:00:00,2.51819233199E-06
2024.09.10 05:00:00,2.52469203588E-06
2024.09.10 06:00:00,2.53043890552E-06
2024.09.10 07:00:00,2.53599523603E-06
2024.09.10 08:00:00,2.54077394857E-06
2024.09.10 09:00:00,2.54547489931E-06
2024.09.10 10:00:00,2.550269528E-06
2024.09.10 11:00:00,2.554196044E-06
2024.09.10 12:00:00,2.55504301094E-06
2024.09.10 13:00:00,2.56157227341E-06
2024.09.10 14:00:00,2.56771249951E-06
2024.09.10 15:00:00,2.57189412878E-06
2024.09.10 16:00:00,2.57664123637E-06
2024.09.10 17:00:00,2.58273098552E-06
2024.09.10 18:00:00,2.58960403698E-06
2024.09.10 19:00:00,2.59850344264E-06
2024.09.10 20:00:00,2.60675187747E-06
2024.09.10 21:00:00,2.61375453192E-06
2024.09.10 22:00:00,2.62046091848E-06
2024.09.10 23:00:00,2.62750222646E-06
2024.09.11 00:00:00,2.63426250058E-06
2024.09.11 01:00:00,2.64085110757E-06
2024.09.11 02:00:00,2.64763207269E-06
2024.09.11 03:00:00,2.65446578851E-06
2024.09.11 04:00:00,2.66022243522E-06
2024.09.11 05:00:00,2.66660708803E-06
2024.09.11 06:00:00,2.67291875389E-06
2024.09.11 07:00:00,2.68056692221E-06
2024.09.11 08:00:00,2.68766962108E-06
2024.09.11 09:00:00,2.69437873612E-06
2024.09.11 10:00:00,2.70054010798E-06
2024.09.11 11:00:00,2.70477198683E-06
2024.09.11 12:00:00,2.70887244369E-06
2024.09.11 13:00:00,2.71318049272E-06
2024.09.11 14:00:00,2.71824569609E-06
2024.09.11 15:00:00,2.72392753686E-06
2024.09.11 16:00:00,2.72990519079E-06
2024.09.11 17:00:00,2.7373271223E-06
2024.09.11 18:00:00,2.74571675618E-06
2024.09.11 19:00:00,2.75488241641E-06
2024.09.11 20:00:00,2.76456944448E-06
2024.09.11 21:00:00,2.7742094062E-06
2024.09.11 22:00:00,2.78384413832E-06
2024.09.11 23:00:00,2.79278970083E-06
2024.09.12 00:00:00,2.79952405435E-06
2024.09.12 01:00:00,2.80659128293E-06
2024.09.12 02:00:00,2.81365078081E-06
2024.09.12 03:00:00,2.82053747469E-06
2024.09.12 04:00:00,2.82636665361E-06
2024.09.12 05:00:00,2.83339863927E-06
2024.09.12 06:00:00,2.840397201E-06
2024.09.12 07:00:00,2.84759607894E-06
2024.09.12 08:00:00,2.85460305349E-06
2024.09.12 09:00:00,2.86118279291E-06
2024.09.12 10:00:00,2.86746535494E-06
2024.09.12 11:00:00,2.8733165891E-06
2024.09.12 12:00:00,2.87882767225E-06
2024.09.12 13:00:00,2.88423893835E-06
2024.09.12 14:00:00,2.89016611532E-06
2024.09.12 15:00:00,2.89710624202E-06
2024.09.12 16:00:00,2.90490470434E-06
2024.09.12 17:00:00,2.91305332212E-06
2024.09.12 18:00:00,2.92064873975E-06
2024.09.12 19:00:00,2.92752542919E-06
2024.09.12 20:00:00,2.93380003313E-06
2024.09.12 21:00:00,2.93986022371E-06
2024.09.12 22:00:00,2.9462769362E-06
2024.09.12 23:00:00,2.95295899377E-06
2024.09.13 00:00:00,2.95944823847E-06
2024.09.13 01:00:00,2.96566622637E-06
2024.09.13 02:00:00,2.97105293612E-06
2024.09.13 03:00:00,2.97582641906E-06
2024.09.13 04:00:00,2.98198938253E-06
2024.09.13 05:00:00,2.98752979688E-06
2024.09.13 06:00:00,2.99291218653E-06
2024.09.13 07:00:00,2.99813405036E-06
2024.09.13 08:00:00,3.00373699247E-06
2024.09.13 09:00:00,3.00969554701E-06
2024.09.13 10:00:00,3.01720274365E-06
2024.09.13 11:00:00,3.02921694129E-06
2024.09.13 12:00:00,3.04508353111E-06
2024.09.13 13:00:00,3.0609710393E-06
2024.09.13 14:00:00,3.07488949147E-06
2024.09.13 15:00:00,3.08569701701E-06
2024.09.13 16:00:00,3.09669894705E-06
2024.09.13 17:00:00,3.10410473503E-06
2024.09.13 18:00:00,3.10595214614E-06
2024.09.13 19:00:00,3.10567634187E-06
2024.09.13 20:00:00,3.10489986077E-06
2024.09.13 21:00:00,3.10408813675E-06
2024.09.13 22:00:00,3.10406471726E-06
2024.09.13 23:00:00,3.1050317375E-06
2024.09.14 00:00:00,3.10676500703E-06
2024.09.14 01:00:00,3.10943573822E-06
2024.09.14 02:00:00,3.11286044052E-06
2024.09.14 03:00:00,3.11662870445E-06
2024.09.14 04:00:00,3.12035308525E-06
2024.09.14 05:00:00,3.12384781864E-06
2024.09.14 06:00:00,3.12709835271E-06
2024.09.14 07:00:00,3.13026339427E-06
2024.09.14 08:00:00,3.13316559186E-06
2024.09.14 09:00:00,3.1353565646E-06
2024.09.14 10:00:00,3.13776672556E-06
2024.09.14 11:00:00,3.14061526296E-06
2024.09.14 12:00:00,3.14354065267E-06
2024.09.14 13:00:00,3.14705880555E-06
2024.09.14 14:00:00,3.15083502755E-06
2024.09.14 15:00:00,3.15452211908E-06
2024.09.14 16:00:00,3.15777947435E-06
2024.09.14 17:00:00,3.15979491461E-06
2024.09.14 18:00:00,3.16097816722E-06
2024.09.14 19:00:00,3.16236423714E-06
2024.09.14 20:00:00,3.16409750667E-06
2024.09.14 21:00:00,3.16614637086E-06
2024.09.14 22:00:00,3.16846467285E-06
2024.09.14 23:00:00,3.17095259561E-06
2024.09.15 00:00:00,3.17361218549E-06
2024.09.15 01:00:00,3.17692547469E-06
2024.09.15 02:00:00,3.18108391184E-06
2024.09.15 03:00:00,3.18625825457E-06
2024.09.15 04:00:00,3.19230161949E-06
2024.09.15 05:00:00,3.19868399856E-06
2024.09.15 06:00:00,3.20599383485E-06
2024.09.15 07:00:00,3.21356310451E-06
2024.09.15 08:00:00,3.21764855471E-06
2024.09.15 09:00:00,3.21932816405E-06
2024.09.15 10:00:00,3.21970696859E-06
2024.09.15 11:00:00,3.22153005072E-06
2024.09.15 12:00:00,3.2254515645E-06
2024.09.15 13:00:00,3.23073959407E-06
2024.09.15 14:00:00,3.23634480992E-06
2024.09.15 15:00:00,3.24079724123E-06
2024.09.15 16:00:00,3.24142365571E-06
2024.09.15 17:00:00,3.24178040501E-06
2024.09.15 18:00:00,3.24599614032E-06
2024.09.15 19:00:00,3.25139967572E-06
2024.09.15 20:00:00,3.2542604913E-06
2024.09.15 21:00:00,3.2550335618E-06
2024.09.15 22:00:00,3.25767587128E-06
2024.09.15 23:00:00,3.26290455632E-06
2024.09.16 00:00:00,3.26819190377E-06
2024.09.16 01:00:00,3.27403677147E-06
2024.09.16 02:00:00,3.2794737308E-06
2024.09.16 03:00:00,3.28371788783E-06
2024.09.16 04:00:00,3.28776945935E-06
2024.09.16 05:00:00,3.29249382958E-06
2024.09.16 06:00:00,3.2970135635E-06
2024.09.16 07:00:00,3.30275543092E-06
2024.09.16 08:00:00,3.30877492161E-06
2024.09.16 09:00:00,3.31425553668E-06
2024.09.16 10:00:00,3.31872820425E-06
2024.09.16 11:00:00,3.32064814756E-06
2024.09.16 12:00:00,3.3203939438E-06
2024.09.16 13:00:00,3.31955379806E-06
2024.09.16 14:00:00,3.31985302182E-06
2024.09.16 15:00:00,3.32113427248E-06
2024.09.16 16:00:00,3.32438708028E-06
2024.09.16 17:00:00,3.32819718096E-06
2024.09.16 18:00:00,3.33265825248E-06
2024.09.16 19:00:00,3.33796879204E-06
2024.09.16 20:00:00,3.34290916726E-06
2024.09.16 21:00:00,3.34974151883E-06
2024.09.16 22:00:00,3.3565574995E-06
2024.09.16 23:00:00,3.36365383191E-06
2024.09.17 00:00:00,3.3710880416E-06
2024.09.17 01:00:00,3.37881215273E-06
2024.09.17 02:00:00,3.38651898346E-06
2024.09.17 03:00:00,3.39430675922E-06
2024.09.17 04:00:00,3.40142992172E-06
2024.09.17 05:00:00,3.40872543347E-06
2024.09.17 06:00:00,3.41468444276E-06
2024.09.17 07:00:00,3.42121120411E-06
2024.09.17 08:00:00,3.42664998243E-06
2024.09.17 09:00:00,3.4297709135E-06
2024.09.17 10:00:00,3.43033570971E-06
2024.09.17 11:00:00,3.42987482327E-06
2024.09.17 12:00:00,3.42877660842E-06
2024.09.17 13:00:00,3.42790917784E-06
2024.09.17 14:00:00,3.42691350852E-06
2024.09.17 15:00:00,3.42584962709E-06
2024.09.17 16:00:00,3.42486168847E-06
2024.09.17 17:00:00,3.42390740116E-06
2024.09.17 18:00:00,3.42323369296E-06
2024.09.17 19:00:00,3.42336238646E-06
2024.09.17 20:00:00,3.4239035358E-06
2024.09.17 21:00:00,3.42517660101E-06
2024.09.17 22:00:00,3.42764110428E-06
2024.09.17 23:00:00,3.43083002008E-06
2024.09.18 00:00:00,3.43401939062E-06
2024.09.18 01:00:00,3.43708529726E-06
2024.09.18 02:00:00,3.44023737853E-06
2024.09.18 03:00:00,3.44415411746E-06
2024.09.18 04:00:00,3.44953332387E-06
2024.09.18 05:00:00,3.45695866599E-06
2024.09.18 06:00:00,3.46712886312E-06
2024.09.18 07:00:00,3.47934269485E-06
2024.09.18 08:00:00,3.49136962541E-06
2024.09.18 09:00:00,3.50088816958E-06
2024.09.18 10:00:00,3.50483969669E-06
2024.09.18 11:00:00,3.50506752511E-06
2024.09.18 12:00:00,3.50446271113E-06
2024.09.18 13:00:00,3.50385312231E-06
2024.09.18 14:00:00,3.50302411789E-06
2024.09.18 15:00:00,3.50199024979E-06
2024.09.18 16:00:00,3.50123627868E-06
2024.09.18 17:00:00,3.50165305463E-06
2024.09.18 18:00:00,3.50412915395E-06
2024.09.18 19:00:00,3.5102414131E-06
2024.09.18 20:00:00,3.52013648808E-06
2024.09.18 21:00:00,3.53275163434E-06
2024.09.18 22:00:00,3.54509916178E-06
2024.09.18 23:00:00,3.55539441443E-06
2024.09.19 00:00:00,3.56493001163E-06
2024.09.19 01:00:00,3.57221028935E-06
2024.09.19 02:00:00,3.57725548383E-06
2024.09.19 03:00:00,3.5806899632E-06
2024.09.19 04:00:00,3.58366423825E-06
2024.09.19 05:00:00,3.58657462129E-06
2024.09.19 06:00:00,3.58912802767E-06
2024.09.19 07:00:00,3.5913251395E-06
2024.09.19 08:00:00,3.59285741069E-06
2024.09.19 09:00:00,3.59289333574E-06
2024.09.19 10:00:00,3.59440832653E-06
2024.09.19 11:00:00,3.59520959137E-06
2024.09.19 12:00:00,3.59581031262E-06
2024.09.19 13:00:00,3.59654063686E-06
2024.09.19 14:00:00,3.5980060602E-06
2024.09.19 15:00:00,3.5993405163E-06
2024.09.19 16:00:00,3.60151352652E-06
2024.09.19 17:00:00,3.60557737622E-06
2024.09.19 18:00:00,3.6115761759E-06
2024.09.19 19:00:00,3.61632578461E-06
2024.09.19 20:00:00,3.61902357326E-06
2024.09.19 21:00:00,3.62104742635E-06
2024.09.19 22:00:00,3.62312675861E-06
2024.09.19 23:00:00,3.62497144124E-06
2024.09.20 00:00:00,3.62671107723E-06
2024.09.20 01:00:00,3.6283222471E-06
2024.09.20 02:00:00,3.62976197721E-06
2024.09.20 03:00:00,3.63137928616E-06
2024.09.20 04:00:00,3.63358117283E-06
2024.09.20 05:00:00,3.63627736988E-06
2024.09.20 06:00:00,3.63759932043E-06
2024.09.20 07:00:00,3.64159814126E-06
2024.09.20 08:00:00,3.64592051483E-06
2024.09.20 09:00:00,3.64952029486E-06
2024.09.20 10:00:00,3.65204391528E-06
2024.09.20 11:00:00,3.65313621842E-06
2024.09.20 12:00:00,3.65307050743E-06
2024.09.20 13:00:00,3.65318055628E-06
2024.09.20 14:00:00,3.6532762806E-06
2024.09.20 15:00:00,3.65342179975E-06
2024.09.20 16:00:00,3.65412984138E-06
2024.09.20 17:00:00,3.65505934496E-06
2024.09.20 18:00:00,3.65677169611E-06
2024.09.20 19:00:00,3.66041808775E-06
2024.09.20 20:00:00,3.66475410374E-06
2024.09.20 21:00:00,3.66941048924E-06
2024.09.20 22:00:00,3.67510347132E-06
2024.09.20 23:00:00,3.67987740901E-06
2024.09.21 00:00:00,3.67596840078E-06
2024.09.21 01:00:00,3.67922007172E-06
2024.09.21 02:00:00,3.68605515177E-06
2024.09.21 03:00:00,3.69197550754E-06
2024.09.21 04:00:00,3.69482154383E-06
2024.09.21 05:00:00,3.69810777556E-06
2024.09.21 06:00:00,3.70235761693E-06
2024.09.21 07:00:00,3.70583461518E-06
2024.09.21 08:00:00,3.70950078832E-06
2024.09.21 09:00:00,3.71679379896E-06
2024.09.21 10:00:00,3.72226372747E-06
2024.09.21 11:00:00,3.73391094399E-06
2024.09.21 12:00:00,3.74696583094E-06
2024.09.21 13:00:00,3.76156208404E-06
2024.09.21 14:00:00,3.77148398911E-06
2024.09.21 15:00:00,3.76995990337E-06
2024.09.21 16:00:00,3.7645033899E-06
2024.09.21 17:00:00,3.76143225367E-06
2024.09.21 18:00:00,3.7590498323E-06
2024.09.21 19:00:00,3.75956278731E-06
2024.09.21 20:00:00,3.76226034859E-06
2024.09.21 21:00:00,3.76499360755E-06
2024.09.21 22:00:00,3.76776324629E-06
2024.09.21 23:00:00,3.7688773773E-06
2024.09.22 00:00:00,3.77070114155E-06
2024.09.22 01:00:00,3.77282367481E-06
2024.09.22 02:00:00,3.77398191631E-06
2024.09.22 03:00:00,3.77460582968E-06
2024.09.22 04:00:00,3.77654873773E-06
2024.09.22 05:00:00,3.77906712856E-06
2024.09.22 06:00:00,3.78080585506E-06
2024.09.22 07:00:00,3.78465733775E-06
2024.09.22 08:00:00,3.78944400836E-06
2024.09.22 09:00:00,3.79396556127E-06
2024.09.22 10:00:00,3.79745506507E-06
2024.09.22 11:00:00,3.78813911084E-06
2024.09.22 12:00:00,3.78042363991E-06
2024.09.22 13:00:00,3.78527192879E-06
2024.09.22 14:00:00,3.78974345949E-06
2024.09.22 15:00:00,3.79317839361E-06
2024.09.22 16:00:00,3.79469793188E-06
2024.09.22 17:00:00,3.79584957955E-06
2024.09.22 18:00:00,3.79635207537E-06
2024.09.22 19:00:00,3.79901143788E-06
2024.09.22 20:00:00,3.79768175662E-06
2024.09.22 21:00:00,3.79684684049E-06
2024.09.22 22:00:00,3.79688049179E-06
2024.09.22 23:00:00,3.79668108508E-06
2024.09.23 00:00:00,3.796522833E-06
2024.09.23 01:00:00,3.79240418624E-06
2024.09.23 02:00:00,3.79486846214E-06
2024.09.23 03:00:00,3.79246307602E-06
2024.09.23 04:00:00,3.79274774787E-06
2024.09.23 05:00:00,3.79360608349E-06
2024.09.23 06:00:00,3.79484322366E-06
2024.09.23 07:00:00,3.79530433747E-06
2024.09.23 08:00:00,3.78803179046E-06
2024.09.23 09:00:00,3.78820641345E-06
2024.09.23 10:00:00,3.79431435249E-06
2024.09.23 11:00:00,3.7998966036E-06
2024.09.23 12:00:00,3.80628443963E-06
2024.09.23 13:00:00,3.81138215744E-06
2024.09.23 14:00:00,3.81578774977E-06
2024.09.23 15:00:00,3.81762129109E-06
2024.09.23 16:00:00,3.81829022444E-06
2024.09.23 17:00:00,3.81674226446E-06
2024.09.23 18:00:00,3.81545851269E-06
2024.09.23 19:00:00,3.81057975574E-06
2024.09.23 20:00:00,3.80897586183E-06
2024.09.23 21:00:00,3.80687629331E-06
2024.09.23 22:00:00,3.80155188395E-06
2024.09.23 23:00:00,3.80247797693E-06
2024.09.24 00:00:00,3.8017069528E-06
2024.09.24 01:00:00,3.801522098E-06
2024.09.24 02:00:00,3.80093638341E-06
2024.09.24 03:00:00,3.80012329515E-06
2024.09.24 04:00:00,3.79951666218E-06
2024.09.24 05:00:00,3.7986778807E-06
2024.09.24 06:00:00,3.79720768251E-06
2024.09.24 07:00:00,3.79454741051E-06
2024.09.24 08:00:00,3.79094467462E-06
2024.09.24 09:00:00,3.79042580789E-06
2024.09.24 10:00:00,3.79203470402E-06
2024.09.24 11:00:00,3.79327593691E-06
2024.09.24 12:00:00,3.78919435207E-06
2024.09.24 13:00:00,3.79151356356E-06
2024.09.24 14:00:00,3.79365974368E-06
2024.09.24 15:00:00,3.79698030883E-06
2024.09.24 16:00:00,3.80214464712E-06
2024.09.24 17:00:00,3.8020930333E-06
2024.09.24 18:00:00,3.80387746191E-06
2024.09.24 19:00:00,3.80398341804E-06
2024.09.24 20:00:00,3.80551114176E-06
2024.09.24 21:00:00,3.80649021281E-06
2024.09.24 22:00:00,3.80579831472E-06
2024.09.24 23:00:00,3.80259234589E-06
2024.09.25 00:00:00,3.80206756745E-06
2024.09.25 01:00:00,3.8030414089E-06
2024.09.25 02:00:00,3.80313827009E-06
2024.09.25 03:00:00,3.80383812626E-06
2024.09.25 04:00:00,3.80500750907E-06
2024.09.25 05:00:00,3.80563687941E-06
2024.09.25 06:00:00,3.80648907594E-06
2024.09.25 07:00:00,3.8039768242E-06
2024.09.25 08:00:00,3.80545975531E-06
2024.09.25 09:00:00,3.80614073947E-06
2024.09.25 10:00:00,3.81308382202E-06
2024.09.25 11:00:00,3.81964355256E-06
2024.09.25 12:00:00,3.82698181056E-06
2024.09.25 13:00:00,3.83377710023E-06
2024.09.25 14:00:00,3.83965971196E-06
2024.09.25 15:00:00,3.8429648157E-06
2024.09.25 16:00:00,3.84333861803E-06
2024.09.25 17:00:00,3.84041550205E-06
2024.09.25 18:00:00,3.8361586121E-06
2024.09.25 19:00:00,3.83393444281E-06
2024.09.25 20:00:00,3.83163705919E-06
2024.09.25 21:00:00,3.82982852898E-06
2024.09.25 22:00:00,3.82847292713E-06
2024.09.25 23:00:00,3.82725556847E-06
2024.09.26 00:00:00,3.82624511985E-06
2024.09.26 01:00:00,3.82543157684E-06
2024.09.26 02:00:00,3.82470307159E-06
2024.09.26 03:00:00,3.82407506549E-06
2024.09.26 04:00:00,3.82352254746E-06
2024.09.26 05:00:00,3.82300777346E-06
2024.09.26 06:00:00,3.82253938369E-06
2024.09.26 07:00:00,3.8221610339E-06
2024.09.26 08:00:00,3.82189318771E-06
2024.09.26 09:00:00,3.82169127988E-06
2024.09.26 10:00:00,3.82175494451E-06
2024.09.26 11:00:00,3.82203779736E-06
2024.09.26 12:00:00,3.82255848308E-06
2024.09.26 13:00:00,3.82342386729E-06
2024.09.26 14:00:00,3.82479947802E-06
2024.09.26 15:00:00,3.82649204766E-06
2024.09.26 16:00:00,3.828023182E-06
2024.09.26 17:00:00,3.82888356398E-06
2024.09.26 18:00:00,3.82886582884E-06
2024.09.26 19:00:00,3.82817052014E-06
2024.09.26 20:00:00,3.82719326808E-06
2024.09.26 21:00:00,3.82619282391E-06
2024.09.26 22:00:00,3.82508460461E-06
2024.09.26 23:00:00,3.8244006646E-06
2024.09.27 00:00:00,3.82387770514E-06
2024.09.27 01:00:00,3.82367852581E-06
2024.09.27 02:00:00,3.82346070182E-06
2024.09.27 03:00:00,3.8234556996E-06
2024.09.27 04:00:00,3.8236707951E-06
2024.09.27 05:00:00,3.82359576179E-06
2024.09.27 06:00:00,3.82336884286E-06
2024.09.27 07:00:00,3.82314510716E-06
2024.09.27 08:00:00,3.82322741643E-06
2024.09.27 09:00:00,3.82350617656E-06
2024.09.27 10:00:00,3.8230177779E-06
2024.09.27 11:00:00,3.82247480957E-06
2024.09.27 12:00:00,3.82202506444E-06
2024.09.27 13:00:00,3.82352254746E-06
2024.09.27 14:00:00,3.82654707209E-06
2024.09.27 15:00:00,3.8282632886E-06
2024.09.27 16:00:00,3.82860207537E-06
2024.09.27 17:00:00,3.83086171496E-06
2024.09.27 18:00:00,3.83300357498E-06
2024.09.27 19:00:00,3.83487122235E-06
2024.09.27 20:00:00,3.83618362321E-06
2024.09.27 21:00:00,3.83714632335E-06
2024.09.27 22:00:00,3.83865835829E-06
2024.09.27 23:00:00,3.83970655093E-06
2024.09.28 00:00:00,3.84076383853E-06
2024.09.28 01:00:00,3.83660426451E-06
2024.09.28 02:00:00,3.84316990676E-06
2024.09.28 03:00:00,3.84668510378E-06
2024.09.28 04:00:00,3.84826307709E-06
2024.09.28 05:00:00,3.84983104595E-06
2024.09.28 06:00:00,3.8526818571E-06
2024.09.28 07:00:00,3.85561725125E-06
2024.09.28 08:00:00,3.85814018955E-06
2024.09.28 09:00:00,3.86545070796E-06
2024.09.28 10:00:00,3.87560658055E-06
2024.09.28 11:00:00,3.885013939E-06
2024.09.28 12:00:00,3.89198976336E-06
2024.09.28 13:00:00,3.8958883124E-06
2024.09.28 14:00:00,3.89666274714E-06
2024.09.28 15:00:00,3.89596470995E-06
2024.09.28 16:00:00,3.89562319469E-06
2024.09.28 17:00:00,3.8998105083E-06
2024.09.28 18:00:00,3.9098608795E-06
2024.09.28 19:00:00,3.91634057451E-06
2024.09.28 20:00:00,3.91725598092E-06
2024.09.28 21:00:00,3.91673756894E-06
2024.09.28 22:00:00,3.91603498429E-06
2024.09.28 23:00:00,3.91439925806E-06
2024.09.29 00:00:00,3.91354706153E-06
2024.09.29 01:00:00,3.91387175114E-06
2024.09.29 02:00:00,3.91462936022E-06
2024.09.29 03:00:00,3.91621142626E-06
2024.09.29 04:00:00,3.9173028199E-06
2024.09.29 05:00:00,3.91763433072E-06
2024.09.29 06:00:00,3.91719368054E-06
2024.09.29 07:00:00,3.91637877328E-06
2024.09.29 08:00:00,3.91604635297E-06
2024.09.29 09:00:00,3.91637559005E-06
2024.09.29 10:00:00,3.91679395761E-06
2024.09.29 11:00:00,3.91660569221E-06
2024.09.29 12:00:00,3.91607409256E-06
2024.09.29 13:00:00,3.91645926356E-06
2024.09.29 14:00:00,3.91717185266E-06
2024.09.29 15:00:00,3.91828825741E-06
2024.09.29 16:00:00,3.9196884245E-06
2024.09.29 17:00:00,3.92195352106E-06
2024.09.29 18:00:00,3.92511128666E-06
2024.09.29 19:00:00,3.92798710891E-06
2024.09.29 20:00:00,3.93016125599E-06
2024.09.29 21:00:00,3.93163963963E-06
2024.09.29 22:00:00,3.93220580008E-06
2024.09.29 23:00:00,3.9319966163E-06
2024.09.30 00:00:00,3.9310784814E-06
2024.09.30 01:00:00,3.92942001781E-06
2024.09.30 02:00:00,3.92801121052E-06
2024.09.30 03:00:00,3.92705214836E-06
2024.09.30 04:00:00,3.92586480302E-06
2024.09.30 05:00:00,3.92535685023E-06
2024.09.30 06:00:00,3.92511856262E-06
2024.09.30 07:00:00,3.92540641769E-06
2024.09.30 08:00:00,3.92579704567E-06
2024.09.30 09:00:00,3.92607762478E-06
2024.09.30 10:00:00,3.92538277083E-06
2024.09.30 11:00:00,3.92424453821E-06
2024.09.30 12:00:00,3.92378296965E-06
2024.09.30 13:00:00,3.92382389691E-06
2024.09.30 14:00:00,3.92523907067E-06
2024.09.30 15:00:00,3.92638094127E-06
2024.09.30 16:00:00,3.92746960642E-06
2024.09.30 17:00:00,3.92844458474E-06
2024.09.30 18:00:00,3.92987476516E-06
2024.09.30 19:00:00,3.93105665353E-06
2024.09.30 20:00:00,3.93171512769E-06
2024.09.30 21:00:00,3.93236859964E-06
2024.09.30 22:00:00,3.93335994886E-06
2024.09.30 23:00:00,3.93453137804E-06
2024.10.01 00:00:00,3.93508162233E-06
2024.10.01 01:00:00,3.93561185774E-06
2024.10.01 02:00:00,3.93578284275E-06
2024.10.01 03:00:00,3.93664186049E-06
2024.10.01 04:00:00,3.93768232243E-06
2024.10.01 05:00:00,3.93841082769E-06
2024.10.01 06:00:00,3.93965729018E-06
2024.10.01 07:00:00,3.94121070713E-06
2024.10.01 08:00:00,3.94268636228E-06
2024.10.01 09:00:00,3.94277958549E-06
2024.10.01 10:00:00,3.94248945668E-06
2024.10.01 11:00:00,3.94284961658E-06
2024.10.01 12:00:00,3.94699372919E-06
2024.10.01 13:00:00,3.95342567572E-06
2024.10.01 14:00:00,3.95942379328E-06
2024.10.01 15:00:00,3.96318910134E-06
2024.10.01 16:00:00,3.96482982978E-06
2024.10.01 17:00:00,3.96575433115E-06
2024.10.01 18:00:00,3.96460382035E-06
2024.10.01 19:00:00,3.96645009459E-06
2024.10.01 20:00:00,3.96849645767E-06
2024.10.01 21:00:00,3.97167605115E-06
2024.10.01 22:00:00,3.97332723878E-06
2024.10.01 23:00:00,3.97483063352E-06
2024.10.02 00:00:00,3.97768917537E-06
2024.10.02 01:00:00,3.98180100092E-06
2024.10.02 02:00:00,3.98300653615E-06
2024.10.02 03:00:00,3.98343581764E-06
2024.10.02 04:00:00,3.98405518354E-06
2024.10.02 05:00:00,3.98517522626E-06
2024.10.02 06:00:00,3.98626252718E-06
2024.10.02 07:00:00,3.98743850383E-06
2024.10.02 08:00:00,3.98912607125E-06
2024.10.02 09:00:00,3.99282180297E-06
2024.10.02 10:00:00,4.00261205868E-06
2024.10.02 11:00:00,4.01393253924E-06
2024.10.02 12:00:00,4.02757041229E-06
2024.10.02 13:00:00,4.04002867072E-06
2024.10.02 14:00:00,4.04947013521E-06
2024.10.02 15:00:00,4.05348691856E-06
2024.10.02 16:00:00,4.05261607739E-06
2024.10.02 17:00:00,4.04833008361E-06
2024.10.02 18:00:00,4.04256979891E-06
2024.10.02 19:00:00,4.03705689678E-06
2024.10.02 20:00:00,4.03227750212E-06
2024.10.02 21:00:00,4.02861223847E-06
2024.10.02 22:00:00,4.02581099479E-06
2024.10.02 23:00:00,4.02374234909E-06
2024.10.03 00:00:00,4.02211026085E-06
2024.10.03 01:00:00,4.0208055907E-06
2024.10.03 02:00:00,4.01975512432E-06
2024.10.03 03:00:00,4.01837132813E-06
2024.10.03 04:00:00,4.01779379899E-06
2024.10.03 05:00:00,4.01702891395E-06
2024.10.03 06:00:00,4.01662646254E-06
2024.10.03 07:00:00,4.01688748752E-06
2024.10.03 08:00:00,4.01710440201E-06
2024.10.03 09:00:00,4.01776196668E-06
2024.10.03 10:00:00,4.01865281674E-06
2024.10.03 11:00:00,4.01889610657E-06
2024.10.03 12:00:00,4.01856823373E-06
2024.10.03 13:00:00,4.01865463573E-06
2024.10.03 14:00:00,4.01900888392E-06
2024.10.03 15:00:00,4.01985789722E-06
2024.10.03 16:00:00,4.02072919314E-06
2024.10.03 17:00:00,4.02080604545E-06
2024.10.03 18:00:00,4.02063506044E-06
2024.10.03 19:00:00,4.02018076784E-06
2024.10.03 20:00:00,4.01987153964E-06
2024.10.03 21:00:00,4.01962597607E-06
2024.10.03 22:00:00,4.01964325647E-06
2024.10.03 23:00:00,4.02020668844E-06
2024.10.04 00:00:00,4.020281267E-06
2024.10.04 01:00:00,4.02067780669E-06
2024.10.04 02:00:00,4.02170917368E-06
2024.10.04 03:00:00,4.02221712648E-06
2024.10.04 04:00:00,4.02154273615E-06
2024.10.04 05:00:00,4.02059595217E-06
2024.10.04 06:00:00,4.01975694331E-06
2024.10.04 07:00:00,4.02037858294E-06
2024.10.04 08:00:00,4.02039904657E-06
2024.10.04 09:00:00,4.02001933253E-06
2024.10.04 10:00:00,4.02429304813E-06
2024.10.04 11:00:00,4.02911837227E-06
2024.10.04 12:00:00,4.03551575801E-06
2024.10.04 13:00:00,4.0402119339E-06
2024.10.04 14:00:00,4.04398952014E-06
2024.10.04 15:00:00,4.04476440963E-06
2024.10.04 16:00:00,4.0440218072E-06
2024.10.04 17:00:00,4.04169031754E-06
2024.10.04 18:00:00,4.03958438255E-06
2024.10.04 19:00:00,4.03809872296E-06
2024.10.04 20:00:00,4.03679223382E-06
2024.10.04 21:00:00,4.03600233767E-06
2024.10.04 22:00:00,4.03487001677E-06
2024.10.04 23:00:00,4.03449075748E-06
2024.10.05 00:00:00,4.03387275583E-06
2024.10.05 01:00:00,4.03328931498E-06
2024.10.05 02:00:00,4.03282638217E-06
2024.10.05 03:00:00,4.03240073865E-06
2024.10.05 04:00:00,4.0322042878E-06
2024.10.05 05:00:00,4.03218018619E-06
2024.10.05 06:00:00,4.03234571422E-06
2024.10.05 07:00:00,4.03246394853E-06
2024.10.05 08:00:00,4.03267313231E-06
2024.10.05 09:00:00,4.03348394684E-06
2024.10.05 10:00:00,4.03515196012E-06
2024.10.05 11:00:00,4.03845979235E-06
2024.10.05 12:00:00,4.04414686273E-06
2024.10.05 13:00:00,4.04987031288E-06
2024.10.05 14:00:00,4.05636592404E-06
2024.10.05 15:00:00,4.06148001275E-06
2024.10.05 16:00:00,4.06262961405E-06
2024.10.05 17:00:00,4.06017170462E-06
2024.10.05 18:00:00,4.05624041377E-06
2024.10.05 19:00:00,4.05273067372E-06
2024.10.05 20:00:00,4.04988850278E-06
2024.10.05 21:00:00,4.04801085097E-06
2024.10.05 22:00:00,4.04634101869E-06
2024.10.05 23:00:00,4.04488719141E-06
2024.10.06 00:00:00,4.04358979722E-06
2024.10.06 01:00:00,4.04241518481E-06
2024.10.06 02:00:00,4.04131151299E-06
2024.10.06 03:00:00,4.04029970014E-06
2024.10.06 04:00:00,4.03932881454E-06
2024.10.06 05:00:00,4.03840158469E-06
2024.10.06 06:00:00,4.03751300837E-06
2024.10.06 07:00:00,4.03665990234E-06
2024.10.06 08:00:00,4.03585590902E-06
2024.10.06 09:00:00,4.03527292292E-06
2024.10.06 10:00:00,4.03513422498E-06
2024.10.06 11:00:00,4.03542071581E-06
2024.10.06 12:00:00,4.036246537E-06
2024.10.06 13:00:00,4.03726289733E-06
2024.10.06 14:00:00,4.03809008276E-06
2024.10.06 15:00:00,4.03567264584E-06
2024.10.06 16:00:00,4.0361437641E-06
2024.10.06 17:00:00,4.03025796913E-06
2024.10.06 18:00:00,4.02786554332E-06
2024.10.06 19:00:00,4.02409432354E-06
2024.10.06 20:00:00,4.02694513468E-06
2024.10.06 21:00:00,4.02840578317E-06
2024.10.06 22:00:00,4.0290101424E-06
2024.10.06 23:00:00,4.02859359383E-06
2024.10.07 00:00:00,4.02760451834E-06
2024.10.07 01:00:00,4.02677778766E-06
2024.10.07 02:00:00,4.02633668273E-06
2024.10.07 03:00:00,4.02602881877E-06
2024.10.07 04:00:00,4.02562636737E-06
2024.10.07 05:00:00,4.02532214139E-06
2024.10.07 06:00:00,4.02505929742E-06
2024.10.07 07:00:00,4.02468640459E-06
2024.10.07 08:00:00,4.02446676162E-06
2024.10.07 09:00:00,4.02450996262E-06
2024.10.07 10:00:00,4.02552450396E-06
2024.10.07 11:00:00,4.02749401474E-06
2024.10.07 12:00:00,4.03016792916E-06
2024.10.07 13:00:00,4.0338081817E-06
2024.10.07 14:00:00,4.03711237595E-06
2024.10.07 15:00:00,4.03877993449E-06
2024.10.07 16:00:00,4.03919921155E-06
2024.10.07 17:00:00,4.03870444643E-06
2024.10.07 18:00:00,4.03726198783E-06
2024.10.07 19:00:00,4.03628337153E-06
2024.10.07 20:00:00,4.03542753702E-06
2024.10.07 21:00:00,4.03445483244E-06
2024.10.07 22:00:00,4.03283183914E-06
2024.10.07 23:00:00,4.03143303629E-06
2024.10.08 00:00:00,4.02915884479E-06
2024.10.08 01:00:00,4.02739306082E-06
2024.10.08 02:00:00,4.02831938118E-06
2024.10.08 03:00:00,4.02976820624E-06
2024.10.08 04:00:00,4.03055719289E-06
2024.10.08 05:00:00,4.0321860979E-06
2024.10.08 06:00:00,4.03315107178E-06
2024.10.08 07:00:00,4.03326339438E-06
2024.10.08 08:00:00,4.0328209252E-06
2024.10.08 09:00:00,4.03485728384E-06
2024.10.08 10:00:00,4.03647845815E-06
2024.10.08 11:00:00,4.03968033424E-06
2024.10.08 12:00:00,4.04437287216E-06
2024.10.08 13:00:00,4.04476804761E-06
2024.10.08 14:00:00,4.04908632845E-06
2024.10.08 15:00:00,4.05060791309E-06
2024.10.08 16:00:00,4.05202899856E-06
2024.10.08 17:00:00,4.05141418014E-06
2024.10.08 18:00:00,4.04985394198E-06
2024.10.08 19:00:00,4.04837282986E-06
2024.10.08 20:00:00,4.04727325076E-06
2024.10.08 21:00:00,4.04636875828E-06
2024.10.08 22:00:00,4.04573847845E-06
2024.10.08 23:00:00,4.0451550376E-06
2024.10.09 00:00:00,4.0448207983E-06
2024.10.09 01:00:00,4.04466936743E-06
2024.10.09 02:00:00,4.04466254622E-06
2024.10.09 03:00:00,4.04480715588E-06
2024.10.09 04:00:00,4.04529691878E-06
2024.10.09 05:00:00,4.0452068788E-06
2024.10.09 06:00:00,4.04640968554E-06
2024.10.09 07:00:00,4.04808770327E-06
2024.10.09 08:00:00,4.0499357965E-06
2024.10.09 09:00:00,4.05163973483E-06
2024.10.09 10:00:00,4.05446053264E-06
2024.10.09 11:00:00,4.05926539315E-06
2024.10.09 12:00:00,4.06513026974E-06
2024.10.09 13:00:00,4.07223978982E-06
2024.10.09 14:00:00,4.08019423048E-06
2024.10.09 15:00:00,4.08600544688E-06
2024.10.09 16:00:00,4.08594632972E-06
2024.10.09 17:00:00,4.08366759075E-06
2024.10.09 18:00:00,4.08204095947E-06
2024.10.09 19:00:00,4.08076266467E-06
2024.10.09 20:00:00,4.07926927437E-06
2024.10.09 21:00:00,4.07771176469E-06
2024.10.09 22:00:00,4.07594416174E-06
2024.10.09 23:00:00,4.0748095671E-06
2024.10.10 00:00:00,4.07497554988E-06
2024.10.10 01:00:00,4.07554080084E-06
2024.10.10 02:00:00,4.07521247325E-06
2024.10.10 03:00:00,4.07211928177E-06
2024.10.10 04:00:00,4.06792059948E-06
2024.10.10 05:00:00,4.06571371059E-06
2024.10.10 06:00:00,4.06596154789E-06
2024.10.10 07:00:00,4.06642539019E-06
2024.10.10 08:00:00,4.06540812037E-06
2024.10.10 09:00:00,4.06595108871E-06
2024.10.10 10:00:00,4.06586696045E-06
2024.10.10 11:00:00,4.06694834965E-06
2024.10.10 12:00:00,4.07232482758E-06
2024.10.10 13:00:00,4.08084588344E-06
2024.10.10 14:00:00,4.08919277106E-06
2024.10.10 15:00:00,4.09732456319E-06
2024.10.10 16:00:00,4.09901986131E-06
2024.10.10 17:00:00,4.09370477428E-06
2024.10.10 18:00:00,4.09055837736E-06
2024.10.10 19:00:00,4.08610640079E-06
2024.10.10 20:00:00,4.08043433708E-06
2024.10.10 21:00:00,4.08061396229E-06
2024.10.10 22:00:00,4.07881771025E-06
2024.10.10 23:00:00,4.07838979299E-06
2024.10.11 00:00:00,4.07593643104E-06
2024.10.11 01:00:00,4.07218431064E-06
2024.10.11 02:00:00,4.07333527619E-06
2024.10.11 03:00:00,4.07533525504E-06
2024.10.11 04:00:00,4.07345305575E-06
2024.10.11 05:00:00,4.07517654821E-06
2024.10.11 06:00:00,4.07696643379E-06
2024.10.11 07:00:00,4.07849984185E-06
2024.10.11 08:00:00,4.07985999118E-06
2024.10.11 09:00:00,4.08071946367E-06
2024.10.11 10:00:00,4.08185496781E-06
2024.10.11 11:00:00,4.08402001995E-06
2024.10.11 12:00:00,4.08695586884E-06
2024.10.11 13:00:00,4.08942469221E-06
2024.10.11 14:00:00,4.09834592574E-06
2024.10.11 15:00:00,4.10643906434E-06
2024.10.11 16:00:00,4.11134533351E-06
2024.10.11 17:00:00,4.11383689425E-06
2024.10.11 18:00:00,4.11837527281E-06
2024.10.11 19:00:00,4.12140934714E-06
2024.10.11 20:00:00,4.12459257859E-06
2024.10.11 21:00:00,4.12940153183E-06
2024.10.11 22:00:00,4.13472480432E-06
2024.10.11 23:00:00,4.14018040829E-06
2024.10.12 00:00:00,4.14689247918E-06
2024.10.12 01:00:00,4.15456997871E-06
2024.10.12 02:00:00,4.15706426793E-06
2024.10.12 03:00:00,4.16602506448E-06
2024.10.12 04:00:00,4.16781949752E-06
2024.10.12 05:00:00,4.17272531195E-06
2024.10.12 06:00:00,4.17980027123E-06
2024.10.12 07:00:00,4.18583522332E-06
2024.10.12 08:00:00,4.19144816988E-06
2024.10.12 09:00:00,4.19597108703E-06
2024.10.12 10:00:00,4.2035626393E-06
2024.10.12 11:00:00,4.21054210165E-06
2024.10.12 12:00:00,4.21869026468E-06
2024.10.12 13:00:00,4.22361517849E-06
2024.10.12 14:00:00,4.22590755988E-06
2024.10.12 15:00:00,4.22740322392E-06
2024.10.12 16:00:00,4.2260344344E-06
2024.10.12 17:00:00,4.22548373535E-06
2024.10.12 18:00:00,4.22066932515E-06
2024.10.12 19:00:00,4.22047241955E-06
2024.10.12 20:00:00,4.21906042902E-06
2024.10.12 21:00:00,4.21896857006E-06
2024.10.12 22:00:00,4.21849472332E-06
2024.10.12 23:00:00,4.21884215029E-06
2024.10.13 00:00:00,4.21916001869E-06
2024.10.13 01:00:00,4.21868389822E-06
2024.10.13 02:00:00,4.21943195761E-06
2024.10.13 03:00:00,4.21997174271E-06
2024.10.13 04:00:00,4.22069388151E-06
2024.10.13 05:00:00,4.22144648837E-06
2024.10.13 06:00:00,4.22178800363E-06
2024.10.13 07:00:00,4.22355515184E-06
2024.10.13 08:00:00,4.22536550104E-06
2024.10.13 09:00:00,4.2269603E-06
2024.10.13 10:00:00,4.22834636993E-06
2024.10.13 11:00:00,4.22960101787E-06
2024.10.13 12:00:00,4.22868697569E-06
2024.10.13 13:00:00,4.22636185249E-06
2024.10.13 14:00:00,4.22390576205E-06
2024.10.13 15:00:00,4.22623088525E-06
2024.10.13 16:00:00,4.22506855102E-06
2024.10.13 17:00:00,4.22257153332E-06
2024.10.13 18:00:00,4.22392304245E-06
2024.10.13 19:00:00,4.22253879151E-06
2024.10.13 20:00:00,4.22339007855E-06
2024.10.13 21:00:00,4.22626317231E-06
2024.10.13 22:00:00,4.22836410507E-06
2024.10.13 23:00:00,4.23054416387E-06
2024.10.14 00:00:00,4.22567381975E-06
2024.10.14 01:00:00,4.23196570409E-06
2024.10.14 02:00:00,4.23614119427E-06
2024.10.14 03:00:00,4.23694973506E-06
2024.10.14 04:00:00,4.24084691986E-06
2024.10.14 05:00:00,4.24159361501E-06
2024.10.14 06:00:00,4.24341578764E-06
2024.10.14 07:00:00,4.24379049946E-06
2024.10.14 08:00:00,4.23703568231E-06
2024.10.14 09:00:00,4.23332221544E-06
2024.10.14 10:00:00,4.22657103627E-06
2024.10.14 11:00:00,4.22586072091E-06
2024.10.14 12:00:00,4.22740413342E-06
2024.10.14 13:00:00,4.22383072873E-06
2024.10.14 14:00:00,4.22441462433E-06
2024.10.14 15:00:00,4.22130278821E-06
2024.10.14 16:00:00,4.20849664806E-06
2024.10.14 17:00:00,4.21498907599E-06
2024.10.14 18:00:00,4.21899949288E-06
2024.10.14 19:00:00,4.2197075345E-06
2024.10.14 20:00:00,4.22119273935E-06
2024.10.14 21:00:00,4.21884260504E-06
2024.10.14 22:00:00,4.21678305429E-06
2024.10.14 23:00:00,4.21469758294E-06
2024.10.15 00:00:00,4.21769118475E-06
2024.10.15 01:00:00,4.21922231908E-06
2024.10.15 02:00:00,4.22053517468E-06
2024.10.15 03:00:00,4.22048469773E-06
2024.10.15 04:00:00,4.21967570219E-06
2024.10.15 05:00:00,4.22504399467E-06
2024.10.15 06:00:00,4.22807852374E-06
2024.10.15 07:00:00,4.23096616942E-06
2024.10.15 08:00:00,4.2334927457E-06
2024.10.15 09:00:00,4.23288884122E-06
2024.10.15 10:00:00,4.23487017542E-06
2024.10.15 11:00:00,4.23684923589E-06
2024.10.15 12:00:00,4.23735127697E-06
2024.10.15 13:00:00,4.23903202318E-06
2024.10.15 14:00:00,4.24078643846E-06
2024.10.15 15:00:00,4.24367135565E-06
2024.10.15 16:00:00,4.24545305577E-06
2024.10.15 17:00:00,4.24493691753E-06
2024.10.15 18:00:00,4.24462314186E-06
2024.10.15 19:00:00,4.24683184974E-06
2024.10.15 20:00:00,4.24602194471E-06
2024.10.15 21:00:00,4.24947756983E-06
2024.10.15 22:00:00,4.25284770245E-06
2024.10.15 23:00:00,4.25718008046E-06
2024.10.16 00:00:00,4.26316591984E-06
2024.10.16 01:00:00,4.26851693192E-06
2024.10.16 02:00:00,4.26716724178E-06
2024.10.16 03:00:00,4.2773945097E-06
2024.10.16 04:00:00,4.28364910476E-06
2024.10.16 05:00:00,4.28869179814E-06
2024.10.16 06:00:00,4.29049305239E-06
2024.10.16 07:00:00,4.29205738328E-06
2024.10.16 08:00:00,4.29347755926E-06
2024.10.16 09:00:00,4.29669444202E-06
2024.10.16 10:00:00,4.29806232205E-06
2024.10.16 11:00:00,4.30160162068E-06
2024.10.16 12:00:00,4.3070308493E-06
2024.10.16 13:00:00,4.31277840107E-06
2024.10.16 14:00:00,4.31625403507E-06
2024.10.16 15:00:00,4.31907892562E-06
2024.10.16 16:00:00,4.32108799941E-06
2024.10.16 17:00:00,4.31862417827E-06
2024.10.16 18:00:00,4.31785883848E-06
2024.10.16 19:00:00,4.31540638601E-06
2024.10.16 20:00:00,4.31548642155E-06
2024.10.16 21:00:00,4.31539729107E-06
2024.10.16 22:00:00,4.31434591519E-06
2024.10.16 23:00:00,4.3144555093E-06
2024.10.17 00:00:00,4.3137602006E-06
2024.10.17 01:00:00,4.31332182416E-06
2024.10.17 02:00:00,4.31310991189E-06
2024.10.17 03:00:00,4.31125044997E-06
2024.10.17 04:00:00,4.31169428339E-06
2024.10.17 05:00:00,4.31446233051E-06
2024.10.17 06:00:00,4.31382522947E-06
2024.10.17 07:00:00,4.31631269748E-06
2024.10.17 08:00:00,4.31533226219E-06
2024.10.17 09:00:00,4.31760054198E-06
2024.10.17 10:00:00,4.32090519098E-06
2024.10.17 11:00:00,4.3201898734E-06
2024.10.17 12:00:00,4.3174854909E-06
2024.10.17 13:00:00,4.32015804108E-06
2024.10.17 14:00:00,4.31956686953E-06
2024.10.17 15:00:00,4.32361866842E-06
2024.10.17 16:00:00,4.32614342571E-06
2024.10.17 17:00:00,4.3206191549E-06
2024.10.17 18:00:00,4.32306933362E-06
2024.10.17 19:00:00,4.32454498878E-06
2024.10.17 20:00:00,4.32504475611E-06
2024.10.17 21:00:00,4.32518572779E-06
2024.10.17 22:00:00,4.32574552178E-06
2024.10.17 23:00:00,4.32643309978E-06
2024.10.18 00:00:00,4.32724573329E-06
2024.10.18 01:00:00,4.32808565165E-06
2024.10.18 02:00:00,4.32914430348E-06
2024.10.18 03:00:00,4.33015065937E-06
2024.10.18 04:00:00,4.33127115684E-06
2024.10.18 05:00:00,4.33259083366E-06
2024.10.18 06:00:00,4.33390277976E-06
2024.10.18 07:00:00,4.33511377196E-06
2024.10.18 08:00:00,4.33619879914E-06
2024.10.18 09:00:00,4.33738296124E-06
2024.10.18 10:00:00,4.33835884905E-06
2024.10.18 11:00:00,4.33960713053E-06
2024.10.18 12:00:00,4.34081130152E-06
2024.10.18 13:00:00,4.3429854486E-06
2024.10.18 14:00:00,4.34549974671E-06
2024.10.18 15:00:00,4.34823323303E-06
2024.10.18 16:00:00,4.35049787484E-06
2024.10.18 17:00:00,4.35151605416E-06
2024.10.18 18:00:00,4.35135279986E-06
2024.10.18 19:00:00,4.35057518189E-06
2024.10.18 20:00:00,4.34992671217E-06
2024.10.18 21:00:00,4.34958701589E-06
2024.10.18 22:00:00,4.34942148786E-06
2024.10.18 23:00:00,4.3497234401E-06
2024.10.19 00:00:00,4.35023366663E-06
2024.10.19 01:00:00,4.35067522631E-06
2024.10.19 02:00:00,4.35098991147E-06
2024.10.19 03:00:00,4.35069978266E-06
2024.10.19 04:00:00,4.35108131569E-06
2024.10.19 05:00:00,4.35353786088E-06
2024.10.19 06:00:00,4.3558948164E-06
2024.10.19 07:00:00,4.35891706729E-06
2024.10.19 08:00:00,4.3613613343E-06
2024.10.19 09:00:00,4.36410118709E-06
2024.10.19 10:00:00,4.36721529695E-06
2024.10.19 11:00:00,4.37028165834E-06
2024.10.19 12:00:00,4.37320841229E-06
2024.10.19 13:00:00,4.37513608631E-06
2024.10.19 14:00:00,4.37659491581E-06
2024.10.19 15:00:00,4.37999960923E-06
2024.10.19 16:00:00,4.38206188846E-06
2024.10.19 17:00:00,4.38066126662E-06
2024.10.19 18:00:00,4.37991729996E-06
2024.10.19 19:00:00,4.38222696175E-06
2024.10.19 20:00:00,4.3848876885E-06
2024.10.19 21:00:00,4.38516690338E-06
2024.10.19 22:00:00,4.3842951527E-06
2024.10.19 23:00:00,4.38387405666E-06
2024.10.20 00:00:00,4.38409188064E-06
2024.10.20 01:00:00,4.38660026703E-06
2024.10.20 02:00:00,4.38839242634E-06
2024.10.20 03:00:00,4.38848246631E-06
2024.10.20 04:00:00,4.39322229795E-06
2024.10.20 05:00:00,4.39809991803E-06
2024.10.20 06:00:00,4.40569920102E-06
2024.10.20 07:00:00,4.41945758212E-06
2024.10.20 08:00:00,4.43682984042E-06
2024.10.20 09:00:00,4.45591695097E-06
2024.10.20 10:00:00,4.48901164418E-06
2024.10.20 11:00:00,4.52517633676E-06
2024.10.20 12:00:00,4.5444371608E-06
2024.10.20 13:00:00,4.57035548607E-06
2024.10.20 14:00:00,4.58959129901E-06
2024.10.20 15:00:00,4.61676518171E-06
2024.10.20 16:00:00,4.63523929284E-06
2024.10.20 17:00:00,4.64704044134E-06
2024.10.20 18:00:00,4.66174287794E-06
2024.10.20 19:00:00,4.68578082291E-06
2024.10.20 20:00:00,4.70754048365E-06
2024.10.20 21:00:00,4.72362580695E-06
2024.10.20 22:00:00,4.73562067782E-06
2024.10.20 23:00:00,4.74699936603E-06
2024.10.21 00:00:00,4.74911075798E-06
2024.10.21 01:00:00,4.74862417832E-06
2024.10.21 02:00:00,4.7507387535E-06
2024.10.21 03:00:00,4.75726574223E-06
2024.10.21 04:00:00,4.76073864775E-06
2024.10.21 05:00:00,4.7665052989E-06
2024.10.21 06:00:00,4.76866216559E-06
2024.10.21 07:00:00,4.77087633044E-06
2024.10.21 08:00:00,4.77308594782E-06
2024.10.21 09:00:00,4.77457115267E-06
2024.10.21 10:00:00,4.77202729599E-06
2024.10.21 11:00:00,4.77452431369E-06
2024.10.21 12:00:00,4.77154071632E-06
2024.10.21 13:00:00,4.77199364468E-06
2024.10.21 14:00:00,4.77288449474E-06
2024.10.21 15:00:00,4.7731318773E-06
2024.10.21 16:00:00,4.7708836064E-06
2024.10.21 17:00:00,4.76810691907E-06
2024.10.21 18:00:00,4.76360037283E-06
2024.10.21 19:00:00,4.76340574096E-06
2024.10.21 20:00:00,4.75800925415E-06
2024.10.21 21:00:00,4.75905426356E-06
2024.10.21 22:00:00,4.75638898934E-06
2024.10.21 23:00:00,4.75697743241E-06
2024.10.22 00:00:00,4.75641127196E-06
2024.10.22 01:00:00,4.75350088891E-06
2024.10.22 02:00:00,4.75418482893E-06
2024.10.22 03:00:00,4.75337947137E-06
2024.10.22 04:00:00,4.74790476801E-06
2024.10.22 05:00:00,4.74550506624E-06
2024.10.22 06:00:00,4.74648413729E-06
2024.10.22 07:00:00,4.74653006677E-06
2024.10.22 08:00:00,4.74107991977E-06
2024.10.22 09:00:00,4.74027410746E-06
2024.10.22 10:00:00,4.73778482046E-06
2024.10.22 11:00:00,4.7392113629E-06
2024.10.22 12:00:00,4.73777618026E-06
2024.10.22 13:00:00,4.7370754146E-06
2024.10.22 14:00:00,4.73466025142E-06
2024.10.22 15:00:00,4.73714771942E-06
2024.10.22 16:00:00,4.73901354781E-06
2024.10.22 17:00:00,4.7392209126E-06
2024.10.22 18:00:00,4.73883756058E-06
2024.10.22 19:00:00,4.73870795759E-06
2024.10.22 20:00:00,4.73474574392E-06
2024.10.22 21:00:00,4.73344289276E-06
2024.10.22 22:00:00,4.73431282444E-06
2024.10.22 23:00:00,4.73453064842E-06
2024.10.23 00:00:00,4.73420459457E-06
2024.10.23 01:00:00,4.73341879115E-06
2024.10.23 02:00:00,4.73197997053E-06
2024.10.23 03:00:00,4.7317962526E-06
2024.10.23 04:00:00,4.72935107609E-06
2024.10.23 05:00:00,4.7296671255E-06
2024.10.23 06:00:00,4.72949295727E-06
2024.10.23 07:00:00,4.72951433039E-06
2024.10.23 08:00:00,4.72999727208E-06
2024.10.23 09:00:00,4.73096861242E-06
2024.10.23 10:00:00,4.73274076285E-06
2024.10.23 11:00:00,4.73556519864E-06
2024.10.23 12:00:00,4.73899581266E-06
2024.10.23 13:00:00,4.74233138448E-06
2024.10.23 14:00:00,4.7450657803E-06
2024.10.23 15:00:00,4.74664693684E-06
2024.10.23 16:00:00,4.74716853205E-06
2024.10.23 17:00:00,4.74638045489E-06
2024.10.23 18:00:00,4.74533499073E-06
2024.10.23 19:00:00,4.74423814012E-06
2024.10.23 20:00:00,4.74386251881E-06
2024.10.23 21:00:00,4.74301032227E-06
2024.10.23 22:00:00,4.74193348055E-06
2024.10.23 23:00:00,4.74111084259E-06
2024.10.24 00:00:00,4.74675243822E-06
2024.10.24 01:00:00,4.75894739793E-06
2024.10.24 02:00:00,4.76791365145E-06
2024.10.24 03:00:00,4.77837693325E-06
2024.10.24 04:00:00,4.78936726722E-06
2024.10.24 05:00:00,4.79953314425E-06
2024.10.24 06:00:00,4.80966627947E-06
2024.10.24 07:00:00,4.81501911054E-06
2024.10.24 08:00:00,4.81802044305E-06
2024.10.24 09:00:00,4.822235951E-06
2024.10.24 10:00:00,4.82830637338E-06
2024.10.24 11:00:00,4.83256144435E-06
2024.10.24 12:00:00,4.83656504002E-06
2024.10.24 13:00:00,4.83748226543E-06
2024.10.24 14:00:00,4.83831809106E-06
2024.10.24 15:00:00,4.84082875118E-06
2024.10.24 16:00:00,4.84579231852E-06
2024.10.24 17:00:00,4.85123382532E-06
2024.10.24 18:00:00,4.85646523884E-06
2024.10.24 19:00:00,4.86408089273E-06
2024.10.24 20:00:00,4.8688748393E-06
2024.10.24 21:00:00,4.87449324282E-06
2024.10.24 22:00:00,4.88150544697E-06
2024.10.24 23:00:00,4.88681826027E-06
2024.10.25 00:00:00,4.88903651785E-06
2024.10.25 01:00:00,4.89096237288E-06
2024.10.25 02:00:00,4.89183639729E-06
2024.10.25 03:00:00,4.89177182317E-06
2024.10.25 04:00:00,4.89210242449E-06
2024.10.25 05:00:00,4.89172271045E-06
2024.10.25 06:00:00,4.89151898364E-06
2024.10.25 07:00:00,4.8934998631E-06
2024.10.25 08:00:00,4.89467493026E-06
2024.10.25 09:00:00,4.89589183417E-06
2024.10.25 10:00:00,4.89815920446E-06
2024.10.25 11:00:00,4.9049754125E-06
2024.10.25 12:00:00,4.90746424475E-06
2024.10.25 13:00:00,4.91731680086E-06
2024.10.25 14:00:00,4.92563458465E-06
2024.10.25 15:00:00,4.93175502925E-06
2024.10.25 16:00:00,4.93451443617E-06
2024.10.25 17:00:00,4.93653396916E-06
2024.10.25 18:00:00,4.9368791224E-06
2024.10.25 19:00:00,4.93667857882E-06
2024.10.25 20:00:00,4.93643801747E-06
2024.10.25 21:00:00,4.93636525789E-06
2024.10.25 22:00:00,4.93647939948E-06
2024.10.25 23:00:00,4.9367667998E-06
2024.10.26 00:00:00,4.93711604577E-06
2024.10.26 01:00:00,4.93739071317E-06
2024.10.26 02:00:00,4.93822699354E-06
2024.10.26 03:00:00,4.93920151712E-06
2024.10.26 04:00:00,4.94048390465E-06
2024.10.26 05:00:00,4.93963852932E-06
2024.10.26 06:00:00,4.9424743338E-06
2024.10.26 07:00:00,4.94487358083E-06
2024.10.26 08:00:00,4.94779988003E-06
2024.10.26 09:00:00,4.94877804158E-06
2024.10.26 10:00:00,4.95141648571E-06
2024.10.26 11:00:00,4.95523545396E-06
2024.10.26 12:00:00,4.95911353937E-06
2024.10.26 13:00:00,4.96408574691E-06
2024.10.26 14:00:00,4.96582242704E-06
2024.10.26 15:00:00,4.96444909004E-06
2024.10.26 16:00:00,4.96148368256E-06
2024.10.26 17:00:00,4.95817403134E-06
2024.10.26 18:00:00,4.95551284985E-06
2024.10.26 19:00:00,4.95337417306E-06
2024.10.26 20:00:00,4.95153244628E-06
2024.10.26 21:00:00,4.94958931085E-06
2024.10.26 22:00:00,4.94801406603E-06
2024.10.26 23:00:00,4.94542337037E-06
2024.10.27 00:00:00,4.9386212595E-06
2024.10.27 01:00:00,4.93306106364E-06
2024.10.27 02:00:00,4.92775870953E-06
2024.10.27 03:00:00,4.92949720865E-06
2024.10.27 04:00:00,4.9294631026E-06
2024.10.27 05:00:00,4.93255402034E-06
2024.10.27 06:00:00,4.9355576266E-06
2024.10.27 07:00:00,4.93761172038E-06
2024.10.27 08:00:00,4.93702236781E-06
2024.10.27 09:00:00,4.93847983307E-06
2024.10.27 10:00:00,4.94030655318E-06
2024.10.27 11:00:00,4.94222103953E-06
2024.10.27 12:00:00,4.9436757763E-06
2024.10.27 13:00:00,4.94434152642E-06
2024.10.27 14:00:00,4.94334426548E-06
2024.10.27 15:00:00,4.9428958846E-06
2024.10.27 16:00:00,4.94234200232E-06
2024.10.27 17:00:00,4.94108826388E-06
2024.10.27 18:00:00,4.93994139106E-06
2024.10.27 19:00:00,4.94000460094E-06
2024.10.27 20:00:00,4.93962534165E-06
2024.10.27 21:00:00,4.94032565257E-06
2024.10.27 22:00:00,4.94083542435E-06
2024.10.27 23:00:00,4.9413852139E-06
2024.10.28 00:00:00,4.94288815389E-06
2024.10.28 01:00:00,4.94423329656E-06
2024.10.28 02:00:00,4.94635969517E-06
2024.10.28 03:00:00,4.94679761687E-06
2024.10.28 04:00:00,4.94781261295E-06
2024.10.28 05:00:00,4.95012727697E-06
2024.10.28 06:00:00,4.95178119309E-06
2024.10.28 07:00:00,4.95236326969E-06
2024.10.28 08:00:00,4.95148970003E-06
2024.10.28 09:00:00,4.95012591273E-06
2024.10.28 10:00:00,4.94823507324E-06
2024.10.28 11:00:00,4.94973710374E-06
2024.10.28 12:00:00,4.95081576446E-06
2024.10.28 13:00:00,4.95187123306E-06
2024.10.28 14:00:00,4.95284712088E-06
2024.10.28 15:00:00,4.95234644404E-06
2024.10.28 16:00:00,4.94977211929E-06
2024.10.28 17:00:00,4.9483796829E-06
2024.10.28 18:00:00,4.94772621096E-06
2024.10.28 19:00:00,4.94594405609E-06
2024.10.28 20:00:00,4.94193500344E-06
2024.10.28 21:00:00,4.93890956932E-06
2024.10.28 22:00:00,4.93414609082E-06
2024.10.28 23:00:00,4.92988738188E-06
2024.10.29 00:00:00,4.92740082336E-06
2024.10.29 01:00:00,4.92719345857E-06
2024.10.29 02:00:00,4.92804292662E-06
2024.10.29 03:00:00,4.92773096994E-06
2024.10.29 04:00:00,4.92646495331E-06
2024.10.29 05:00:00,4.92507524541E-06
2024.10.29 06:00:00,4.92430308441E-06
2024.10.29 07:00:00,4.92128492624E-06
2024.10.29 08:00:00,4.92028857479E-06
2024.10.29 09:00:00,4.91659329782E-06
2024.10.29 10:00:00,4.91769742439E-06
2024.10.29 11:00:00,4.91728269481E-06
2024.10.29 12:00:00,4.91724085805E-06
2024.10.29 13:00:00,4.91700984639E-06
2024.10.29 14:00:00,4.9169398153E-06
2024.10.29 15:00:00,4.91586843054E-06
2024.10.29 16:00:00,4.91554465043E-06
2024.10.29 17:00:00,4.91477157993E-06
2024.10.29 18:00:00,4.91358832733E-06
2024.10.29 19:00:00,4.91225046062E-06
2024.10.29 20:00:00,4.91062655783E-06
2024.10.29 21:00:00,4.90889624416E-06
2024.10.29 22:00:00,4.90715319756E-06
2024.10.29 23:00:00,4.90564161737E-06
2024.10.30 00:00:00,4.90415641252E-06
2024.10.30 01:00:00,4.90224510941E-06
2024.10.30 02:00:00,4.90100819661E-06
2024.10.30 03:00:00,4.89999274578E-06
2024.10.30 04:00:00,4.89913281854E-06
2024.10.30 05:00:00,4.89927924718E-06
2024.10.30 06:00:00,4.90284355692E-06
2024.10.30 07:00:00,4.90260208608E-06
2024.10.30 08:00:00,4.90156071464E-06
2024.10.30 09:00:00,4.90293950861E-06
2024.10.30 10:00:00,4.90426464239E-06
2024.10.30 11:00:00,4.90598040415E-06
2024.10.30 12:00:00,4.90653064844E-06
2024.10.30 13:00:00,4.90887805427E-06
2024.10.30 14:00:00,4.91002674607E-06
2024.10.30 15:00:00,4.90969068778E-06
2024.10.30 16:00:00,4.90739603265E-06
2024.10.30 17:00:00,4.9034388212E-06
2024.10.30 18:00:00,4.89992498842E-06
2024.10.30 19:00:00,4.8972001423E-06
2024.10.30 20:00:00,4.89468311571E-06
2024.10.30 21:00:00,4.89252852276E-06
2024.10.30 22:00:00,4.89042395202E-06
2024.10.30 23:00:00,4.88841624247E-06
2024.10.31 00:00:00,4.88662226417E-06
2024.10.31 01:00:00,4.88538626087E-06
2024.10.31 02:00:00,4.88412206323E-06
2024.10.31 03:00:00,4.88307341584E-06
2024.10.31 04:00:00,4.88209570904E-06
2024.10.31 05:00:00,4.881028417E-06
2024.10.31 06:00:00,4.88171872348E-06
2024.10.31 07:00:00,4.88145178679E-06
2024.10.31 08:00:00,4.88015666633E-06
2024.10.31 09:00:00,4.87975830765E-06
2024.10.31 10:00:00,4.87981787956E-06
2024.10.31 11:00:00,4.87986562803E-06
2024.10.31 12:00:00,4.88063187731E-06
2024.10.31 13:00:00,4.88402656629E-06
2024.10.31 14:00:00,4.88696696266E-06
2024.10.31 15:00:00,4.88757541461E-06
2024.10.31 16:00:00,4.8858014452E-06
2024.10.31 17:00:00,4.8825822887E-06
2024.10.31 18:00:00,4.87945180794E-06
2024.10.31 19:00:00,4.87678107675E-06
2024.10.31 20:00:00,4.87426950713E-06
2024.10.31 21:00:00,4.87235274704E-06
2024.10.31 22:00:00,4.8708925533E-06
2024.10.31 23:00:00,4.86957151224E-06
2024.11.01 00:00:00,4.86834733238E-06
