Time [yyyy.MM.dd HH:mm:ss],cTR1 [g/m3]
2024.08.01 00:00:00,0
2024.08.01 01:00:00,0
2024.08.01 02:00:00,0
2024.08.01 03:00:00,0
2024.08.01 04:00:00,0
2024.08.01 05:00:00,0
2024.08.01 06:00:00,9_67037006028E-11
2024.08.01 07:00:00,1_7208605374E-10
2024.08.01 08:00:00,2_15642934065E-10
2024.08.01 09:00:00,2_38106256933E-10
2024.08.01 10:00:00,2_40087005832E-10
2024.08.01 11:00:00,2_28542088032E-10
2024.08.01 12:00:00,2_11248740722E-10
2024.08.01 13:00:00,1_92743696004E-10
2024.08.01 14:00:00,1_75380959755E-10
2024.08.01 15:00:00,1_62332022824E-10
2024.08.01 16:00:00,1_525368859E-10
2024.08.01 17:00:00,1_45348622027E-10
2024.08.01 18:00:00,1_39422376422E-10
2024.08.01 19:00:00,1_3522365172E-10
2024.08.01 20:00:00,1_32278479836E-10
2024.08.01 21:00:00,1_29491820045E-10
2024.08.01 22:00:00,1_26094190644E-10
2024.08.01 23:00:00,1_23935098295E-10
2024.08.02 00:00:00,1_22681587111E-10
2024.08.02 01:00:00,1_22089602317E-10
2024.08.02 02:00:00,1_2185671916E-10
2024.08.02 03:00:00,1_21728196967E-10
2024.08.02 04:00:00,1_2181600173E-10
2024.08.02 05:00:00,1_22190077501E-10
2024.08.02 06:00:00,1_22596224839E-10
2024.08.02 07:00:00,1_23977328403E-10
2024.08.02 08:00:00,1_25305252285E-10
2024.08.02 09:00:00,1_26550298019E-10
2024.08.02 10:00:00,1_28492813611E-10
2024.08.02 11:00:00,1_32418340182E-10
2024.08.02 12:00:00,1_37043529302E-10
2024.08.02 13:00:00,1_42407571846E-10
2024.08.02 14:00:00,1_48217674245E-10
2024.08.02 15:00:00,1_53229581801E-10
2024.08.02 16:00:00,1_56893040226E-10
2024.08.02 17:00:00,1_58602533884E-10
2024.08.02 18:00:00,1_58912411008E-10
2024.08.02 19:00:00,1_58857302313E-10
2024.08.02 20:00:00,1_58771079617E-10
2024.08.02 21:00:00,1_59948942979E-10
2024.08.02 22:00:00,1_62355739963E-10
2024.08.02 23:00:00,1_65951835607E-10
2024.08.03 00:00:00,1_71368919055E-10
2024.08.03 01:00:00,1_8003033786E-10
2024.08.03 02:00:00,1_9566162579E-10
2024.08.03 03:00:00,2_22256948956E-10
2024.08.03 04:00:00,2_60171717503E-10
2024.08.03 05:00:00,3_11305287104E-10
2024.08.03 06:00:00,3_78698628012E-10
2024.08.03 07:00:00,4_58766885592E-10
2024.08.03 08:00:00,5_59095936215E-10
2024.08.03 09:00:00,6_80195233471E-10
2024.08.03 10:00:00,8_09468769791E-10
2024.08.03 11:00:00,9_45866163171E-10
2024.08.03 12:00:00,1_09854625396E-09
2024.08.03 13:00:00,1_27762589397E-09
2024.08.03 14:00:00,1_48759671248E-09
2024.08.03 15:00:00,1_7197601121E-09
2024.08.03 16:00:00,1_98297533949E-09
2024.08.03 17:00:00,2_30597940742E-09
2024.08.03 18:00:00,2_72327671524E-09
2024.08.03 19:00:00,3_23992255247E-09
2024.08.03 20:00:00,3_83051190767E-09
2024.08.03 21:00:00,4_44098402497E-09
2024.08.03 22:00:00,5_02501595889E-09
2024.08.03 23:00:00,5_62334445675E-09
2024.08.04 00:00:00,6_42580477717E-09
2024.08.04 01:00:00,7_52412443461E-09
2024.08.04 02:00:00,8_98023877483E-09
2024.08.04 03:00:00,1_08330446835E-08
2024.08.04 04:00:00,1_30366615281E-08
2024.08.04 05:00:00,1_56755000091E-08
2024.08.04 06:00:00,1_89993070165E-08
2024.08.04 07:00:00,2_33101076219E-08
2024.08.04 08:00:00,2_89381336671E-08
2024.08.04 09:00:00,3_59420759821E-08
2024.08.04 10:00:00,4_43372591974E-08
2024.08.04 11:00:00,5_33983772755E-08
2024.08.04 12:00:00,6_27176817147E-08
2024.08.04 13:00:00,7_30586648956E-08
2024.08.04 14:00:00,9_10671076326E-08
2024.08.04 15:00:00,1_2928521187E-07
2024.08.04 16:00:00,1_97930333456E-07
2024.08.04 17:00:00,2_76828217238E-07
2024.08.04 18:00:00,3_48885777157E-07
2024.08.04 19:00:00,4_04997734904E-07
2024.08.04 20:00:00,4_46695509027E-07
2024.08.04 21:00:00,4_9478416031E-07
2024.08.04 22:00:00,5_47116599137E-07
2024.08.04 23:00:00,5_97263522195E-07
2024.08.05 00:00:00,6_34653872567E-07
2024.08.05 01:00:00,6_56181271097E-07
2024.08.05 02:00:00,6_63905609599E-07
2024.08.05 03:00:00,6_83137841406E-07
2024.08.05 04:00:00,7_05796196598E-07
2024.08.05 05:00:00,7_12172663953E-07
2024.08.05 06:00:00,6_98186909176E-07
2024.08.05 07:00:00,6_73858608025E-07
2024.08.05 08:00:00,6_50437982586E-07
2024.08.05 09:00:00,6_31646230431E-07
2024.08.05 10:00:00,6_20577225163E-07
2024.08.05 11:00:00,6_17227499333E-07
2024.08.05 12:00:00,6_19019203896E-07
2024.08.05 13:00:00,6_22561969976E-07
2024.08.05 14:00:00,6_32100807252E-07
2024.08.05 15:00:00,6_55875851407E-07
2024.08.05 16:00:00,6_8803387876E-07
2024.08.05 17:00:00,7_16221904895E-07
2024.08.05 18:00:00,7_36849415262E-07
2024.08.05 19:00:00,7_55785777073E-07
2024.08.05 20:00:00,7_75102705575E-07
2024.08.05 21:00:00,7_84990277225E-07
2024.08.05 22:00:00,7_78626713327E-07
2024.08.05 23:00:00,7_61216313094E-07
2024.08.06 00:00:00,7_36663139378E-07
2024.08.06 01:00:00,7_0751440262E-07
2024.08.06 02:00:00,6_74398279443E-07
2024.08.06 03:00:00,6_4188526494E-07
2024.08.06 04:00:00,6_11824816588E-07
2024.08.06 05:00:00,5_8405157688E-07
2024.08.06 06:00:00,5_58728231681E-07
2024.08.06 07:00:00,5_30384738795E-07
2024.08.06 08:00:00,4_97176927183E-07
2024.08.06 09:00:00,4_64287381874E-07
2024.08.06 10:00:00,4_38377924183E-07
2024.08.06 11:00:00,4_17870239744E-07
2024.08.06 12:00:00,4_04499900242E-07
2024.08.06 13:00:00,4_00727202532E-07
2024.08.06 14:00:00,4_04743673244E-07
2024.08.06 15:00:00,4_18378618861E-07
2024.08.06 16:00:00,4_41374368165E-07
2024.08.06 17:00:00,4_6912560947E-07
2024.08.06 18:00:00,5_02254238199E-07
2024.08.06 19:00:00,5_38836388841E-07
2024.08.06 20:00:00,5_7722411384E-07
2024.08.06 21:00:00,6_1879632085E-07
2024.08.06 22:00:00,6_79333084008E-07
2024.08.06 23:00:00,7_39818176498E-07
2024.08.07 00:00:00,7_82215124673E-07
2024.08.07 01:00:00,8_07675291981E-07
2024.08.07 02:00:00,8_34504533032E-07
2024.08.07 03:00:00,8_48084312111E-07
2024.08.07 04:00:00,8_50132039432E-07
2024.08.07 05:00:00,8_47672822601E-07
2024.08.07 06:00:00,8_60788532009E-07
2024.08.07 07:00:00,8_87238115865E-07
2024.08.07 08:00:00,9_19625676943E-07
2024.08.07 09:00:00,9_66072434494E-07
2024.08.07 10:00:00,1_01235514194E-06
2024.08.07 11:00:00,1_05043329768E-06
2024.08.07 12:00:00,1_07739788291E-06
2024.08.07 13:00:00,1_10511507501E-06
2024.08.07 14:00:00,1_14683155061E-06
2024.08.07 15:00:00,1_20076629173E-06
2024.08.07 16:00:00,1_26367456232E-06
2024.08.07 17:00:00,1_33203798214E-06
2024.08.07 18:00:00,1_3956193925E-06
2024.08.07 19:00:00,1_4579376284E-06
2024.08.07 20:00:00,1_51615245159E-06
2024.08.07 21:00:00,1_5805418343E-06
2024.08.07 22:00:00,1_63837671607E-06
2024.08.07 23:00:00,1_68940584899E-06
2024.08.08 00:00:00,1_73538114723E-06
2024.08.08 01:00:00,1_77691958925E-06
2024.08.08 02:00:00,1_82112478342E-06
2024.08.08 03:00:00,1_88801300283E-06
2024.08.08 04:00:00,2_01032935365E-06
2024.08.08 05:00:00,2_18661534745E-06
2024.08.08 06:00:00,2_37778203882E-06
2024.08.08 07:00:00,2_59008220382E-06
2024.08.08 08:00:00,2_85415012513E-06
2024.08.08 09:00:00,3_13151826958E-06
2024.08.08 10:00:00,3_4340187085E-06
2024.08.08 11:00:00,4_02850173487E-06
2024.08.08 12:00:00,5_45312286704E-06
2024.08.08 13:00:00,7_53230460759E-06
2024.08.08 14:00:00,9_51195033849E-06
2024.08.08 15:00:00,1_14950280476E-05
2024.08.08 16:00:00,1_33808462124E-05
2024.08.08 17:00:00,1_49433735714E-05
2024.08.08 18:00:00,1_61591506185E-05
2024.08.08 19:00:00,1_69045233633E-05
2024.08.08 20:00:00,1_73178650584E-05
2024.08.08 21:00:00,1_70838775375E-05
2024.08.08 22:00:00,1_6309950297E-05
2024.08.08 23:00:00,1_55748275574E-05
2024.08.09 00:00:00,1_4906967408E-05
2024.08.09 01:00:00,1_39700596264E-05
2024.08.09 02:00:00,1_29343952722E-05
2024.08.09 03:00:00,1_17776344268E-05
2024.08.09 04:00:00,1_07718833533E-05
2024.08.09 05:00:00,9_83907921182E-06
2024.08.09 06:00:00,8_83975917532E-06
2024.08.09 07:00:00,7_90515059634E-06
2024.08.09 08:00:00,7_19166018825E-06
2024.08.09 09:00:00,6_66207779432E-06
2024.08.09 10:00:00,6_23726145932E-06
2024.08.09 11:00:00,5_87435260968E-06
2024.08.09 12:00:00,5_62121294934E-06
2024.08.09 13:00:00,5_59597083338E-06
2024.08.09 14:00:00,6_01396504862E-06
2024.08.09 15:00:00,6_39129348201E-06
2024.08.09 16:00:00,6_56609154248E-06
2024.08.09 17:00:00,6_57755617794E-06
2024.08.09 18:00:00,6_46699027129E-06
2024.08.09 19:00:00,6_33886611467E-06
2024.08.09 20:00:00,6_30254135103E-06
2024.08.09 21:00:00,6_33446961729E-06
2024.08.09 22:00:00,6_38613164483E-06
2024.08.09 23:00:00,6_3880002017E-06
2024.08.10 00:00:00,6_34116986475E-06
2024.08.10 01:00:00,6_31372768112E-06
2024.08.10 02:00:00,6_29084024695E-06
2024.08.10 03:00:00,6_24131007498E-06
2024.08.10 04:00:00,6_17053638052E-06
2024.08.10 05:00:00,6_16076977167E-06
2024.08.10 06:00:00,6_18282456344E-06
2024.08.10 07:00:00,6_19270758762E-06
2024.08.10 08:00:00,6_20203672952E-06
2024.08.10 09:00:00,6_23655478194E-06
2024.08.10 10:00:00,6_31797092865E-06
2024.08.10 11:00:00,6_5918461587E-06
2024.08.10 12:00:00,7_22489812688E-06
2024.08.10 13:00:00,7_91555976321E-06
2024.08.10 14:00:00,8_35369337437E-06
2024.08.10 15:00:00,8_52810353535E-06
2024.08.10 16:00:00,8_49200569064E-06
2024.08.10 17:00:00,8_42107147037E-06
2024.08.10 18:00:00,8_26601262816E-06
2024.08.10 19:00:00,7_99936333351E-06
2024.08.10 20:00:00,7_69650250732E-06
2024.08.10 21:00:00,7_40217774364E-06
2024.08.10 22:00:00,7_08476500222E-06
2024.08.10 23:00:00,6_75490628055E-06
2024.08.11 00:00:00,6_47834258416E-06
2024.08.11 01:00:00,6_24183849141E-06
2024.08.11 02:00:00,6_02781528869E-06
2024.08.11 03:00:00,5_87111117056E-06
2024.08.11 04:00:00,5_76350839765E-06
2024.08.11 05:00:00,5_68469886275E-06
2024.08.11 06:00:00,5_61040133107E-06
2024.08.11 07:00:00,5_54012831344E-06
2024.08.11 08:00:00,5_47477338841E-06
2024.08.11 09:00:00,5_43270698472E-06
2024.08.11 10:00:00,5_41812414667E-06
2024.08.11 11:00:00,5_40711698704E-06
2024.08.11 12:00:00,5_42145517102E-06
2024.08.11 13:00:00,5_45592547496E-06
2024.08.11 14:00:00,5_47878698853E-06
2024.08.11 15:00:00,5_46738783669E-06
2024.08.11 16:00:00,5_43169471712E-06
2024.08.11 17:00:00,5_38652147952E-06
2024.08.11 18:00:00,5_34156197318E-06
2024.08.11 19:00:00,5_29617636857E-06
2024.08.11 20:00:00,5_26204803464E-06
2024.08.11 21:00:00,5_24673714608E-06
2024.08.11 22:00:00,5_2391205827E-06
2024.08.11 23:00:00,5_22750087839E-06
2024.08.12 00:00:00,5_21969286638E-06
2024.08.12 01:00:00,5_21668562214E-06
2024.08.12 02:00:00,5_21750780536E-06
2024.08.12 03:00:00,5_21653009855E-06
2024.08.12 04:00:00,5_22259142599E-06
2024.08.12 05:00:00,5_2359532674E-06
2024.08.12 06:00:00,5_2570853768E-06
2024.08.12 07:00:00,5_28441114511E-06
2024.08.12 08:00:00,5_30907618668E-06
2024.08.12 09:00:00,5_3301605476E-06
2024.08.12 10:00:00,5_3508374549E-06
2024.08.12 11:00:00,5_36227298653E-06
2024.08.12 12:00:00,5_37414143764E-06
2024.08.12 13:00:00,5_39240181752E-06
2024.08.12 14:00:00,5_43601663594E-06
2024.08.12 15:00:00,5_52941173737E-06
2024.08.12 16:00:00,5_65740492675E-06
2024.08.12 17:00:00,5_75841158934E-06
2024.08.12 18:00:00,5_83213932259E-06
2024.08.12 19:00:00,5_93249615122E-06
2024.08.12 20:00:00,6_05575587542E-06
2024.08.12 21:00:00,6_19438787908E-06
2024.08.12 22:00:00,6_35779224467E-06
2024.08.12 23:00:00,6_56377187624E-06
2024.08.13 00:00:00,6_77995194565E-06
2024.08.13 01:00:00,6_97859331922E-06
2024.08.13 02:00:00,7_12997234587E-06
2024.08.13 03:00:00,7_22933873476E-06
2024.08.13 04:00:00,7_28387294657E-06
2024.08.13 05:00:00,7_34276636649E-06
2024.08.13 06:00:00,7_40964151191E-06
2024.08.13 07:00:00,7_46568684917E-06
2024.08.13 08:00:00,7_50441085984E-06
2024.08.13 09:00:00,7_47390731703E-06
2024.08.13 10:00:00,7_30507872504E-06
2024.08.13 11:00:00,7_05208140062E-06
2024.08.13 12:00:00,6_81138590153E-06
2024.08.13 13:00:00,6_65567131364E-06
2024.08.13 14:00:00,6_57693681205E-06
2024.08.13 15:00:00,6_54099767416E-06
2024.08.13 16:00:00,6_53486858937E-06
2024.08.13 17:00:00,6_53493862046E-06
2024.08.13 18:00:00,6_5309582169E-06
2024.08.13 19:00:00,6_53017423247E-06
2024.08.13 20:00:00,6_54158884572E-06
2024.08.13 21:00:00,6_55678513795E-06
2024.08.13 22:00:00,6_56078054817E-06
2024.08.13 23:00:00,6_57611053612E-06
2024.08.14 00:00:00,6_59835632177E-06
2024.08.14 01:00:00,6_62457023282E-06
2024.08.14 02:00:00,6_65910556563E-06
2024.08.14 03:00:00,6_74607872497E-06
2024.08.14 04:00:00,6_87010742695E-06
2024.08.14 05:00:00,7_0046971814E-06
2024.08.14 06:00:00,7_15194664735E-06
2024.08.14 07:00:00,7_30228521206E-06
2024.08.14 08:00:00,7_45733359508E-06
2024.08.14 09:00:00,7_63428124628E-06
2024.08.14 10:00:00,7_83266750659E-06
2024.08.14 11:00:00,8_03138482297E-06
2024.08.14 12:00:00,8_26319774205E-06
2024.08.14 13:00:00,8_54163135955E-06
2024.08.14 14:00:00,8_83655411599E-06
2024.08.14 15:00:00,9_13101666811E-06
2024.08.14 16:00:00,9_38959328778E-06
2024.08.14 17:00:00,9_57538577495E-06
2024.08.14 18:00:00,9_72951238509E-06
2024.08.14 19:00:00,9_85096903605E-06
2024.08.14 20:00:00,9_94008951238E-06
2024.08.14 21:00:00,9_98080849968E-06
2024.08.14 22:00:00,9_93342018774E-06
2024.08.14 23:00:00,9_81989705906E-06
2024.08.15 00:00:00,9_71120698523E-06
2024.08.15 01:00:00,9_60656416282E-06
2024.08.15 02:00:00,9_50173125602E-06
2024.08.15 03:00:00,9_39337041928E-06
2024.08.15 04:00:00,9_280723134E-06
2024.08.15 05:00:00,9_14020347409E-06
2024.08.15 06:00:00,8_98426787899E-06
2024.08.15 07:00:00,8_81787673279E-06
2024.08.15 08:00:00,8_66577647685E-06
2024.08.15 09:00:00,8_55406688061E-06
2024.08.15 10:00:00,8_49072421261E-06
2024.08.15 11:00:00,8_45974227559E-06
2024.08.15 12:00:00,8_45646991365E-06
2024.08.15 13:00:00,8_48668423714E-06
2024.08.15 14:00:00,8_54999871081E-06
2024.08.15 15:00:00,8_63508557813E-06
2024.08.15 16:00:00,8_75387650012E-06
2024.08.15 17:00:00,8_8582155513E-06
2024.08.15 18:00:00,8_931566299E-06
2024.08.15 19:00:00,8_97287645785E-06
2024.08.15 20:00:00,8_98276812222E-06
2024.08.15 21:00:00,8_9618115453E-06
2024.08.15 22:00:00,8_92074695003E-06
2024.08.15 23:00:00,8_89161310624E-06
2024.08.16 00:00:00,8_86738780537E-06
2024.08.16 01:00:00,8_84320161276E-06
2024.08.16 02:00:00,8_82522999746E-06
2024.08.16 03:00:00,8_81423238752E-06
2024.08.16 04:00:00,8_80698553374E-06
2024.08.16 05:00:00,8_79592880665E-06
2024.08.16 06:00:00,8_78424452821E-06
2024.08.16 07:00:00,8_77504226082E-06
2024.08.16 08:00:00,8_76182730281E-06
2024.08.16 09:00:00,8_73282260727E-06
2024.08.16 10:00:00,8_6900054157E-06
2024.08.16 11:00:00,8_64665889821E-06
2024.08.16 12:00:00,8_61211628944E-06
2024.08.16 13:00:00,8_58977091411E-06
2024.08.16 14:00:00,8_5794563347E-06
2024.08.16 15:00:00,8_581036127E-06
2024.08.16 16:00:00,8_58635848999E-06
2024.08.16 17:00:00,8_59541614773E-06
2024.08.16 18:00:00,8_60913041834E-06
2024.08.16 19:00:00,8_62229535414E-06
2024.08.16 20:00:00,8_62918386701E-06
2024.08.16 21:00:00,8_62922388478E-06
2024.08.16 22:00:00,8_62345132191E-06
2024.08.16 23:00:00,8_61250646267E-06
2024.08.17 00:00:00,8_59775900608E-06
2024.08.17 01:00:00,8_58531529957E-06
2024.08.17 02:00:00,8_5775855041E-06
2024.08.17 03:00:00,8_57705072121E-06
2024.08.17 04:00:00,8_580263966E-06
2024.08.17 05:00:00,8_58605108078E-06
2024.08.17 06:00:00,8_58899420564E-06
2024.08.17 07:00:00,8_57788199937E-06
2024.08.17 08:00:00,8_53275923873E-06
2024.08.17 09:00:00,8_47567571327E-06
2024.08.17 10:00:00,8_43423822516E-06
2024.08.17 11:00:00,8_41381552164E-06
2024.08.17 12:00:00,8_41375640448E-06
2024.08.17 13:00:00,8_42890676722E-06
2024.08.17 14:00:00,8_45620616019E-06
2024.08.17 15:00:00,8_48765012051E-06
2024.08.17 16:00:00,8_51747518027E-06
2024.08.17 17:00:00,8_54865902511E-06
2024.08.17 18:00:00,8_57898976392E-06
2024.08.17 19:00:00,8_60781074152E-06
2024.08.17 20:00:00,8_6482750703E-06
2024.08.17 21:00:00,8_70071562531E-06
2024.08.17 22:00:00,8_76269496075E-06
2024.08.17 23:00:00,8_82160929905E-06
2024.08.18 00:00:00,8_87372061698E-06
2024.08.18 01:00:00,8_91511263035E-06
2024.08.18 02:00:00,8_95743960427E-06
2024.08.18 03:00:00,8_98612415767E-06
2024.08.18 04:00:00,9_00237319001E-06
2024.08.18 05:00:00,9_01777275431E-06
2024.08.18 06:00:00,9_0376688604E-06
2024.08.18 07:00:00,9_06992045202E-06
2024.08.18 08:00:00,9_11603001441E-06
2024.08.18 09:00:00,9_17138004297E-06
2024.08.18 10:00:00,9_23143124965E-06
2024.08.18 11:00:00,9_29804082261E-06
2024.08.18 12:00:00,9_37816639635E-06
2024.08.18 13:00:00,9_47755142988E-06
2024.08.18 14:00:00,9_61488785833E-06
2024.08.18 15:00:00,9_79596188699E-06
2024.08.18 16:00:00,1_00120414572E-05
2024.08.18 17:00:00,1_02573640106E-05
2024.08.18 18:00:00,1_05091121441E-05
2024.08.18 19:00:00,1_07390887933E-05
2024.08.18 20:00:00,1_09267302832E-05
2024.08.18 21:00:00,1_10593246063E-05
2024.08.18 22:00:00,1_11515983008E-05
2024.08.18 23:00:00,1_12169127533E-05
2024.08.19 00:00:00,1_12770112537E-05
2024.08.19 01:00:00,1_13234664241E-05
2024.08.19 02:00:00,1_13680571303E-05
2024.08.19 03:00:00,1_14277581815E-05
2024.08.19 04:00:00,1_14933436635E-05
2024.08.19 05:00:00,1_15754446597E-05
2024.08.19 06:00:00,1_1657352843E-05
2024.08.19 07:00:00,1_17210074677E-05
2024.08.19 08:00:00,1_17708796097E-05
2024.08.19 09:00:00,1_18320976981E-05
2024.08.19 10:00:00,1_19422420539E-05
2024.08.19 11:00:00,1_20964878079E-05
2024.08.19 12:00:00,1_2266239537E-05
2024.08.19 13:00:00,1_24844300444E-05
2024.08.19 14:00:00,1_29060272229E-05
2024.08.19 15:00:00,1_34845631692E-05
2024.08.19 16:00:00,1_41332111525E-05
2024.08.19 17:00:00,1_46758020492E-05
2024.08.19 18:00:00,1_50908053911E-05
2024.08.19 19:00:00,1_53038890858E-05
2024.08.19 20:00:00,1_52889642777E-05
2024.08.19 21:00:00,1_51552658281E-05
2024.08.19 22:00:00,1_49397283167E-05
2024.08.19 23:00:00,1_4720467334E-05
2024.08.20 00:00:00,1_44971254485E-05
2024.08.20 01:00:00,1_43147208291E-05
2024.08.20 02:00:00,1_41875789268E-05
2024.08.20 03:00:00,1_40835354614E-05
2024.08.20 04:00:00,1_39792136906E-05
2024.08.20 05:00:00,1_38785171657E-05
2024.08.20 06:00:00,1_38100149343E-05
2024.08.20 07:00:00,1_37766028274E-05
2024.08.20 08:00:00,1_37493152579E-05
2024.08.20 09:00:00,1_37332554004E-05
2024.08.20 10:00:00,1_37265542435E-05
2024.08.20 11:00:00,1_37206088766E-05
2024.08.20 12:00:00,1_36952212415E-05
2024.08.20 13:00:00,1_36834096338E-05
2024.08.20 14:00:00,1_36817488965E-05
2024.08.20 15:00:00,1_37089127747E-05
2024.08.20 16:00:00,1_3760030015E-05
2024.08.20 17:00:00,1_38243276524E-05
2024.08.20 18:00:00,1_38963496283E-05
2024.08.20 19:00:00,1_39062949529E-05
2024.08.20 20:00:00,1_38342766149E-05
2024.08.20 21:00:00,1_36886346809E-05
2024.08.20 22:00:00,1_35048421726E-05
2024.08.20 23:00:00,1_33029188873E-05
2024.08.21 00:00:00,1_31157976284E-05
2024.08.21 01:00:00,1_29536665554E-05
2024.08.21 02:00:00,1_28107176351E-05
2024.08.21 03:00:00,1_2679077372E-05
2024.08.21 04:00:00,1_25481283249E-05
2024.08.21 05:00:00,1_24205462271E-05
2024.08.21 06:00:00,1_22964265756E-05
2024.08.21 07:00:00,1_21718039736E-05
2024.08.21 08:00:00,1_20504173537E-05
2024.08.21 09:00:00,1_19313453979E-05
2024.08.21 10:00:00,1_18305106298E-05
2024.08.21 11:00:00,1_1731091945E-05
2024.08.21 12:00:00,1_16766987048E-05
2024.08.21 13:00:00,1_16501123557E-05
2024.08.21 14:00:00,1_16016335596E-05
2024.08.21 15:00:00,1_15623588499E-05
2024.08.21 16:00:00,1_15750035548E-05
2024.08.21 17:00:00,1_16028113553E-05
2024.08.21 18:00:00,1_16032515507E-05
2024.08.21 19:00:00,1_15687507787E-05
2024.08.21 20:00:00,1_14896156447E-05
2024.08.21 21:00:00,1_13782789413E-05
2024.08.21 22:00:00,1_12459638331E-05
2024.08.21 23:00:00,1_11254194053E-05
2024.08.22 00:00:00,1_10355222205E-05
2024.08.22 01:00:00,1_09736765808E-05
2024.08.22 02:00:00,1_09311913548E-05
2024.08.22 03:00:00,1_08831127363E-05
2024.08.22 04:00:00,1_08062249637E-05
2024.08.22 05:00:00,1_07151208795E-05
2024.08.22 06:00:00,1_06181933006E-05
2024.08.22 07:00:00,1_05009630715E-05
2024.08.22 08:00:00,1_03597849375E-05
2024.08.22 09:00:00,1_02222302303E-05
2024.08.22 10:00:00,1_00717643363E-05
2024.08.22 11:00:00,9_87877592706E-06
2024.08.22 12:00:00,9_68472613749E-06
2024.08.22 13:00:00,9_53026847128E-06
2024.08.22 14:00:00,9_41593316384E-06
2024.08.22 15:00:00,9_3300232038E-06
2024.08.22 16:00:00,9_26131997403E-06
2024.08.22 17:00:00,9_20039929042E-06
2024.08.22 18:00:00,9_13745861908E-06
2024.08.22 19:00:00,9_08277525014E-06
2024.08.22 20:00:00,9_03212003323E-06
2024.08.22 21:00:00,8_99304723134E-06
2024.08.22 22:00:00,8_96063374967E-06
2024.08.22 23:00:00,8_94332879398E-06
2024.08.23 00:00:00,8_9269833552E-06
2024.08.23 01:00:00,8_92130537977E-06
2024.08.23 02:00:00,8_92189473234E-06
2024.08.23 03:00:00,8_92677417141E-06
2024.08.23 04:00:00,8_93337801244E-06
2024.08.23 05:00:00,8_96130859473E-06
2024.08.23 06:00:00,9_01369003259E-06
2024.08.23 07:00:00,9_06638979359E-06
2024.08.23 08:00:00,9_1255242296E-06
2024.08.23 09:00:00,9_18828573049E-06
2024.08.23 10:00:00,9_26431403059E-06
2024.08.23 11:00:00,9_33589944907E-06
2024.08.23 12:00:00,9_38714492804E-06
2024.08.23 13:00:00,9_44587100093E-06
2024.08.23 14:00:00,9_5100094768E-06
2024.08.23 15:00:00,9_58486270974E-06
2024.08.23 16:00:00,9_68670065049E-06
2024.08.23 17:00:00,9_83677273325E-06
2024.08.23 18:00:00,1_00052629932E-05
2024.08.23 19:00:00,1_01479008663E-05
2024.08.23 20:00:00,1_0256184396E-05
2024.08.23 21:00:00,1_03951597339E-05
2024.08.23 22:00:00,1_05433164208E-05
2024.08.23 23:00:00,1_06907809823E-05
2024.08.24 00:00:00,1_08359381557E-05
2024.08.24 01:00:00,1_09703705675E-05
2024.08.24 02:00:00,1_10897972263E-05
2024.08.24 03:00:00,1_11965491669E-05
2024.08.24 04:00:00,1_12964171421E-05
2024.08.24 05:00:00,1_13786745715E-05
2024.08.24 06:00:00,1_14570866572E-05
2024.08.24 07:00:00,1_15359607662E-05
2024.08.24 08:00:00,1_16207684187E-05
2024.08.24 09:00:00,1_17184854389E-05
2024.08.24 10:00:00,1_1848676877E-05
2024.08.24 11:00:00,1_20392305689E-05
2024.08.24 12:00:00,1_23037088997E-05
2024.08.24 13:00:00,1_26246504806E-05
2024.08.24 14:00:00,1_29565878524E-05
2024.08.24 15:00:00,1_34893471113E-05
2024.08.24 16:00:00,1_44858613567E-05
2024.08.24 17:00:00,1_57246686285E-05
2024.08.24 18:00:00,1_68494534591E-05
2024.08.24 19:00:00,1_76329558599E-05
2024.08.24 20:00:00,1_81217601494E-05
2024.08.24 21:00:00,1_83461743291E-05
2024.08.24 22:00:00,1_84373620868E-05
2024.08.24 23:00:00,1_85321950994E-05
2024.08.25 00:00:00,1_85787266673E-05
2024.08.25 01:00:00,1_85943499673E-05
2024.08.25 02:00:00,1_85241369763E-05
2024.08.25 03:00:00,1_84178024938E-05
2024.08.25 04:00:00,1_82999028766E-05
2024.08.25 05:00:00,1_81125706149E-05
2024.08.25 06:00:00,1_78229056473E-05
2024.08.25 07:00:00,1_74860706466E-05
2024.08.25 08:00:00,1_71664069057E-05
2024.08.25 09:00:00,1_68859860423E-05
2024.08.25 10:00:00,1_66638346855E-05
2024.08.25 11:00:00,1_64421398949E-05
2024.08.25 12:00:00,1_62167543749E-05
2024.08.25 13:00:00,1_60078689078E-05
2024.08.25 14:00:00,1_58090024343E-05
2024.08.25 15:00:00,1_55969100888E-05
2024.08.25 16:00:00,1_53529927047E-05
2024.08.25 17:00:00,1_51016420205E-05
2024.08.25 18:00:00,1_4845683836E-05
2024.08.25 19:00:00,1_45547301145E-05
2024.08.25 20:00:00,1_42014741868E-05
2024.08.25 21:00:00,1_38273289849E-05
2024.08.25 22:00:00,1_34616893774E-05
2024.08.25 23:00:00,1_3144543118E-05
2024.08.26 00:00:00,1_28808314912E-05
2024.08.26 01:00:00,1_26462273329E-05
2024.08.26 02:00:00,1_24293355839E-05
2024.08.26 03:00:00,1_22431147247E-05
2024.08.26 04:00:00,1_20978484119E-05
2024.08.26 05:00:00,1_19822152556E-05
2024.08.26 06:00:00,1_18785828818E-05
2024.08.26 07:00:00,1_1743441064E-05
2024.08.26 08:00:00,1_15069733511E-05
2024.08.26 09:00:00,1_11686695163E-05
2024.08.26 10:00:00,1_08591511889E-05
2024.08.26 11:00:00,1_06988209154E-05
2024.08.26 12:00:00,1_06111274363E-05
2024.08.26 13:00:00,1_04638793346E-05
2024.08.26 14:00:00,1_02846352092E-05
2024.08.26 15:00:00,1_00888710222E-05
2024.08.26 16:00:00,9_90437638393E-06
2024.08.26 17:00:00,9_73633086687E-06
2024.08.26 18:00:00,9_60635679803E-06
2024.08.26 19:00:00,9_51346373768E-06
2024.08.26 20:00:00,9_41928101383E-06
2024.08.26 21:00:00,9_30847272684E-06
2024.08.26 22:00:00,9_19320609682E-06
2024.08.26 23:00:00,9_08634046937E-06
2024.08.27 00:00:00,9_00748273125E-06
2024.08.27 01:00:00,8_97374957276E-06
2024.08.27 02:00:00,8_99317819858E-06
2024.08.27 03:00:00,9_05263368622E-06
2024.08.27 04:00:00,9_17186480365E-06
2024.08.27 05:00:00,9_31219437916E-06
2024.08.27 06:00:00,9_46983163885E-06
2024.08.27 07:00:00,9_59454973781E-06
2024.08.27 08:00:00,9_72731595539E-06
2024.08.27 09:00:00,9_87037128652E-06
2024.08.27 10:00:00,1_0012079656E-05
2024.08.27 11:00:00,1_01284895209E-05
2024.08.27 12:00:00,1_01980267573E-05
2024.08.27 13:00:00,1_03863485492E-05
2024.08.27 14:00:00,1_08084232124E-05
2024.08.27 15:00:00,1_13203168439E-05
2024.08.27 16:00:00,1_18517091323E-05
2024.08.27 17:00:00,1_2385376067E-05
2024.08.27 18:00:00,1_2800184777E-05
2024.08.27 19:00:00,1_31110791699E-05
2024.08.27 20:00:00,1_33648682095E-05
2024.08.27 21:00:00,1_35546370075E-05
2024.08.27 22:00:00,1_37345132316E-05
2024.08.27 23:00:00,1_39007397593E-05
2024.08.28 00:00:00,1_40270012707E-05
2024.08.28 01:00:00,1_41050823004E-05
2024.08.28 02:00:00,1_41513773997E-05
2024.08.28 03:00:00,1_41792570503E-05
2024.08.28 04:00:00,1_42109656736E-05
2024.08.28 05:00:00,1_42622357089E-05
2024.08.28 06:00:00,1_43360857692E-05
2024.08.28 07:00:00,1_44082032421E-05
2024.08.28 08:00:00,1_44730001921E-05
2024.08.28 09:00:00,1_45370031532E-05
2024.08.28 10:00:00,1_46111524373E-05
2024.08.28 11:00:00,1_46960155689E-05
2024.08.28 12:00:00,1_48233903019E-05
2024.08.28 13:00:00,1_50106034198E-05
2024.08.28 14:00:00,1_52499924297E-05
2024.08.28 15:00:00,1_54776316776E-05
2024.08.28 16:00:00,1_56401729328E-05
2024.08.28 17:00:00,1_57183367264E-05
2024.08.28 18:00:00,1_57479444169E-05
2024.08.28 19:00:00,1_57252015924E-05
2024.08.28 20:00:00,1_56595961016E-05
2024.08.28 21:00:00,1_5605801309E-05
2024.08.28 22:00:00,1_55703291966E-05
2024.08.28 23:00:00,1_55520210683E-05
2024.08.29 00:00:00,1_55023299158E-05
2024.08.29 01:00:00,1_54557037604E-05
2024.08.29 02:00:00,1_53558503371E-05
2024.08.29 03:00:00,1_52251805048E-05
2024.08.29 04:00:00,1_50887844939E-05
2024.08.29 05:00:00,1_49712432176E-05
2024.08.29 06:00:00,1_48763892867E-05
2024.08.29 07:00:00,1_48039143824E-05
2024.08.29 08:00:00,1_47299087985E-05
2024.08.29 09:00:00,1_46527827383E-05
2024.08.29 10:00:00,1_4566824575E-05
2024.08.29 11:00:00,1_44737732626E-05
2024.08.29 12:00:00,1_43599418152E-05
2024.08.29 13:00:00,1_42231247082E-05
2024.08.29 14:00:00,1_40659503813E-05
2024.08.29 15:00:00,1_38971590786E-05
2024.08.29 16:00:00,1_37201504913E-05
2024.08.29 17:00:00,1_35450072776E-05
2024.08.29 18:00:00,1_33785188154E-05
2024.08.29 19:00:00,1_32289515022E-05
2024.08.29 20:00:00,1_30946209538E-05
2024.08.29 21:00:00,1_29723375721E-05
2024.08.29 22:00:00,1_28561323436E-05
2024.08.29 23:00:00,1_27442699522E-05
2024.08.30 00:00:00,1_26412487589E-05
2024.08.30 01:00:00,1_25453216242E-05
2024.08.30 02:00:00,1_24586131278E-05
2024.08.30 03:00:00,1_23835834529E-05
2024.08.30 04:00:00,1_23218433146E-05
2024.08.30 05:00:00,1_22722804008E-05
2024.08.30 06:00:00,1_22329902297E-05
2024.08.30 07:00:00,1_22010660562E-05
2024.08.30 08:00:00,1_21734019558E-05
2024.08.30 09:00:00,1_21482298709E-05
2024.08.30 10:00:00,1_21310722534E-05
2024.08.30 11:00:00,1_21244174807E-05
2024.08.30 12:00:00,1_21172870422E-05
2024.08.30 13:00:00,1_21071698231E-05
2024.08.30 14:00:00,1_20978738778E-05
2024.08.30 15:00:00,1_20851163956E-05
2024.08.30 16:00:00,1_20597205751E-05
2024.08.30 17:00:00,1_20278054965E-05
2024.08.30 18:00:00,1_20033746498E-05
2024.08.30 19:00:00,1_19900769278E-05
2024.08.30 20:00:00,1_19876658573E-05
2024.08.30 21:00:00,1_19899277706E-05
2024.08.30 22:00:00,1_19949700093E-05
2024.08.30 23:00:00,1_20001996038E-05
2024.08.31 00:00:00,1_20034219435E-05
2024.08.31 01:00:00,1_20109198178E-05
2024.08.31 02:00:00,1_2025916476E-05
2024.08.31 03:00:00,1_20458726087E-05
2024.08.31 04:00:00,1_20711156342E-05
2024.08.31 05:00:00,1_2097493709E-05
2024.08.31 06:00:00,1_21255889098E-05
2024.08.31 07:00:00,1_21564416986E-05
2024.08.31 08:00:00,1_21875773402E-05
2024.08.31 09:00:00,1_22143510453E-05
2024.08.31 10:00:00,1_22343608382E-05
2024.08.31 11:00:00,1_2258172319E-05
2024.08.31 12:00:00,1_23084173538E-05
2024.08.31 13:00:00,1_23875652207E-05
2024.08.31 14:00:00,1_25066126202E-05
2024.08.31 15:00:00,1_26549466586E-05
2024.08.31 16:00:00,1_27825633172E-05
2024.08.31 17:00:00,1_28706051328E-05
2024.08.31 18:00:00,1_2919663277E-05
2024.08.31 19:00:00,1_29362988446E-05
2024.08.31 20:00:00,1_2943442016E-05
2024.08.31 21:00:00,1_29549925987E-05
2024.08.31 22:00:00,1_29703648781E-05
2024.08.31 23:00:00,1_29971749629E-05
2024.09.01 00:00:00,1_30425323732E-05
2024.09.01 01:00:00,1_31006227093E-05
2024.09.01 02:00:00,1_31627548399E-05
2024.09.01 03:00:00,1_32271725306E-05
2024.09.01 04:00:00,1_32831555675E-05
2024.09.01 05:00:00,1_33408566398E-05
2024.09.01 06:00:00,1_33866169563E-05
2024.09.01 07:00:00,1_34183628688E-05
2024.09.01 08:00:00,1_34538368002E-05
2024.09.01 09:00:00,1_34936472023E-05
2024.09.01 10:00:00,1_35430436785E-05
2024.09.01 11:00:00,1_3608527297E-05
2024.09.01 12:00:00,1_36872195071E-05
2024.09.01 13:00:00,1_37662727866E-05
2024.09.01 14:00:00,1_38300138133E-05
2024.09.01 15:00:00,1_38663754115E-05
2024.09.01 16:00:00,1_38768155011E-05
2024.09.01 17:00:00,1_38801260618E-05
2024.09.01 18:00:00,1_38824498208E-05
2024.09.01 19:00:00,1_38833383971E-05
2024.09.01 20:00:00,1_38848799907E-05
2024.09.01 21:00:00,1_38858868013E-05
2024.09.01 22:00:00,1_38848554343E-05
2024.09.01 23:00:00,1_38877621794E-05
2024.09.02 00:00:00,1_38961286211E-05
2024.09.02 01:00:00,1_39054764077E-05
2024.09.02 02:00:00,1_39123994813E-05
2024.09.02 03:00:00,1_3922155631E-05
2024.09.02 04:00:00,1_39496642078E-05
2024.09.02 05:00:00,1_39862459037E-05
2024.09.02 06:00:00,1_40251149787E-05
2024.09.02 07:00:00,1_4075879335E-05
2024.09.02 08:00:00,1_41462205647E-05
2024.09.02 09:00:00,1_42313474498E-05
2024.09.02 10:00:00,1_43426786963E-05
2024.09.02 11:00:00,1_44935784192E-05
2024.09.02 12:00:00,1_46265720105E-05
2024.09.02 13:00:00,1_47164528244E-05
2024.09.02 14:00:00,1_47820073835E-05
2024.09.02 15:00:00,1_48744657054E-05
2024.09.02 16:00:00,1_49922843775E-05
2024.09.02 17:00:00,1_50954783749E-05
2024.09.02 18:00:00,1_51732665472E-05
2024.09.02 19:00:00,1_51978802023E-05
2024.09.02 20:00:00,1_51603562699E-05
2024.09.02 21:00:00,1_50915493577E-05
2024.09.02 22:00:00,1_50200412463E-05
2024.09.02 23:00:00,1_49567649714E-05
2024.09.03 00:00:00,1_49063025674E-05
2024.09.03 01:00:00,1_48663320942E-05
2024.09.03 02:00:00,1_48436774907E-05
2024.09.03 03:00:00,1_48297713167E-05
2024.09.03 04:00:00,1_48174940477E-05
2024.09.03 05:00:00,1_48006029121E-05
2024.09.03 06:00:00,1_47725631905E-05
2024.09.03 07:00:00,1_47328391904E-05
2024.09.03 08:00:00,1_46829088408E-05
2024.09.03 09:00:00,1_46152979141E-05
2024.09.03 10:00:00,1_45161220644E-05
2024.09.03 11:00:00,1_44087780427E-05
2024.09.03 12:00:00,1_43237830343E-05
2024.09.03 13:00:00,1_42587468872E-05
2024.09.03 14:00:00,1_41801783684E-05
2024.09.03 15:00:00,1_4098201973E-05
2024.09.03 16:00:00,1_40562124216E-05
2024.09.03 17:00:00,1_40643614941E-05
2024.09.03 18:00:00,1_40817328429E-05
2024.09.03 19:00:00,1_40725042002E-05
2024.09.03 20:00:00,1_4005675439E-05
2024.09.03 21:00:00,1_38971900014E-05
2024.09.03 22:00:00,1_37617444125E-05
2024.09.03 23:00:00,1_36150047183E-05
2024.09.04 00:00:00,1_34767487907E-05
2024.09.04 01:00:00,1_33555367938E-05
2024.09.04 02:00:00,1_32613313326E-05
2024.09.04 03:00:00,1_31906599563E-05
2024.09.04 04:00:00,1_3132427739E-05
2024.09.04 05:00:00,1_30867201733E-05
2024.09.04 06:00:00,1_30425532916E-05
2024.09.04 07:00:00,1_29818517962E-05
2024.09.04 08:00:00,1_29030495373E-05
2024.09.04 09:00:00,1_2818639334E-05
2024.09.04 10:00:00,1_27582407004E-05
2024.09.04 11:00:00,1_27328785311E-05
2024.09.04 12:00:00,1_27352695927E-05
2024.09.04 13:00:00,1_27841240101E-05
2024.09.04 14:00:00,1_29024156195E-05
2024.09.04 15:00:00,1_30625867314E-05
2024.09.04 16:00:00,1_32282921186E-05
2024.09.04 17:00:00,1_3356711861E-05
2024.09.04 18:00:00,1_3423738892E-05
2024.09.04 19:00:00,1_3456958186E-05
2024.09.04 20:00:00,1_34770725708E-05
2024.09.04 21:00:00,1_350081493E-05
2024.09.04 22:00:00,1_35374821184E-05
2024.09.04 23:00:00,1_35868067446E-05
2024.09.05 00:00:00,1_36411554195E-05
2024.09.05 01:00:00,1_37054739753E-05
2024.09.05 02:00:00,1_37638962769E-05
2024.09.05 03:00:00,1_37990764415E-05
2024.09.05 04:00:00,1_38052337206E-05
2024.09.05 05:00:00,1_37861507028E-05
2024.09.05 06:00:00,1_37589368023E-05
2024.09.05 07:00:00,1_37326878757E-05
2024.09.05 08:00:00,1_37121060106E-05
2024.09.05 09:00:00,1_37035867738E-05
2024.09.05 10:00:00,1_37110237119E-05
2024.09.05 11:00:00,1_37274128065E-05
2024.09.05 12:00:00,1_37513306981E-05
2024.09.05 13:00:00,1_37827637445E-05
2024.09.05 14:00:00,1_38240257002E-05
2024.09.05 15:00:00,1_38693530971E-05
2024.09.05 16:00:00,1_39038802445E-05
2024.09.05 17:00:00,1_39197718454E-05
2024.09.05 18:00:00,1_39120129461E-05
2024.09.05 19:00:00,1_38810673889E-05
2024.09.05 20:00:00,1_38426303238E-05
2024.09.05 21:00:00,1_37966126204E-05
2024.09.05 22:00:00,1_37544147947E-05
2024.09.05 23:00:00,1_37205961437E-05
2024.09.06 00:00:00,1_36954249683E-05
2024.09.06 01:00:00,1_36745911732E-05
2024.09.06 02:00:00,1_36583321364E-05
2024.09.06 03:00:00,1_36466760523E-05
2024.09.06 04:00:00,1_36359876706E-05
2024.09.06 05:00:00,1_3623891391E-05
2024.09.06 06:00:00,1_36089165608E-05
2024.09.06 07:00:00,1_35970822157E-05
2024.09.06 08:00:00,1_35872687679E-05
2024.09.06 09:00:00,1_35899290399E-05
2024.09.06 10:00:00,1_36024045787E-05
2024.09.06 11:00:00,1_36069838845E-05
2024.09.06 12:00:00,1_36049056891E-05
2024.09.06 13:00:00,1_36144881253E-05
2024.09.06 14:00:00,1_36597054734E-05
2024.09.06 15:00:00,1_37453916977E-05
2024.09.06 16:00:00,1_38898176374E-05
2024.09.06 17:00:00,1_41068821904E-05
2024.09.06 18:00:00,1_43179904626E-05
2024.09.06 19:00:00,1_44699106386E-05
2024.09.06 20:00:00,1_45471776705E-05
2024.09.06 21:00:00,1_4567936887E-05
2024.09.06 22:00:00,1_45412250276E-05
2024.09.06 23:00:00,1_44692903632E-05
2024.09.07 00:00:00,1_43929664773E-05
2024.09.07 01:00:00,1_43344577737E-05
2024.09.07 02:00:00,1_43189890878E-05
2024.09.07 03:00:00,1_43737734106E-05
2024.09.07 04:00:00,1_44583054862E-05
2024.09.07 05:00:00,1_45543499457E-05
2024.09.07 06:00:00,1_46244374264E-05
2024.09.07 07:00:00,1_4658314285E-05
2024.09.07 08:00:00,1_46697675518E-05
2024.09.07 09:00:00,1_47054806803E-05
2024.09.07 10:00:00,1_48051467477E-05
2024.09.07 11:00:00,1_49231682371E-05
2024.09.07 12:00:00,1_50214909809E-05
2024.09.07 13:00:00,1_5106616047E-05
2024.09.07 14:00:00,1_51942595039E-05
2024.09.07 15:00:00,1_52882748807E-05
2024.09.07 16:00:00,1_53868386406E-05
2024.09.07 17:00:00,1_54648059834E-05
2024.09.07 18:00:00,1_55021334649E-05
2024.09.07 19:00:00,1_55158904818E-05
2024.09.07 20:00:00,1_5502122551E-05
2024.09.07 21:00:00,1_54454410222E-05
2024.09.07 22:00:00,1_53997025336E-05
2024.09.07 23:00:00,1_54140761879E-05
2024.09.08 00:00:00,1_54366261995E-05
2024.09.08 01:00:00,1_54905792442E-05
2024.09.08 02:00:00,1_55731395353E-05
2024.09.08 03:00:00,1_5608882677E-05
2024.09.08 04:00:00,1_56090245582E-05
2024.09.08 05:00:00,1_55939269462E-05
2024.09.08 06:00:00,1_55579218699E-05
2024.09.08 07:00:00,1_55124598678E-05
2024.09.08 08:00:00,1_54770932568E-05
2024.09.08 09:00:00,1_54395293066E-05
2024.09.08 10:00:00,1_54000881594E-05
2024.09.08 11:00:00,1_53483215399E-05
2024.09.08 12:00:00,1_52889570018E-05
2024.09.08 13:00:00,1_52296233864E-05
2024.09.08 14:00:00,1_51569620357E-05
2024.09.08 15:00:00,1_50631976794E-05
2024.09.08 16:00:00,1_49478555613E-05
2024.09.08 17:00:00,1_48195049405E-05
2024.09.08 18:00:00,1_46787706399E-05
2024.09.08 19:00:00,1_45178901221E-05
2024.09.08 20:00:00,1_4374910279E-05
2024.09.08 21:00:00,1_42174803841E-05
2024.09.08 22:00:00,1_40815745908E-05
2024.09.08 23:00:00,1_39552312248E-05
2024.09.09 00:00:00,1_38423392855E-05
2024.09.09 01:00:00,1_37365504997E-05
2024.09.09 02:00:00,1_36342514452E-05
2024.09.09 03:00:00,1_35379514177E-05
2024.09.09 04:00:00,1_3437126654E-05
2024.09.09 05:00:00,1_335129582E-05
2024.09.09 06:00:00,1_32856193886E-05
2024.09.09 07:00:00,1_32272571136E-05
2024.09.09 08:00:00,1_31696851895E-05
2024.09.09 09:00:00,1_31244023578E-05
2024.09.09 10:00:00,1_30862399601E-05
2024.09.09 11:00:00,1_30491534946E-05
2024.09.09 12:00:00,1_30101543618E-05
2024.09.09 13:00:00,1_29665022541E-05
2024.09.09 14:00:00,1_29138552438E-05
2024.09.09 15:00:00,1_28548272187E-05
2024.09.09 16:00:00,1_27939356389E-05
2024.09.09 17:00:00,1_27346611407E-05
2024.09.09 18:00:00,1_2682164197E-05
2024.09.09 19:00:00,1_26384575196E-05
2024.09.09 20:00:00,1_26048225866E-05
2024.09.09 21:00:00,1_25814385683E-05
2024.09.09 22:00:00,1_25653032228E-05
2024.09.09 23:00:00,1_25532887978E-05
2024.09.10 00:00:00,1_25428286992E-05
2024.09.10 01:00:00,1_2533520021E-05
2024.09.10 02:00:00,1_25274100355E-05
2024.09.10 03:00:00,1_2528278603E-05
2024.09.10 04:00:00,1_25348669826E-05
2024.09.10 05:00:00,1_25453107103E-05
2024.09.10 06:00:00,1_25573897094E-05
2024.09.10 07:00:00,1_25708629639E-05
2024.09.10 08:00:00,1_25831138575E-05
2024.09.10 09:00:00,1_25936512632E-05
2024.09.10 10:00:00,1_26024433484E-05
2024.09.10 11:00:00,1_26075119624E-05
2024.09.10 12:00:00,1_26048989841E-05
2024.09.10 13:00:00,1_26056829686E-05
2024.09.10 14:00:00,1_26049199025E-05
2024.09.10 15:00:00,1_26005861603E-05
2024.09.10 16:00:00,1_25960959849E-05
2024.09.10 17:00:00,1_25929427668E-05
2024.09.10 18:00:00,1_25919659695E-05
2024.09.10 19:00:00,1_2595822227E-05
2024.09.10 20:00:00,1_26025825011E-05
2024.09.10 21:00:00,1_26121649373E-05
2024.09.10 22:00:00,1_26243339764E-05
2024.09.10 23:00:00,1_26397135318E-05
2024.09.11 00:00:00,1_26580371216E-05
2024.09.11 01:00:00,1_26780041683E-05
2024.09.11 02:00:00,1_27003340822E-05
2024.09.11 03:00:00,1_27245884869E-05
2024.09.11 04:00:00,1_27490729938E-05
2024.09.11 05:00:00,1_2775119103E-05
2024.09.11 06:00:00,1_28030733322E-05
2024.09.11 07:00:00,1_28356186906E-05
2024.09.11 08:00:00,1_28685351228E-05
2024.09.11 09:00:00,1_28991650854E-05
2024.09.11 10:00:00,1_29243244373E-05
2024.09.11 11:00:00,1_29277823362E-05
2024.09.11 12:00:00,1_29246800498E-05
2024.09.11 13:00:00,1_29171230583E-05
2024.09.11 14:00:00,1_29070276671E-05
2024.09.11 15:00:00,1_28952915475E-05
2024.09.11 16:00:00,1_28859246615E-05
2024.09.11 17:00:00,1_28814299387E-05
2024.09.11 18:00:00,1_2882590454E-05
2024.09.11 19:00:00,1_28907022372E-05
2024.09.11 20:00:00,1_29074414872E-05
2024.09.11 21:00:00,1_29375575852E-05
2024.09.11 22:00:00,1_29827585624E-05
2024.09.11 23:00:00,1_30252919917E-05
2024.09.12 00:00:00,1_30566195367E-05
2024.09.12 01:00:00,1_30837388497E-05
2024.09.12 02:00:00,1_31100177896E-05
2024.09.12 03:00:00,1_31365422931E-05
2024.09.12 04:00:00,1_31617816805E-05
2024.09.12 05:00:00,1_31876122396E-05
2024.09.12 06:00:00,1_32135301101E-05
2024.09.12 07:00:00,1_32389959617E-05
2024.09.12 08:00:00,1_32637105708E-05
2024.09.12 09:00:00,1_3285638488E-05
2024.09.12 10:00:00,1_33030907818E-05
2024.09.12 11:00:00,1_3312936062E-05
2024.09.12 12:00:00,1_33116282086E-05
2024.09.12 13:00:00,1_33022167574E-05
2024.09.12 14:00:00,1_32850946102E-05
2024.09.12 15:00:00,1_32654549816E-05
2024.09.12 16:00:00,1_32496979859E-05
2024.09.12 17:00:00,1_32427721837E-05
2024.09.12 18:00:00,1_32432696773E-05
2024.09.12 19:00:00,1_32490558826E-05
2024.09.12 20:00:00,1_32581608341E-05
2024.09.12 21:00:00,1_32690729515E-05
2024.09.12 22:00:00,1_32848026624E-05
2024.09.12 23:00:00,1_33101502797E-05
2024.09.13 00:00:00,1_33402463689E-05
2024.09.13 01:00:00,1_33684507091E-05
2024.09.13 02:00:00,1_33922758323E-05
2024.09.13 03:00:00,1_34127421916E-05
2024.09.13 04:00:00,1_34332121888E-05
2024.09.13 05:00:00,1_34521415021E-05
2024.09.13 06:00:00,1_34692954816E-05
2024.09.13 07:00:00,1_34830579555E-05
2024.09.13 08:00:00,1_34921274366E-05
2024.09.13 09:00:00,1_34933761728E-05
2024.09.13 10:00:00,1_34846250148E-05
2024.09.13 11:00:00,1_34857382363E-05
2024.09.13 12:00:00,1_35114087243E-05
2024.09.13 13:00:00,1_35644622787E-05
2024.09.13 14:00:00,1_36396583912E-05
2024.09.13 15:00:00,1_37225033541E-05
2024.09.13 16:00:00,1_37907691169E-05
2024.09.13 17:00:00,1_38180539579E-05
2024.09.13 18:00:00,1_38132600114E-05
2024.09.13 19:00:00,1_37893039209E-05
2024.09.13 20:00:00,1_3749550817E-05
2024.09.13 21:00:00,1_37089382406E-05
2024.09.13 22:00:00,1_36738090077E-05
2024.09.13 23:00:00,1_36508242576E-05
2024.09.14 00:00:00,1_36428961923E-05
2024.09.14 01:00:00,1_36469025165E-05
2024.09.14 02:00:00,1_36571361509E-05
2024.09.14 03:00:00,1_36690059662E-05
2024.09.14 04:00:00,1_3677537936E-05
2024.09.14 05:00:00,1_3677547031E-05
2024.09.14 06:00:00,1_3664573089E-05
2024.09.14 07:00:00,1_36366297738E-05
2024.09.14 08:00:00,1_35970940391E-05
2024.09.14 09:00:00,1_35583513838E-05
2024.09.14 10:00:00,1_35264590426E-05
2024.09.14 11:00:00,1_35089876494E-05
2024.09.14 12:00:00,1_35104746732E-05
2024.09.14 13:00:00,1_3530515389E-05
2024.09.14 14:00:00,1_35690306706E-05
2024.09.14 15:00:00,1_36240705615E-05
2024.09.14 16:00:00,1_36801800181E-05
2024.09.14 17:00:00,1_37148581416E-05
2024.09.14 18:00:00,1_37207771331E-05
2024.09.14 19:00:00,1_36971830216E-05
2024.09.14 20:00:00,1_36519784064E-05
2024.09.14 21:00:00,1_35974796649E-05
2024.09.14 22:00:00,1_35475729621E-05
2024.09.14 23:00:00,1_35123736982E-05
2024.09.15 00:00:00,1_349334525E-05
2024.09.15 01:00:00,1_34881456688E-05
2024.09.15 02:00:00,1_34925294333E-05
2024.09.15 03:00:00,1_35017535285E-05
2024.09.15 04:00:00,1_35091495395E-05
2024.09.15 05:00:00,1_35089712785E-05
2024.09.15 06:00:00,1_34976844492E-05
2024.09.15 07:00:00,1_34672809509E-05
2024.09.15 08:00:00,1_34145384436E-05
2024.09.15 09:00:00,1_33507655846E-05
2024.09.15 10:00:00,1_32922104967E-05
2024.09.15 11:00:00,1_32566456159E-05
2024.09.15 12:00:00,1_32631803353E-05
2024.09.15 13:00:00,1_33176054078E-05
2024.09.15 14:00:00,1_34053580041E-05
2024.09.15 15:00:00,1_35044856506E-05
2024.09.15 16:00:00,1_35860309456E-05
2024.09.15 17:00:00,1_36238622872E-05
2024.09.15 18:00:00,1_36213357109E-05
2024.09.15 19:00:00,1_35928412419E-05
2024.09.15 20:00:00,1_35520240292E-05
2024.09.15 21:00:00,1_35214695547E-05
2024.09.15 22:00:00,1_35109312396E-05
2024.09.15 23:00:00,1_35230156957E-05
2024.09.16 00:00:00,1_3546905393E-05
2024.09.16 01:00:00,1_35773125294E-05
2024.09.16 02:00:00,1_36108810693E-05
2024.09.16 03:00:00,1_36391154228E-05
2024.09.16 04:00:00,1_3651106201E-05
2024.09.16 05:00:00,1_3643903003E-05
2024.09.16 06:00:00,1_36204989758E-05
2024.09.16 07:00:00,1_35889249577E-05
2024.09.16 08:00:00,1_35594300446E-05
2024.09.16 09:00:00,1_35412637974E-05
2024.09.16 10:00:00,1_35341033456E-05
2024.09.16 11:00:00,1_35349637276E-05
2024.09.16 12:00:00,1_35407508424E-05
2024.09.16 13:00:00,1_35505397338E-05
2024.09.16 14:00:00,1_35637101266E-05
2024.09.16 15:00:00,1_35779373522E-05
2024.09.16 16:00:00,1_35902300826E-05
2024.09.16 17:00:00,1_3597457837E-05
2024.09.16 18:00:00,1_35986865644E-05
2024.09.16 19:00:00,1_35942173074E-05
2024.09.16 20:00:00,1_35835507535E-05
2024.09.16 21:00:00,1_35726049848E-05
2024.09.16 22:00:00,1_35624468385E-05
2024.09.16 23:00:00,1_35555856104E-05
2024.09.17 00:00:00,1_35543004944E-05
2024.09.17 01:00:00,1_35566924655E-05
2024.09.17 02:00:00,1_35584250529E-05
2024.09.17 03:00:00,1_35577702167E-05
2024.09.17 04:00:00,1_35553027576E-05
2024.09.17 05:00:00,1_35514974318E-05
2024.09.17 06:00:00,1_35477384902E-05
2024.09.17 07:00:00,1_35453838084E-05
2024.09.17 08:00:00,1_35442614919E-05
2024.09.17 09:00:00,1_35434720505E-05
2024.09.17 10:00:00,1_35398895509E-05
2024.09.17 11:00:00,1_35345753733E-05
2024.09.17 12:00:00,1_35236514325E-05
2024.09.17 13:00:00,1_35086456794E-05
2024.09.17 14:00:00,1_34950469146E-05
2024.09.17 15:00:00,1_34858419187E-05
2024.09.17 16:00:00,1_34860310936E-05
2024.09.17 17:00:00,1_34973979584E-05
2024.09.17 18:00:00,1_35145492095E-05
2024.09.17 19:00:00,1_35316595333E-05
2024.09.17 20:00:00,1_35442014653E-05
2024.09.17 21:00:00,1_35491300171E-05
2024.09.17 22:00:00,1_35446616696E-05
2024.09.17 23:00:00,1_35312411658E-05
2024.09.18 00:00:00,1_35112677526E-05
2024.09.18 01:00:00,1_34906258609E-05
2024.09.18 02:00:00,1_34737138069E-05
2024.09.18 03:00:00,1_34637566589E-05
2024.09.18 04:00:00,1_34620386234E-05
2024.09.18 05:00:00,1_34672227432E-05
2024.09.18 06:00:00,1_34745032483E-05
2024.09.18 07:00:00,1_34793053803E-05
2024.09.18 08:00:00,1_3478150322E-05
2024.09.18 09:00:00,1_34698620968E-05
2024.09.18 10:00:00,1_34558376885E-05
2024.09.18 11:00:00,1_34383644763E-05
2024.09.18 12:00:00,1_34209640237E-05
2024.09.18 13:00:00,1_34050578708E-05
2024.09.18 14:00:00,1_33929124786E-05
2024.09.18 15:00:00,1_3384857084E-05
2024.09.18 16:00:00,1_33804078359E-05
2024.09.18 17:00:00,1_33809580802E-05
2024.09.18 18:00:00,1_33862777147E-05
2024.09.18 19:00:00,1_33945477501E-05
2024.09.18 20:00:00,1_34033734867E-05
2024.09.18 21:00:00,1_34097945192E-05
2024.09.18 22:00:00,1_34097126647E-05
2024.09.18 23:00:00,1_3404164747E-05
2024.09.19 00:00:00,1_3405543541E-05
2024.09.19 01:00:00,1_34210640681E-05
2024.09.19 02:00:00,1_34364991027E-05
2024.09.19 03:00:00,1_34469391924E-05
2024.09.19 04:00:00,1_34548254209E-05
2024.09.19 05:00:00,1_34624124257E-05
2024.09.19 06:00:00,1_34686870297E-05
2024.09.19 07:00:00,1_34701867864E-05
2024.09.19 08:00:00,1_34661195261E-05
2024.09.19 09:00:00,1_34298061312E-05
2024.09.19 10:00:00,1_33761286634E-05
2024.09.19 11:00:00,1_33151943373E-05
2024.09.19 12:00:00,1_32762324938E-05
2024.09.19 13:00:00,1_32751411002E-05
2024.09.19 14:00:00,1_32843415486E-05
2024.09.19 15:00:00,1_32936802402E-05
2024.09.19 16:00:00,1_33152389026E-05
2024.09.19 17:00:00,1_33384082801E-05
2024.09.19 18:00:00,1_3356276213E-05
2024.09.19 19:00:00,1_33598623506E-05
2024.09.19 20:00:00,1_33441744765E-05
2024.09.19 21:00:00,1_33116755023E-05
2024.09.19 22:00:00,1_3271989701E-05
2024.09.19 23:00:00,1_32411887535E-05
2024.09.20 00:00:00,1_32327531901E-05
2024.09.20 01:00:00,1_32448030854E-05
2024.09.20 02:00:00,1_32669065351E-05
2024.09.20 03:00:00,1_32914083224E-05
2024.09.20 04:00:00,1_33139355967E-05
2024.09.20 05:00:00,1_33310368255E-05
2024.09.20 06:00:00,1_33407902467E-05
2024.09.20 07:00:00,1_33489138534E-05
2024.09.20 08:00:00,1_33575140353E-05
2024.09.20 09:00:00,1_33683488457E-05
2024.09.20 10:00:00,1_33797784656E-05
2024.09.20 11:00:00,1_33874973471E-05
2024.09.20 12:00:00,1_33820649353E-05
2024.09.20 13:00:00,1_33746361826E-05
2024.09.20 14:00:00,1_33670346258E-05
2024.09.20 15:00:00,1_33601633934E-05
2024.09.20 16:00:00,1_33528637889E-05
2024.09.20 17:00:00,1_33475459734E-05
2024.09.20 18:00:00,1_3349319488E-05
2024.09.20 19:00:00,1_33770181492E-05
2024.09.20 20:00:00,1_34395950226E-05
2024.09.20 21:00:00,1_35142254294E-05
2024.09.20 22:00:00,1_35867821882E-05
2024.09.20 23:00:00,1_36480457513E-05
2024.09.21 00:00:00,1_36855387609E-05
2024.09.21 01:00:00,1_37357674248E-05
2024.09.21 02:00:00,1_37906190503E-05
2024.09.21 03:00:00,1_38501318361E-05
2024.09.21 04:00:00,1_3920443962E-05
2024.09.21 05:00:00,1_39922440212E-05
2024.09.21 06:00:00,1_40587362694E-05
2024.09.21 07:00:00,1_4114336409E-05
2024.09.21 08:00:00,1_41554583024E-05
2024.09.21 09:00:00,1_41949840327E-05
2024.09.21 10:00:00,1_42409107866E-05
2024.09.21 11:00:00,1_42887074617E-05
2024.09.21 12:00:00,1_43860843309E-05
2024.09.21 13:00:00,1_45006933963E-05
2024.09.21 14:00:00,1_46240308823E-05
2024.09.21 15:00:00,1_47199225466E-05
2024.09.21 16:00:00,1_47185028254E-05
2024.09.21 17:00:00,1_45968751895E-05
2024.09.21 18:00:00,1_44953155541E-05
2024.09.21 19:00:00,1_44123850987E-05
2024.09.21 20:00:00,1_43671086335E-05
2024.09.21 21:00:00,1_43589340951E-05
2024.09.21 22:00:00,1_43456982187E-05
2024.09.21 23:00:00,1_43397064676E-05
2024.09.22 00:00:00,1_43318957271E-05
2024.09.22 01:00:00,1_43304996527E-05
2024.09.22 02:00:00,1_4326415112E-05
2024.09.22 03:00:00,1_43148499774E-05
2024.09.22 04:00:00,1_43060369737E-05
2024.09.22 05:00:00,1_42988183143E-05
2024.09.22 06:00:00,1_42857998071E-05
2024.09.22 07:00:00,1_42761527968E-05
2024.09.22 08:00:00,1_42993476402E-05
2024.09.22 09:00:00,1_43605475387E-05
2024.09.22 10:00:00,1_44243240356E-05
2024.09.22 11:00:00,1_44591849676E-05
2024.09.22 12:00:00,1_44559462569E-05
2024.09.22 13:00:00,1_44297873703E-05
2024.09.22 14:00:00,1_43911138366E-05
2024.09.22 15:00:00,1_43404677146E-05
2024.09.22 16:00:00,1_42892904478E-05
2024.09.22 17:00:00,1_42421768032E-05
2024.09.22 18:00:00,1_41994860314E-05
2024.09.22 19:00:00,1_41714072015E-05
2024.09.22 20:00:00,1_41465470733E-05
2024.09.22 21:00:00,1_41130039992E-05
2024.09.22 22:00:00,1_40833853948E-05
2024.09.22 23:00:00,1_40462316267E-05
2024.09.23 00:00:00,1_40059091791E-05
2024.09.23 01:00:00,1_39640151247E-05
2024.09.23 02:00:00,1_3930487512E-05
2024.09.23 03:00:00,1_38966042869E-05
2024.09.23 04:00:00,1_38678124131E-05
2024.09.23 05:00:00,1_38428913488E-05
2024.09.23 06:00:00,1_38208397402E-05
2024.09.23 07:00:00,1_37995966725E-05
2024.09.23 08:00:00,1_37720608109E-05
2024.09.23 09:00:00,1_37522538353E-05
2024.09.23 10:00:00,1_37384522532E-05
2024.09.23 11:00:00,1_37212773552E-05
2024.09.23 12:00:00,1_37090282806E-05
2024.09.23 13:00:00,1_37122033266E-05
2024.09.23 14:00:00,1_37411389005E-05
2024.09.23 15:00:00,1_37805591294E-05
2024.09.23 16:00:00,1_38316827361E-05
2024.09.23 17:00:00,1_38947079904E-05
2024.09.23 18:00:00,1_39480080179E-05
2024.09.23 19:00:00,1_39600460898E-05
2024.09.23 20:00:00,1_39464818858E-05
2024.09.23 21:00:00,1_39068843055E-05
2024.09.23 22:00:00,1_3834436686E-05
2024.09.23 23:00:00,1_37425740832E-05
2024.09.24 00:00:00,1_36786120493E-05
2024.09.24 01:00:00,1_36514636324E-05
2024.09.24 02:00:00,1_36421103889E-05
2024.09.24 03:00:00,1_36377921081E-05
2024.09.24 04:00:00,1_3634789866E-05
2024.09.24 05:00:00,1_36322114486E-05
2024.09.24 06:00:00,1_36296011988E-05
2024.09.24 07:00:00,1_36272865348E-05
2024.09.24 08:00:00,1_36253411256E-05
2024.09.24 09:00:00,1_36264179673E-05
2024.09.24 10:00:00,1_36317921715E-05
2024.09.24 11:00:00,1_36371454573E-05
2024.09.24 12:00:00,1_36364860737E-05
2024.09.24 13:00:00,1_36389517138E-05
2024.09.24 14:00:00,1_36425505843E-05
2024.09.24 15:00:00,1_36483085953E-05
2024.09.24 16:00:00,1_36642265716E-05
2024.09.24 17:00:00,1_36794587888E-05
2024.09.24 18:00:00,1_36888211273E-05
2024.09.24 19:00:00,1_37001052281E-05
2024.09.24 20:00:00,1_37202714541E-05
2024.09.24 21:00:00,1_37473398354E-05
2024.09.24 22:00:00,1_3765352378E-05
2024.09.24 23:00:00,1_37715387609E-05
2024.09.25 00:00:00,1_3771862541E-05
2024.09.25 01:00:00,1_37690431075E-05
2024.09.25 02:00:00,1_37653223646E-05
2024.09.25 03:00:00,1_37619081215E-05
2024.09.25 04:00:00,1_37577608257E-05
2024.09.25 05:00:00,1_37513243317E-05
2024.09.25 06:00:00,1_37429242386E-05
2024.09.25 07:00:00,1_37302986332E-05
2024.09.25 08:00:00,1_37194856507E-05
2024.09.25 09:00:00,1_37061879286E-05
2024.09.25 10:00:00,1_369419806E-05
2024.09.25 11:00:00,1_36795033541E-05
2024.09.25 12:00:00,1_36666822073E-05
2024.09.25 13:00:00,1_36561175168E-05
2024.09.25 14:00:00,1_36484850373E-05
2024.09.25 15:00:00,1_36434027809E-05
2024.09.25 16:00:00,1_3641237274E-05
2024.09.25 17:00:00,1_36406988531E-05
2024.09.25 18:00:00,1_36395601658E-05
2024.09.25 19:00:00,1_36354119604E-05
2024.09.25 20:00:00,1_36156440931E-05
2024.09.25 21:00:00,1_35745540319E-05
2024.09.25 22:00:00,1_35437630888E-05
2024.09.25 23:00:00,1_35310137921E-05
2024.09.26 00:00:00,1_3523564121E-05
2024.09.26 01:00:00,1_35191075969E-05
2024.09.26 02:00:00,1_35165491884E-05
2024.09.26 03:00:00,1_35151640279E-05
2024.09.26 04:00:00,1_3514722923E-05
2024.09.26 05:00:00,1_35146556204E-05
2024.09.26 06:00:00,1_35148302434E-05
2024.09.26 07:00:00,1_35152904477E-05
2024.09.26 08:00:00,1_35156997203E-05
2024.09.26 09:00:00,1_35142518047E-05
2024.09.26 10:00:00,1_35101226988E-05
2024.09.26 11:00:00,1_35045229399E-05
2024.09.26 12:00:00,1_34958545459E-05
2024.09.26 13:00:00,1_34816900754E-05
2024.09.26 14:00:00,1_34648071253E-05
2024.09.26 15:00:00,1_34457477543E-05
2024.09.26 16:00:00,1_342563246E-05
2024.09.26 17:00:00,1_34061792778E-05
2024.09.26 18:00:00,1_33886587719E-05
2024.09.26 19:00:00,1_33741696118E-05
2024.09.26 20:00:00,1_33643325171E-05
2024.09.26 21:00:00,1_33604580697E-05
2024.09.26 22:00:00,1_33636849569E-05
2024.09.26 23:00:00,1_3380135897E-05
2024.09.27 00:00:00,1_33993007694E-05
2024.09.27 01:00:00,1_3412844055E-05
2024.09.27 02:00:00,1_34248030008E-05
2024.09.27 03:00:00,1_34369774969E-05
2024.09.27 04:00:00,1_34498623083E-05
2024.09.27 05:00:00,1_3462451534E-05
2024.09.27 06:00:00,1_34735628308E-05
2024.09.27 07:00:00,1_34834190249E-05
2024.09.27 08:00:00,1_34905076266E-05
2024.09.27 09:00:00,1_34956844704E-05
2024.09.27 10:00:00,1_3493959159E-05
2024.09.27 11:00:00,1_34685578814E-05
2024.09.27 12:00:00,1_34196143335E-05
2024.09.27 13:00:00,1_33232888402E-05
2024.09.27 14:00:00,1_32303421196E-05
2024.09.27 15:00:00,1_3222466805E-05
2024.09.27 16:00:00,1_32345630846E-05
2024.09.27 17:00:00,1_32296490847E-05
2024.09.27 18:00:00,1_32105578814E-05
2024.09.27 19:00:00,1_31962779051E-05
2024.09.27 20:00:00,1_31873339342E-05
2024.09.27 21:00:00,1_31763663376E-05
2024.09.27 22:00:00,1_31837350636E-05
2024.09.27 23:00:00,1_32177292471E-05
2024.09.28 00:00:00,1_32543727887E-05
2024.09.28 01:00:00,1_32860941449E-05
2024.09.28 02:00:00,1_33055846163E-05
2024.09.28 03:00:00,1_33126141009E-05
2024.09.28 04:00:00,1_33159956022E-05
2024.09.28 05:00:00,1_33054572871E-05
2024.09.28 06:00:00,1_32833501993E-05
2024.09.28 07:00:00,1_32664772536E-05
2024.09.28 08:00:00,1_32567092805E-05
2024.09.28 09:00:00,1_32265186039E-05
2024.09.28 10:00:00,1_31973838506E-05
2024.09.28 11:00:00,1_31726856125E-05
2024.09.28 12:00:00,1_31516935653E-05
2024.09.28 13:00:00,1_31334836624E-05
2024.09.28 14:00:00,1_31187834995E-05
2024.09.28 15:00:00,1_31095011966E-05
2024.09.28 16:00:00,1_30967118821E-05
2024.09.28 17:00:00,1_30807929963E-05
2024.09.28 18:00:00,1_30685884869E-05
2024.09.28 19:00:00,1_30674552565E-05
2024.09.28 20:00:00,1_30728885779E-05
2024.09.28 21:00:00,1_30823309519E-05
2024.09.28 22:00:00,1_30988091769E-05
2024.09.28 23:00:00,1_31165661514E-05
2024.09.29 00:00:00,1_31258657348E-05
2024.09.29 01:00:00,1_31282849907E-05
2024.09.29 02:00:00,1_31268225232E-05
2024.09.29 03:00:00,1_31385822897E-05
2024.09.29 04:00:00,1_31640090331E-05
2024.09.29 05:00:00,1_31916776809E-05
2024.09.29 06:00:00,1_32179720822E-05
2024.09.29 07:00:00,1_32361337819E-05
2024.09.29 08:00:00,1_32532186399E-05
2024.09.29 09:00:00,1_3271224816E-05
2024.09.29 10:00:00,1_32835994009E-05
2024.09.29 11:00:00,1_32824397951E-05
2024.09.29 12:00:00,1_32581890284E-05
2024.09.29 13:00:00,1_32236909849E-05
2024.09.29 14:00:00,1_31864362629E-05
2024.09.29 15:00:00,1_31502838485E-05
2024.09.29 16:00:00,1_31200094984E-05
2024.09.29 17:00:00,1_30946336867E-05
2024.09.29 18:00:00,1_30712996906E-05
2024.09.29 19:00:00,1_30465623442E-05
2024.09.29 20:00:00,1_30237676785E-05
2024.09.29 21:00:00,1_30089101731E-05
2024.09.29 22:00:00,1_30060170704E-05
2024.09.29 23:00:00,1_30214375531E-05
2024.09.30 00:00:00,1_3058453078E-05
2024.09.30 01:00:00,1_31066863105E-05
2024.09.30 02:00:00,1_31595179482E-05
2024.09.30 03:00:00,1_32069308165E-05
2024.09.30 04:00:00,1_32424293042E-05
2024.09.30 05:00:00,1_32666918944E-05
2024.09.30 06:00:00,1_32926406877E-05
2024.09.30 07:00:00,1_33209778141E-05
2024.09.30 08:00:00,1_33598932734E-05
2024.09.30 09:00:00,1_34003175845E-05
2024.09.30 10:00:00,1_34262027132E-05
2024.09.30 11:00:00,1_34141764647E-05
2024.09.30 12:00:00,1_34004676511E-05
2024.09.30 13:00:00,1_33846760946E-05
2024.09.30 14:00:00,1_33681696752E-05
2024.09.30 15:00:00,1_33526500576E-05
2024.09.30 16:00:00,1_33402409119E-05
2024.09.30 17:00:00,1_33337689476E-05
2024.09.30 18:00:00,1_33276134875E-05
2024.09.30 19:00:00,1_33162957354E-05
2024.09.30 20:00:00,1_3302037587E-05
2024.09.30 21:00:00,1_32847562782E-05
2024.09.30 22:00:00,1_32639888761E-05
2024.09.30 23:00:00,1_3247192328E-05
2024.10.01 00:00:00,1_32489294629E-05
2024.10.01 01:00:00,1_3280922758E-05
2024.10.01 02:00:00,1_33134681164E-05
2024.10.01 03:00:00,1_33532803375E-05
2024.10.01 04:00:00,1_34075544338E-05
2024.10.01 05:00:00,1_3467255485E-05
2024.10.01 06:00:00,1_35341297209E-05
2024.10.01 07:00:00,1_36003955049E-05
2024.10.01 08:00:00,1_36466760523E-05
2024.10.01 09:00:00,1_36609196488E-05
2024.10.01 10:00:00,1_36530370582E-05
2024.10.01 11:00:00,1_36393791763E-05
2024.10.01 12:00:00,1_36234166348E-05
2024.10.01 13:00:00,1_36040935104E-05
2024.10.01 14:00:00,1_35818818308E-05
2024.10.01 15:00:00,1_35664358822E-05
2024.10.01 16:00:00,1_35609743666E-05
2024.10.01 17:00:00,1_35605077958E-05
2024.10.01 18:00:00,1_35554519147E-05
2024.10.01 19:00:00,1_35457075885E-05
2024.10.01 20:00:00,1_35285927172E-05
2024.10.01 21:00:00,1_35190712172E-05
2024.10.01 22:00:00,1_35268855956E-05
2024.10.01 23:00:00,1_35410336952E-05
2024.10.02 00:00:00,1_35585332828E-05
2024.10.02 01:00:00,1_35899836096E-05
2024.10.02 02:00:00,1_36413536893E-05
2024.10.02 03:00:00,1_36947928695E-05
2024.10.02 04:00:00,1_37317156259E-05
2024.10.02 05:00:00,1_37573979373E-05
2024.10.02 06:00:00,1_3776934793E-05
2024.10.02 07:00:00,1_37914676088E-05
2024.10.02 08:00:00,1_38012046591E-05
2024.10.02 09:00:00,1_38063078339E-05
2024.10.02 10:00:00,1_38141740536E-05
2024.10.02 11:00:00,1_38396262628E-05
2024.10.02 12:00:00,1_38883151521E-05
2024.10.02 13:00:00,1_39432422657E-05
2024.10.02 14:00:00,1_40061601996E-05
2024.10.02 15:00:00,1_40670099427E-05
2024.10.02 16:00:00,1_41004529723E-05
2024.10.02 17:00:00,1_41038399306E-05
2024.10.02 18:00:00,1_40910424307E-05
2024.10.02 19:00:00,1_40626862049E-05
2024.10.02 20:00:00,1_40256388477E-05
2024.10.02 21:00:00,1_39930834848E-05
2024.10.02 22:00:00,1_39738504004E-05
2024.10.02 23:00:00,1_39670610224E-05
2024.10.03 00:00:00,1_39709854921E-05
2024.10.03 01:00:00,1_39745307024E-05
2024.10.03 02:00:00,1_39665480674E-05
2024.10.03 03:00:00,1_39386065712E-05
2024.10.03 04:00:00,1_39026005854E-05
2024.10.03 05:00:00,1_38752602652E-05
2024.10.03 06:00:00,1_38556151796E-05
2024.10.03 07:00:00,1_38417663038E-05
2024.10.03 08:00:00,1_38298528327E-05
2024.10.03 09:00:00,1_3816151295E-05
2024.10.03 10:00:00,1_38023760883E-05
2024.10.03 11:00:00,1_37847264341E-05
2024.10.03 12:00:00,1_37585830089E-05
2024.10.03 13:00:00,1_37340621222E-05
2024.10.03 14:00:00,1_372380666E-05
2024.10.03 15:00:00,1_37281667776E-05
2024.10.03 16:00:00,1_37385322887E-05
2024.10.03 17:00:00,1_37568831633E-05
2024.10.03 18:00:00,1_37829747473E-05
2024.10.03 19:00:00,1_38147479447E-05
2024.10.03 20:00:00,1_38479790621E-05
2024.10.03 21:00:00,1_38707455335E-05
2024.10.03 22:00:00,1_38564500958E-05
2024.10.03 23:00:00,1_38405894177E-05
2024.10.04 00:00:00,1_38326040542E-05
2024.10.04 01:00:00,1_38300410981E-05
2024.10.04 02:00:00,1_38334726216E-05
2024.10.04 03:00:00,1_3841218788E-05
2024.10.04 04:00:00,1_38503819471E-05
2024.10.04 05:00:00,1_38586865432E-05
2024.10.04 06:00:00,1_38647110361E-05
2024.10.04 07:00:00,1_386893382E-05
2024.10.04 08:00:00,1_38705836434E-05
2024.10.04 09:00:00,1_3871264855E-05
2024.10.04 10:00:00,1_38749965117E-05
2024.10.04 11:00:00,1_3882336134E-05
2024.10.04 12:00:00,1_39074154504E-05
2024.10.04 13:00:00,1_39416370075E-05
2024.10.04 14:00:00,1_3993229004E-05
2024.10.04 15:00:00,1_40345309774E-05
2024.10.04 16:00:00,1_4057764929E-05
2024.10.04 17:00:00,1_40673901114E-05
2024.10.04 18:00:00,1_40480151458E-05
2024.10.04 19:00:00,1_40060856211E-05
2024.10.04 20:00:00,1_39697376653E-05
2024.10.04 21:00:00,1_39474468597E-05
2024.10.04 22:00:00,1_39353260238E-05
2024.10.04 23:00:00,1_39276298796E-05
2024.10.05 00:00:00,1_39221947393E-05
2024.10.05 01:00:00,1_39177127494E-05
2024.10.05 02:00:00,1_39127860166E-05
2024.10.05 03:00:00,1_39074372782E-05
2024.10.05 04:00:00,1_39015246532E-05
2024.10.05 05:00:00,1_38953973874E-05
2024.10.05 06:00:00,1_38893828989E-05
2024.10.05 07:00:00,1_38834457175E-05
2024.10.05 08:00:00,1_38777904795E-05
2024.10.05 09:00:00,1_38726691148E-05
2024.10.05 10:00:00,1_38677914947E-05
2024.10.05 11:00:00,1_38644636536E-05
2024.10.05 12:00:00,1_38676568895E-05
2024.10.05 13:00:00,1_38809155033E-05
2024.10.05 14:00:00,1_3902838873E-05
2024.10.05 15:00:00,1_39265857797E-05
2024.10.05 16:00:00,1_39530393426E-05
2024.10.05 17:00:00,1_39858602779E-05
2024.10.05 18:00:00,1_40189595186E-05
2024.10.05 19:00:00,1_40344363899E-05
2024.10.05 20:00:00,1_40221909533E-05
2024.10.05 21:00:00,1_39797994052E-05
2024.10.05 22:00:00,1_39285848491E-05
2024.10.05 23:00:00,1_38882433021E-05
2024.10.06 00:00:00,1_38612340379E-05
2024.10.06 01:00:00,1_38448103826E-05
2024.10.06 02:00:00,1_38341729325E-05
2024.10.06 03:00:00,1_38267751026E-05
2024.10.06 04:00:00,1_38213281389E-05
2024.10.06 05:00:00,1_38172199513E-05
2024.10.06 06:00:00,1_38137475005E-05
2024.10.06 07:00:00,1_38106515806E-05
2024.10.06 08:00:00,1_38082086778E-05
2024.10.06 09:00:00,1_3806293282E-05
2024.10.06 10:00:00,1_38044551932E-05
2024.10.06 11:00:00,1_38009299917E-05
2024.10.06 12:00:00,1_37960569191E-05
2024.10.06 13:00:00,1_37911165439E-05
2024.10.06 14:00:00,1_37872102641E-05
2024.10.06 15:00:00,1_37832230394E-05
2024.10.06 16:00:00,1_37858978633E-05
2024.10.06 17:00:00,1_37861898111E-05
2024.10.06 18:00:00,1_37927700052E-05
2024.10.06 19:00:00,1_38034201882E-05
2024.10.06 20:00:00,1_3817360923E-05
2024.10.06 21:00:00,1_38119958137E-05
2024.10.06 22:00:00,1_38041268656E-05
2024.10.06 23:00:00,1_37981205626E-05
2024.10.07 00:00:00,1_37934703162E-05
2024.10.07 01:00:00,1_3789811419E-05
2024.10.07 02:00:00,1_37864035423E-05
2024.10.07 03:00:00,1_3783191207E-05
2024.10.07 04:00:00,1_37798951982E-05
2024.10.07 05:00:00,1_37769648063E-05
2024.10.07 06:00:00,1_37744273161E-05
2024.10.07 07:00:00,1_3772388229E-05
2024.10.07 08:00:00,1_37710085255E-05
2024.10.07 09:00:00,1_37694523801E-05
2024.10.07 10:00:00,1_37659490065E-05
2024.10.07 11:00:00,1_37587876452E-05
2024.10.07 12:00:00,1_37493916554E-05
2024.10.07 13:00:00,1_37396255013E-05
2024.10.07 14:00:00,1_37292709042E-05
2024.10.07 15:00:00,1_37193792398E-05
2024.10.07 16:00:00,1_37106044349E-05
2024.10.07 17:00:00,1_37048364195E-05
2024.10.07 18:00:00,1_37082306537E-05
2024.10.07 19:00:00,1_37274237204E-05
2024.10.07 20:00:00,1_37373845064E-05
2024.10.07 21:00:00,1_37392171382E-05
2024.10.07 22:00:00,1_37370734592E-05
2024.10.07 23:00:00,1_37343422466E-05
2024.10.08 00:00:00,1_3730833416E-05
2024.10.08 01:00:00,1_37276301757E-05
2024.10.08 02:00:00,1_37265924423E-05
2024.10.08 03:00:00,1_37261358759E-05
2024.10.08 04:00:00,1_37253236971E-05
2024.10.08 05:00:00,1_37249371619E-05
2024.10.08 06:00:00,1_37242477649E-05
2024.10.08 07:00:00,1_37233364512E-05
2024.10.08 08:00:00,1_37221577461E-05
2024.10.08 09:00:00,1_37223205456E-05
2024.10.08 10:00:00,1_37216802614E-05
2024.10.08 11:00:00,1_37198685479E-05
2024.10.08 12:00:00,1_37172528412E-05
2024.10.08 13:00:00,1_37109464049E-05
2024.10.08 14:00:00,1_37076940518E-05
2024.10.08 15:00:00,1_37042534334E-05
2024.10.08 16:00:00,1_37034148793E-05
2024.10.08 17:00:00,1_37048191391E-05
2024.10.08 18:00:00,1_37073093356E-05
2024.10.08 19:00:00,1_37097194965E-05
2024.10.08 20:00:00,1_37112447192E-05
2024.10.08 21:00:00,1_37119041028E-05
2024.10.08 22:00:00,1_3712137843E-05
2024.10.08 23:00:00,1_37121423904E-05
2024.10.09 00:00:00,1_37124425237E-05
2024.10.09 01:00:00,1_37132046802E-05
2024.10.09 02:00:00,1_371444705E-05
2024.10.09 03:00:00,1_37161232487E-05
2024.10.09 04:00:00,1_37181596074E-05
2024.10.09 05:00:00,1_37194383569E-05
2024.10.09 06:00:00,1_37207443913E-05
2024.10.09 07:00:00,1_3721738469E-05
2024.10.09 08:00:00,1_37223441925E-05
2024.10.09 09:00:00,1_37226070365E-05
2024.10.09 10:00:00,1_37223541969E-05
2024.10.09 11:00:00,1_37219258249E-05
2024.10.09 12:00:00,1_37235283546E-05
2024.10.09 13:00:00,1_37278639158E-05
2024.10.09 14:00:00,1_37377492138E-05
2024.10.09 15:00:00,1_37628967423E-05
2024.10.09 16:00:00,1_38041541504E-05
2024.10.09 17:00:00,1_38480590977E-05
2024.10.09 18:00:00,1_38749319376E-05
2024.10.09 19:00:00,1_38732239066E-05
2024.10.09 20:00:00,1_38485311254E-05
2024.10.09 21:00:00,1_38237064675E-05
2024.10.09 22:00:00,1_37956030812E-05
2024.10.09 23:00:00,1_37705610541E-05
2024.10.10 00:00:00,1_3756503904E-05
2024.10.10 01:00:00,1_37489751069E-05
2024.10.10 02:00:00,1_37450333568E-05
2024.10.10 03:00:00,1_37408069349E-05
2024.10.10 04:00:00,1_37348952194E-05
2024.10.10 05:00:00,1_37295119202E-05
2024.10.10 06:00:00,1_3725775716E-05
2024.10.10 07:00:00,1_37221004479E-05
2024.10.10 08:00:00,1_37175820782E-05
2024.10.10 09:00:00,1_37150182127E-05
2024.10.10 10:00:00,1_37123788591E-05
2024.10.10 11:00:00,1_37103379529E-05
2024.10.10 12:00:00,1_37102233566E-05
2024.10.10 13:00:00,1_37127690323E-05
2024.10.10 14:00:00,1_37191245813E-05
2024.10.10 15:00:00,1_37305569297E-05
2024.10.10 16:00:00,1_3750846847E-05
2024.10.10 17:00:00,1_37825727506E-05
2024.10.10 18:00:00,1_3822073015E-05
2024.10.10 19:00:00,1_38454861371E-05
2024.10.10 20:00:00,1_38404629979E-05
2024.10.10 21:00:00,1_38146542668E-05
2024.10.10 22:00:00,1_37756469485E-05
2024.10.10 23:00:00,1_37424758577E-05
2024.10.11 00:00:00,1_37170909511E-05
2024.10.11 01:00:00,1_37010201797E-05
2024.10.11 02:00:00,1_36933667818E-05
2024.10.11 03:00:00,1_36893304443E-05
2024.10.11 04:00:00,1_3683807083E-05
2024.10.11 05:00:00,1_36801181725E-05
2024.10.11 06:00:00,1_36752260005E-05
2024.10.11 07:00:00,1_36689905048E-05
2024.10.11 08:00:00,1_36635280796E-05
2024.10.11 09:00:00,1_36589014801E-05
2024.10.11 10:00:00,1_36547496368E-05
2024.10.11 11:00:00,1_36506987474E-05
2024.10.11 12:00:00,1_36465650939E-05
2024.10.11 13:00:00,1_36417738759E-05
2024.10.11 14:00:00,1_36387270686E-05
2024.10.11 15:00:00,1_36362259582E-05
2024.10.11 16:00:00,1_36330372698E-05
2024.10.11 17:00:00,1_3628781744E-05
2024.10.11 18:00:00,1_36250255309E-05
2024.10.11 19:00:00,1_36208827826E-05
2024.10.11 20:00:00,1_36170101541E-05
2024.10.11 21:00:00,1_36132130137E-05
2024.10.11 22:00:00,1_36084181577E-05
2024.10.11 23:00:00,1_36036433105E-05
2024.10.12 00:00:00,1_36005028253E-05
2024.10.12 01:00:00,1_35987938847E-05
2024.10.12 02:00:00,1_35950058393E-05
2024.10.12 03:00:00,1_35956961458E-05
2024.10.12 04:00:00,1_35937261803E-05
2024.10.12 05:00:00,1_3594205484E-05
2024.10.12 06:00:00,1_35962336572E-05
2024.10.12 07:00:00,1_35983082146E-05
2024.10.12 08:00:00,1_36007220135E-05
2024.10.12 09:00:00,1_36018998091E-05
2024.10.12 10:00:00,1_36013386509E-05
2024.10.12 11:00:00,1_3599268641E-05
2024.10.12 12:00:00,1_35964846777E-05
2024.10.12 13:00:00,1_35904501803E-05
2024.10.12 14:00:00,1_35820246214E-05
2024.10.12 15:00:00,1_35754189614E-05
2024.10.12 16:00:00,1_3571108866E-05
2024.10.12 17:00:00,1_35763730214E-05
2024.10.12 18:00:00,1_35816007969E-05
2024.10.12 19:00:00,1_35865075208E-05
2024.10.12 20:00:00,1_35888876684E-05
2024.10.12 21:00:00,1_35908048833E-05
2024.10.12 22:00:00,1_35921527544E-05
2024.10.12 23:00:00,1_35940172186E-05
2024.10.13 00:00:00,1_35959016916E-05
2024.10.13 01:00:00,1_35976470119E-05
2024.10.13 02:00:00,1_36001826831E-05
2024.10.13 03:00:00,1_36026819746E-05
2024.10.13 04:00:00,1_36051785375E-05
2024.10.13 05:00:00,1_36078751893E-05
2024.10.13 06:00:00,1_36108028528E-05
2024.10.13 07:00:00,1_36148610181E-05
2024.10.13 08:00:00,1_36192347782E-05
2024.10.13 09:00:00,1_36236167236E-05
2024.10.13 10:00:00,1_36279104481E-05
2024.10.13 11:00:00,1_36319940793E-05
2024.10.13 12:00:00,1_36350681714E-05
2024.10.13 13:00:00,1_36380122058E-05
2024.10.13 14:00:00,1_36410471896E-05
2024.10.13 15:00:00,1_36460894282E-05
2024.10.13 16:00:00,1_36497083076E-05
2024.10.13 17:00:00,1_36522721732E-05
2024.10.13 18:00:00,1_36560156534E-05
2024.10.13 19:00:00,1_36574426506E-05
2024.10.13 20:00:00,1_36584494612E-05
2024.10.13 21:00:00,1_36591406772E-05
2024.10.13 22:00:00,1_36585958899E-05
2024.10.13 23:00:00,1_36574717544E-05
2024.10.14 00:00:00,1_36528451549E-05
2024.10.14 01:00:00,1_36525231937E-05
2024.10.14 02:00:00,1_36519538501E-05
2024.10.14 03:00:00,1_36500248118E-05
2024.10.14 04:00:00,1_36487042255E-05
2024.10.14 05:00:00,1_364655418E-05
2024.10.14 06:00:00,1_36443850351E-05
2024.10.14 07:00:00,1_36420676426E-05
2024.10.14 08:00:00,1_36362214107E-05
2024.10.14 09:00:00,1_36315647978E-05
2024.10.14 10:00:00,1_36251474032E-05
2024.10.14 11:00:00,1_36201433634E-05
2024.10.14 12:00:00,1_36183743962E-05
2024.10.14 13:00:00,1_36139824463E-05
2024.10.14 14:00:00,1_36111402753E-05
2024.10.14 15:00:00,1_36075586852E-05
2024.10.14 16:00:00,1_35994905577E-05
2024.10.14 17:00:00,1_35994705488E-05
2024.10.14 18:00:00,1_36000189741E-05
2024.10.14 19:00:00,1_35994559969E-05
2024.10.14 20:00:00,1_35997888719E-05
2024.10.14 21:00:00,1_35983764267E-05
2024.10.14 22:00:00,1_35968857649E-05
2024.10.14 23:00:00,1_35957889142E-05
2024.10.15 00:00:00,1_35968257382E-05
2024.10.15 01:00:00,1_35970249175E-05
2024.10.15 02:00:00,1_3596860299E-05
2024.10.15 03:00:00,1_35958462124E-05
2024.10.15 04:00:00,1_35944947033E-05
2024.10.15 05:00:00,1_35962300192E-05
2024.10.15 06:00:00,1_35969348776E-05
2024.10.15 07:00:00,1_35975151352E-05
2024.10.15 08:00:00,1_35978425533E-05
2024.10.15 09:00:00,1_35967347887E-05
2024.10.15 10:00:00,1_3597295947E-05
2024.10.15 11:00:00,1_35979953484E-05
2024.10.15 12:00:00,1_35976451929E-05
2024.10.15 13:00:00,1_35983909786E-05
2024.10.15 14:00:00,1_35999171107E-05
2024.10.15 15:00:00,1_36021944854E-05
2024.10.15 16:00:00,1_36044345709E-05
2024.10.15 17:00:00,1_36057869895E-05
2024.10.15 18:00:00,1_36068756547E-05
2024.10.15 19:00:00,1_36089920488E-05
2024.10.15 20:00:00,1_36096368806E-05
2024.10.15 21:00:00,1_36098660732E-05
2024.10.15 22:00:00,1_36081071105E-05
2024.10.15 23:00:00,1_36052849484E-05
2024.10.16 00:00:00,1_36014768941E-05
2024.10.16 01:00:00,1_35975642479E-05
2024.10.16 02:00:00,1_35908876473E-05
2024.10.16 03:00:00,1_35892869366E-05
2024.10.16 04:00:00,1_35870986924E-05
2024.10.16 05:00:00,1_35852833409E-05
2024.10.16 06:00:00,1_35829995997E-05
2024.10.16 07:00:00,1_35808504638E-05
2024.10.16 08:00:00,1_35790296554E-05
2024.10.16 09:00:00,1_35782083817E-05
2024.10.16 10:00:00,1_3576513993E-05
2024.10.16 11:00:00,1_35754889925E-05
2024.10.16 12:00:00,1_35753052746E-05
2024.10.16 13:00:00,1_35748423418E-05
2024.10.16 14:00:00,1_35738446261E-05
2024.10.16 15:00:00,1_35737700475E-05
2024.10.16 16:00:00,1_35746095111E-05
2024.10.16 17:00:00,1_35743603096E-05
2024.10.16 18:00:00,1_35755144584E-05
2024.10.16 19:00:00,1_35759773912E-05
2024.10.16 20:00:00,1_35774507726E-05
2024.10.16 21:00:00,1_35786049213E-05
2024.10.16 22:00:00,1_35788768603E-05
2024.10.16 23:00:00,1_35790805871E-05
2024.10.17 00:00:00,1_35786158353E-05
2024.10.17 01:00:00,1_35783648147E-05
2024.10.17 02:00:00,1_35783639053E-05
2024.10.17 03:00:00,1_35780728669E-05
2024.10.17 04:00:00,1_35786622195E-05
2024.10.17 05:00:00,1_35806021717E-05
2024.10.17 06:00:00,1_35809414132E-05
2024.10.17 07:00:00,1_35821073854E-05
2024.10.17 08:00:00,1_3581490748E-05
2024.10.17 09:00:00,1_35825666803E-05
2024.10.17 10:00:00,1_35835934998E-05
2024.10.17 11:00:00,1_35816508191E-05
2024.10.17 12:00:00,1_35789614433E-05
2024.10.17 13:00:00,1_35792461151E-05
2024.10.17 14:00:00,1_35778500407E-05
2024.10.17 15:00:00,1_35779964694E-05
2024.10.17 16:00:00,1_35777445394E-05
2024.10.17 17:00:00,1_3574289369E-05
2024.10.17 18:00:00,1_35744685394E-05
2024.10.17 19:00:00,1_35748687171E-05
2024.10.17 20:00:00,1_35745831358E-05
2024.10.17 21:00:00,1_35735508593E-05
2024.10.17 22:00:00,1_35719983518E-05
2024.10.17 23:00:00,1_3569917428E-05
2024.10.18 00:00:00,1_3567672795E-05
2024.10.18 01:00:00,1_3565527297E-05
2024.10.18 02:00:00,1_35636018967E-05
2024.10.18 03:00:00,1_35619420689E-05
2024.10.18 04:00:00,1_35605851028E-05
2024.10.18 05:00:00,1_35596346809E-05
2024.10.18 06:00:00,1_35590717036E-05
2024.10.18 07:00:00,1_3558747014E-05
2024.10.18 08:00:00,1_35585332828E-05
2024.10.18 09:00:00,1_35583459269E-05
2024.10.18 10:00:00,1_35579130074E-05
2024.10.18 11:00:00,1_35562295327E-05
2024.10.18 12:00:00,1_35521349875E-05
2024.10.18 13:00:00,1_35474829221E-05
2024.10.18 14:00:00,1_3542276065E-05
2024.10.18 15:00:00,1_35370974021E-05
2024.10.18 16:00:00,1_35340687848E-05
2024.10.18 17:00:00,1_35358741318E-05
2024.10.18 18:00:00,1_3540643522E-05
2024.10.18 19:00:00,1_35437212521E-05
2024.10.18 20:00:00,1_35454592964E-05
2024.10.18 21:00:00,1_35467744258E-05
2024.10.18 22:00:00,1_35481950565E-05
2024.10.18 23:00:00,1_35498548843E-05
2024.10.19 00:00:00,1_35516975206E-05
2024.10.19 01:00:00,1_35533591674E-05
2024.10.19 02:00:00,1_35545787998E-05
2024.10.19 03:00:00,1_35545369631E-05
2024.10.19 04:00:00,1_35539321491E-05
2024.10.19 05:00:00,1_35538411996E-05
2024.10.19 06:00:00,1_35544623845E-05
2024.10.19 07:00:00,1_35567379402E-05
2024.10.19 08:00:00,1_35599093483E-05
2024.10.19 09:00:00,1_35632253659E-05
2024.10.19 10:00:00,1_35657965075E-05
2024.10.19 11:00:00,1_3566736925E-05
2024.10.19 12:00:00,1_35664695335E-05
2024.10.19 13:00:00,1_35653044708E-05
2024.10.19 14:00:00,1_35637765197E-05
2024.10.19 15:00:00,1_35635928018E-05
2024.10.19 16:00:00,1_35633281388E-05
2024.10.19 17:00:00,1_35615327963E-05
2024.10.19 18:00:00,1_35599975692E-05
2024.10.19 19:00:00,1_35602240334E-05
2024.10.19 20:00:00,1_35605687319E-05
2024.10.19 21:00:00,1_35594355015E-05
2024.10.19 22:00:00,1_35571917781E-05
2024.10.19 23:00:00,1_35549325933E-05
2024.10.20 00:00:00,1_35530599437E-05
2024.10.20 01:00:00,1_35517875606E-05
2024.10.20 02:00:00,1_35498803502E-05
2024.10.20 03:00:00,1_35461186801E-05
2024.10.20 04:00:00,1_35446171043E-05
2024.10.20 05:00:00,1_35426062116E-05
2024.10.20 06:00:00,1_3540042346E-05
2024.10.20 07:00:00,1_35386362672E-05
2024.10.20 08:00:00,1_3537126506E-05
2024.10.20 09:00:00,1_35343279908E-05
2024.10.20 10:00:00,1_35330192279E-05
2024.10.20 11:00:00,1_35345671879E-05
2024.10.20 12:00:00,1_3529831449E-05
2024.10.20 13:00:00,1_35277186928E-05
2024.10.20 14:00:00,1_35234477057E-05
2024.10.20 15:00:00,1_35239270094E-05
2024.10.20 16:00:00,1_35244390549E-05
2024.10.20 17:00:00,1_35236796268E-05
2024.10.20 18:00:00,1_35229474836E-05
2024.10.20 19:00:00,1_35238187795E-05
2024.10.20 20:00:00,1_35259151648E-05
2024.10.20 21:00:00,1_35271966428E-05
2024.10.20 22:00:00,1_35274058266E-05
2024.10.20 23:00:00,1_35278887683E-05
2024.10.21 00:00:00,1_35278951348E-05
2024.10.21 01:00:00,1_35257478178E-05
2024.10.21 02:00:00,1_35224108817E-05
2024.10.21 03:00:00,1_35196378324E-05
2024.10.21 04:00:00,1_35145419335E-05
2024.10.21 05:00:00,1_35103355206E-05
2024.10.21 06:00:00,1_35057443913E-05
2024.10.21 07:00:00,1_35023019538E-05
2024.10.21 08:00:00,1_34996316774E-05
2024.10.21 09:00:00,1_34970978252E-05
2024.10.21 10:00:00,1_34930296554E-05
2024.10.21 11:00:00,1_34913507281E-05
2024.10.21 12:00:00,1_34877382152E-05
2024.10.21 13:00:00,1_34859528771E-05
2024.10.21 14:00:00,1_34845122375E-05
2024.10.21 15:00:00,1_34829624585E-05
2024.10.21 16:00:00,1_34804658956E-05
2024.10.21 17:00:00,1_34778056236E-05
2024.10.21 18:00:00,1_34744686875E-05
2024.10.21 19:00:00,1_34730689751E-05
2024.10.21 20:00:00,1_34692991196E-05
2024.10.21 21:00:00,1_34686315505E-05
2024.10.21 22:00:00,1_34663414428E-05
2024.10.21 23:00:00,1_34653782879E-05
2024.10.22 00:00:00,1_34639212774E-05
2024.10.22 01:00:00,1_34612373586E-05
2024.10.22 02:00:00,1_34596702992E-05
2024.10.22 03:00:00,1_34571873787E-05
2024.10.22 04:00:00,1_34527381306E-05
2024.10.22 05:00:00,1_3449753169E-05
2024.10.22 06:00:00,1_34482506837E-05
2024.10.22 07:00:00,1_34466308737E-05
2024.10.22 08:00:00,1_34428228193E-05
2024.10.22 09:00:00,1_34411902764E-05
2024.10.22 10:00:00,1_34386664286E-05
2024.10.22 11:00:00,1_34379661176E-05
2024.10.22 12:00:00,1_34355741466E-05
2024.10.22 13:00:00,1_34328984132E-05
2024.10.22 14:00:00,1_3429061255E-05
2024.10.22 15:00:00,1_34273932417E-05
2024.10.22 16:00:00,1_34254660225E-05
2024.10.22 17:00:00,1_34230003823E-05
2024.10.22 18:00:00,1_34203673952E-05
2024.10.22 19:00:00,1_34177280415E-05
2024.10.22 20:00:00,1_34134334075E-05
2024.10.22 21:00:00,1_34101537697E-05
2024.10.22 22:00:00,1_34082692966E-05
2024.10.22 23:00:00,1_34063420774E-05
2024.10.23 00:00:00,1_34044157676E-05
2024.10.23 01:00:00,1_34026004162E-05
2024.10.23 02:00:00,1_34008405439E-05
2024.10.23 03:00:00,1_34001056722E-05
2024.10.23 04:00:00,1_33985431603E-05
2024.10.23 05:00:00,1_33986350193E-05
2024.10.23 06:00:00,1_33987196023E-05
2024.10.23 07:00:00,1_33989587994E-05
2024.10.23 08:00:00,1_33994481075E-05
2024.10.23 09:00:00,1_33999928948E-05
2024.10.23 10:00:00,1_34005249492E-05
2024.10.23 11:00:00,1_34008987516E-05
2024.10.23 12:00:00,1_34010379043E-05
2024.10.23 13:00:00,1_34010579131E-05
2024.10.23 14:00:00,1_3401079741E-05
2024.10.23 15:00:00,1_34011288537E-05
2024.10.23 16:00:00,1_34012670969E-05
2024.10.23 17:00:00,1_34015763251E-05
2024.10.23 18:00:00,1_34019910547E-05
2024.10.23 19:00:00,1_34023530336E-05
2024.10.23 20:00:00,1_34028732646E-05
2024.10.23 21:00:00,1_34028196044E-05
2024.10.23 22:00:00,1_34022366183E-05
2024.10.23 23:00:00,1_34012288981E-05
2024.10.24 00:00:00,1_34017809614E-05
2024.10.24 01:00:00,1_34028223329E-05
2024.10.24 02:00:00,1_34033052746E-05
2024.10.24 03:00:00,1_340322342E-05
2024.10.24 04:00:00,1_34028123284E-05
2024.10.24 05:00:00,1_34022511702E-05
2024.10.24 06:00:00,1_34016008815E-05
2024.10.24 07:00:00,1_34007068482E-05
2024.10.24 08:00:00,1_33998128149E-05
2024.10.24 09:00:00,1_33992534757E-05
2024.10.24 10:00:00,1_3399202544E-05
2024.10.24 11:00:00,1_33992452902E-05
2024.10.24 12:00:00,1_339910159E-05
2024.10.24 13:00:00,1_33989533424E-05
2024.10.24 14:00:00,1_33991770781E-05
2024.10.24 15:00:00,1_3398941519E-05
2024.10.24 16:00:00,1_33982075567E-05
2024.10.24 17:00:00,1_33971034302E-05
2024.10.24 18:00:00,1_33958901642E-05
2024.10.24 19:00:00,1_33947360155E-05
2024.10.24 20:00:00,1_33926241688E-05
2024.10.24 21:00:00,1_33912944875E-05
2024.10.24 22:00:00,1_3390868844E-05
2024.10.24 23:00:00,1_33903549795E-05
2024.10.25 00:00:00,1_33893054226E-05
2024.10.25 01:00:00,1_33887315314E-05
2024.10.25 02:00:00,1_3388123989E-05
2024.10.25 03:00:00,1_33872299557E-05
2024.10.25 04:00:00,1_33865696625E-05
2024.10.25 05:00:00,1_33855082822E-05
2024.10.25 06:00:00,1_33845414894E-05
2024.10.25 07:00:00,1_33847242978E-05
2024.10.25 08:00:00,1_33846442623E-05
2024.10.25 09:00:00,1_33845878736E-05
2024.10.25 10:00:00,1_33845687742E-05
2024.10.25 11:00:00,1_33846560857E-05
2024.10.25 12:00:00,1_33811681735E-05
2024.10.25 13:00:00,1_33824123623E-05
2024.10.25 14:00:00,1_33834073495E-05
2024.10.25 15:00:00,1_33838684633E-05
2024.10.25 16:00:00,1_3383480109E-05
2024.10.25 17:00:00,1_33838711918E-05
2024.10.25 18:00:00,1_33839730552E-05
2024.10.25 19:00:00,1_33839866976E-05
2024.10.25 20:00:00,1_33839375849E-05
2024.10.25 21:00:00,1_33837938847E-05
2024.10.25 22:00:00,1_33835355882E-05
2024.10.25 23:00:00,1_33831317726E-05
2024.10.26 00:00:00,1_33825278681E-05
2024.10.26 01:00:00,1_33815874506E-05
2024.10.26 02:00:00,1_33806152007E-05
2024.10.26 03:00:00,1_33794164867E-05
2024.10.26 04:00:00,1_33780113174E-05
2024.10.26 05:00:00,1_3375160961E-05
2024.10.26 06:00:00,1_33738958539E-05
2024.10.26 07:00:00,1_33722442115E-05
2024.10.26 08:00:00,1_33705216285E-05
2024.10.26 09:00:00,1_33682351589E-05
2024.10.26 10:00:00,1_33670309879E-05
2024.10.26 11:00:00,1_33666017064E-05
2024.10.26 12:00:00,1_33666926558E-05
2024.10.26 13:00:00,1_33672911034E-05
2024.10.26 14:00:00,1_33681978696E-05
2024.10.26 15:00:00,1_33692119562E-05
2024.10.26 16:00:00,1_33694584292E-05
2024.10.26 17:00:00,1_33678186103E-05
2024.10.26 18:00:00,1_33654239107E-05
2024.10.26 19:00:00,1_33630956043E-05
2024.10.26 20:00:00,1_33608591568E-05
2024.10.26 21:00:00,1_33585253934E-05
2024.10.26 22:00:00,1_33560506583E-05
2024.10.26 23:00:00,1_33533321787E-05
2024.10.27 00:00:00,1_33495150294E-05
2024.10.27 01:00:00,1_33458324854E-05
2024.10.27 02:00:00,1_33414123411E-05
2024.10.27 03:00:00,1_33388066388E-05
2024.10.27 04:00:00,1_33364756039E-05
2024.10.27 05:00:00,1_3336027223E-05
2024.10.27 06:00:00,1_33351795739E-05
2024.10.27 07:00:00,1_33341090987E-05
2024.10.27 08:00:00,1_33322191687E-05
2024.10.27 09:00:00,1_33313187689E-05
2024.10.27 10:00:00,1_33308403747E-05
2024.10.27 11:00:00,1_3330701222E-05
2024.10.27 12:00:00,1_33307194119E-05
2024.10.27 13:00:00,1_33305557029E-05
2024.10.27 14:00:00,1_33295989144E-05
2024.10.27 15:00:00,1_33286021082E-05
2024.10.27 16:00:00,1_33278035719E-05
2024.10.27 17:00:00,1_33270687002E-05
2024.10.27 18:00:00,1_33263438329E-05
2024.10.27 19:00:00,1_33257126436E-05
2024.10.27 20:00:00,1_33251996886E-05
2024.10.27 21:00:00,1_33245794132E-05
2024.10.27 22:00:00,1_33235380417E-05
2024.10.27 23:00:00,1_33223911689E-05
2024.10.28 00:00:00,1_3321348888E-05
2024.10.28 01:00:00,1_33201283461E-05
2024.10.28 02:00:00,1_33190333145E-05
2024.10.28 03:00:00,1_33170551635E-05
2024.10.28 04:00:00,1_33153262141E-05
2024.10.28 05:00:00,1_33141375045E-05
2024.10.28 06:00:00,1_331275962E-05
2024.10.28 07:00:00,1_33112453113E-05
2024.10.28 08:00:00,1_33095945785E-05
2024.10.28 09:00:00,1_33076091515E-05
2024.10.28 10:00:00,1_330528994E-05
2024.10.28 11:00:00,1_33042576635E-05
2024.10.28 12:00:00,1_33031371661E-05
2024.10.28 13:00:00,1_33020112116E-05
2024.10.28 14:00:00,1_33008652483E-05
2024.10.28 15:00:00,1_32992527142E-05
2024.10.28 16:00:00,1_32970972118E-05
2024.10.28 17:00:00,1_32958257382E-05
2024.10.28 18:00:00,1_32952445711E-05
2024.10.28 19:00:00,1_32943096105E-05
2024.10.28 20:00:00,1_3292249605E-05
2024.10.28 21:00:00,1_32906106955E-05
2024.10.28 22:00:00,1_32876948555E-05
2024.10.28 23:00:00,1_32851173476E-05
2024.10.29 00:00:00,1_32827972266E-05
2024.10.29 01:00:00,1_32821123771E-05
2024.10.29 02:00:00,1_32817713165E-05
2024.10.29 03:00:00,1_32810409923E-05
2024.10.29 04:00:00,1_32797713377E-05
2024.10.29 05:00:00,1_32782733999E-05
2024.10.29 06:00:00,1_32770155687E-05
2024.10.29 07:00:00,1_32750383273E-05
2024.10.29 08:00:00,1_32736622618E-05
2024.10.29 09:00:00,1_32712511913E-05
2024.10.29 10:00:00,1_32706391014E-05
2024.10.29 11:00:00,1_32695658976E-05
2024.10.29 12:00:00,1_32685900098E-05
2024.10.29 13:00:00,1_32675932036E-05
2024.10.29 14:00:00,1_32667892103E-05
2024.10.29 15:00:00,1_32658024086E-05
2024.10.29 16:00:00,1_32652867251E-05
2024.10.29 17:00:00,1_32648237923E-05
2024.10.29 18:00:00,1_32644190671E-05
2024.10.29 19:00:00,1_32639897856E-05
2024.10.29 20:00:00,1_32635332193E-05
2024.10.29 21:00:00,1_326297388E-05
2024.10.29 22:00:00,1_32623590616E-05
2024.10.29 23:00:00,1_326169604E-05
2024.10.30 00:00:00,1_32610311994E-05
2024.10.30 01:00:00,1_32603372549E-05
2024.10.30 02:00:00,1_32596223921E-05
2024.10.30 03:00:00,1_32589129862E-05
2024.10.30 04:00:00,1_32582317747E-05
2024.10.30 05:00:00,1_32575114549E-05
2024.10.30 06:00:00,1_32571212816E-05
2024.10.30 07:00:00,1_32570285132E-05
2024.10.30 08:00:00,1_32562163344E-05
2024.10.30 09:00:00,1_32563745865E-05
2024.10.30 10:00:00,1_32567674882E-05
2024.10.30 11:00:00,1_32571294671E-05
2024.10.30 12:00:00,1_32581490107E-05
2024.10.30 13:00:00,1_32602717713E-05
2024.10.30 14:00:00,1_32634777401E-05
2024.10.30 15:00:00,1_32679306262E-05
2024.10.30 16:00:00,1_32738387038E-05
2024.10.30 17:00:00,1_32779396154E-05
2024.10.30 18:00:00,1_32754867082E-05
2024.10.30 19:00:00,1_32664563353E-05
2024.10.30 20:00:00,1_32612321977E-05
2024.10.30 21:00:00,1_32583654704E-05
2024.10.30 22:00:00,1_32564218802E-05
2024.10.30 23:00:00,1_32548857437E-05
2024.10.31 00:00:00,1_3253546058E-05
2024.10.31 01:00:00,1_32521518026E-05
2024.10.31 02:00:00,1_32507966555E-05
2024.10.31 03:00:00,1_32496179504E-05
2024.10.31 04:00:00,1_32486793518E-05
2024.10.31 05:00:00,1_32479472086E-05
2024.10.31 06:00:00,1_32474588099E-05
2024.10.31 07:00:00,1_32470240715E-05
2024.10.31 08:00:00,1_32461500471E-05
2024.10.31 09:00:00,1_32453988044E-05
2024.10.31 10:00:00,1_3244964066E-05
2024.10.31 11:00:00,1_32445811687E-05
2024.10.31 12:00:00,1_32444838528E-05
2024.10.31 13:00:00,1_32450659294E-05
2024.10.31 14:00:00,1_32458762891E-05
2024.10.31 15:00:00,1_32467739604E-05
2024.10.31 16:00:00,1_32478326123E-05
2024.10.31 17:00:00,1_32490667966E-05
2024.10.31 18:00:00,1_32494915306E-05
2024.10.31 19:00:00,1_32471986944E-05
2024.10.31 20:00:00,1_32452696562E-05
2024.10.31 21:00:00,1_32443510665E-05
2024.10.31 22:00:00,1_32437153297E-05
2024.10.31 23:00:00,1_32429386213E-05
2024.11.01 00:00:00,1_32421473609E-05
