Index;Include?;Label;Path to Results;Max Layers;Layer Type;Secchi Depth (m);HMF?;VFF?;Vicoww;Dicoww;Mesh;Area (m2);Volume (m3);2D Cells;3D Cells;3D Links;Courant Limit;Max Timestep (s);Start;End;Simulation Period (h);Timesteps;Model Size;Run Time (h);Simulation Time/Run Time;Correlation;Sum of Squares Error;Mean Absolute Error;Mean Squared Error;Root Mean Squared Error;Mean Percent Error
19;1;40 Layer, Filtered, Secchi Depth=1;D:\Russell\Delft3D\Projects\ESwA\Results\2mnth\40_filtered_secchi1;40;z;1;1;1;1.00E-06;1.00E-06;High-Res;7.55E+06;2.54E+08;4935;65904;94081;0.7;30;25.04.2024 00:00;28.06.2024 00:00;1536;184345;29492434825;6.07;253.24312;0.9718;933.1118;0.4449;0.5012;0.7079;6.3757
18;1;40 Layer, Filtered, Secchi Depth=1, Courant=0.4;D:\Russell\Delft3D\Projects\ESwA\Results\2mnth\40_Secchi1_Courant4;40;z;1;1;1;1.00E-06;1.00E-06;High-Res;7.55E+06;2.54E+08;4935;65904;94081;0.4;30;25.04.2024 00:00;28.06.2024 00:00;1536;184345;29492434825;6.34;242.42658;0.9718;933.1118;0.4449;0.5012;0.7079;6.3757
17;1;40 Layer, Filtered, Secchi Depth=2;D:\Russell\Delft3D\Projects\ESwA\Stored Results\2mnth\40_filtered_2Secchi;40;z;2;1;1;1.00E-06;1.00E-06;High-Res;7.55E+06;2.54E+08;4935;65904;94081;0.7;30;25.04.2024 00:00;28.06.2024 00:00;1536;184345;29492434825;5.46;281.40408;0.9697;871.3135;0.4448;0.5074;0.7123;5.9688
4;0;20 Layer, Low Res, Filtered, Secchi Depth=1;D:\Russell\Delft3D\Projects\ESwA\Results\2mnth\20_filtered_secchi1_lowres;20;z;1;1;1;1.00E-06;1.00E-06;Low-Res;7.58E+06;2.59E+08;2603;18661;26203;0.7;30;25.04.2024 00:00;28.06.2024 00:00;1536;184345;8270454080;2.15;715.83186;0.9148;221.702;0.5527;1.0912;1.0446;1.5753
16;1;40 Layer, Filtered, Secchi Depth=7;D:\Russell\Delft3D\Projects\ESwA\Stored Results\2mnth\40_filtered;40;z;7;1;1;1.00E-06;1.00E-06;High-Res;7.55E+06;2.54E+08;4935;65904;94081;0.7;30;25.04.2024 00:00;28.06.2024 00:00;1536;184345;29492434825;6.89;222.92886;0.9005;671.6502;0.5893;1.3018;1.141;3.2155
15;1;40 Layer, Unfiltered, Secchi Depth=7;D:\Russell\Delft3D\Projects\ESwA\Stored Results\2mnth\40_unfiltered;40;z;7;0;0;1.00E-06;1.00E-06;High-Res;7.55E+06;2.54E+08;4935;65904;94081;0.7;30;25.04.2024 00:00;28.06.2024 00:00;1536;184443;29508113355;5.16;297.64787;0.8907;644.6042;0.6117;1.4052;1.1854;2.8727
14;1;20 Layer, Filtered, Secchi Depth=7;D:\Russell\Delft3D\Projects\ESwA\Stored Results\2mnth\20_filtered;20;z;7;1;1;1.00E-06;1.00E-06;High-Res;7.55E+06;2.54E+08;4935;34160;48822;0.7;30;25.04.2024 00:00;28.06.2024 00:00;1536;184345;15297316790;3.71;413.63475;0.8363;217.9334;0.7076;1.9586;1.3995;0.1416
13;1;20 Layer, Unfiltered, Secchi Depth=7;D:\Russell\Delft3D\Projects\ESwA\Stored Results\2mnth\20_unfiltered;20;z;7;0;0;1.00E-06;1.00E-06;High-Res;7.55E+06;2.54E+08;4935;34160;48822;0.7;30;25.04.2024 00:00;28.06.2024 00:00;1536;184345;15297316790;3.29;467.26816;0.8205;186.8871;0.7429;2.1177;1.4552;-0.6682
12;0;40 Layer, Low Res, Filtered, Secchi Depth=0;D:\Russell\Delft3D\Projects\ESwA\Results\2mnth\40_Low_Secc0;40;z;0;1;1;1.00E-06;1.00E-06;Low-Res;7.58E+06;2.59E+08;2603;9884;13938;0.7;30;25.04.2024 00:00;28.06.2024 00:00;1536;184345;4391466590;3.45;445.19743;0.9627;267.6413;1.2241;2.3332;1.5275;9.0534
11;1;40 Layer, Filtered, Secchi Depth=0;D:\Russell\Delft3D\Projects\ESwA\Results\2mnth\40_0Secchi;40;z;0;1;1;1.00E-06;1.00E-06;High-Res;7.55E+06;2.54E+08;4935;65904;94081;0.7;30;25.04.2024 00:00;28.06.2024 00:00;1536;184345;29492434825;6.08;252.57449;0.9628;269.6722;1.2356;2.3568;1.5352;9.0426
11;0;10 Layer, Low-Res Filtered, Secchi Depth=0;D:\Russell\Delft3D\Projects\ESwA\Results\2mnth\10_filtered_secchi0;10;z;0;1;1;1.00E-06;1.00E-06;Low-Res;7.58E+06;2.59E+08;2603;9884;13938;0.7;30;25.04.2024 00:00;28.06.2024 00:00;1536;184345;4391466590;0.98;1563.78941;0.7798;19.6073;0.9988;2.5458;1.5956;-4.859
10;1;10 Layer, Low Res, Filtered, Secchi Depth=0, 15s Max dt;D:\Russell\Delft3D\Projects\ESwA\Results\2mnth\10_filtered_15s;10;z;0;1;1;1.00E-06;1.00E-06;Low-Res;7.58E+06;2.59E+08;2603;9884;13938;0.7;15;25.04.2024 00:00;28.06.2024 00:00;1536;368658;8782170876;2.56;599.17905;0.7797;19.4567;0.999;2.5464;1.5957;-4.8648
9;1;10 Layer, Filtered, Secchi Depth=1;D:\Russell\Delft3D\Projects\ESwA\Results\2mnth\10_filtered_Secc1;10;z;1;1;1;1.00E-06;1.00E-06;High-Res;7.55E+06;2.54E+08;4935;18322;26220;0.7;30;25.04.2024 00:00;28.06.2024 00:00;1536;184345;8211094990;2.27;677.00183;0.7546;-4.391;1.0648;2.7582;1.6608;-5.912
8;1;10 Layer, Unfiltered, Secchi Depth=7;D:\Russell\Delft3D\Projects\ESwA\Stored Results\2mnth\10_unfiltered;10;z;7;0;0;1.00E-06;1.00E-06;High-Res;7.55E+06;2.54E+08;4935;18322;26220;0.7;30;25.04.2024 00:00;28.06.2024 00:00;1536;184345;8211094990;1.91;804.57521;0.6945;-12.7209;1.1899;3.2713;1.8087;-7.1202
7;1;40 Layer High Res VicoDicoww5;D:\Russell\Delft3D\Projects\ESwA\Results\7mnth\40High_VicDic5;40;z;1;1;1;1.00E-05;1.00E-05;High Res;7.55E+06;2.54E+08;4935;65900;94077;0.7;30;25.04.2024 00:00;20.11.2024 00:00;5016;601945;96297355265;23.59;212.63935;0.9514;4,492.6789;0.8373;1.1584;1.0763;8.1281
6;1;40 Layer Full Season High Res noVfilter;D:\Russell\Delft3D\Projects\ESwA\Results\7mnth\40_highres_novfilt;40;z;1;1;0;1.00E-06;1.00E-06;High Res;7.55E+06;2.54E+08;4935;65900;94077;0.7;30;25.04.2024 00:00;20.11.2024 00:00;5016;601945;96297355265;19.76;253.83371;0.9571;7,774.5002;1.0604;1.7478;1.3221;15.1069
5;1;40 Layer Full Season High Res;D:\Russell\Delft3D\Projects\ESwA\Results\7mnth\40_highres_contam;40;z;1;1;1;1.00E-06;1.00E-06;High Res;7.55E+06;2.54E+08;4935;65900;94077;0.7;30;25.04.2024 00:00;20.11.2024 00:00;5016;601945;96297355265;18.4;272.66956;0.9574;7,817.1621;1.0629;1.7553;1.3249;15.1892
4;1;40 Layer Full Season Low Res;D:\Russell\Delft3D\Projects\ESwA\Results\7mnth\40_low_filtered;40;z;1;1;1;1.00E-06;1.00E-06;Low Res;7.58E+06;2.59E+08;2603;36197;50719;0.7;30;25.04.2024 00:00;20.11.2024 00:00;5016;601945;52318651620;11.58;433.2052;0.958;7,971.646;1.0711;1.786;1.3364;15.4806
3;1;40high_Vico6Dico5;D:\Russell\Delft3D\Projects\ESwA\Results\7mnth\40high_Vico6Dico5;40;z;1;1;1;1.00E-06;1.00E-05;High;7.55E+06;2.54E+08;4935;65900;94077;0.7;30;25.04.2024 00:00;20.11.2024 00:00;5016;601945;96297355265;23.53;213.16335;0.958;7,971.646;1.0711;1.786;1.3364;15.4806
2;1;20 Layer Full Season Low Res;D:\Russell\Delft3D\Projects\ESwA\Results\7mnth\20_lowres_contam;20;z;1;1;1;1.00E-06;1.00E-06;Low Res;7.58E+06;2.59E+08;2603;18661;26203;0.7;30;25.04.2024 00:00;20.11.2024 00:00;5016;601945;27005660480;5.33;940.94337;0.8564;-88.1413;1.0697;2.2778;1.5092;-1.8598
15;0;20 Layer Low Res;D:\Russell\Delft3D\Projects\ESwA\Results\7mnth\20Low;20;z;1;1;1;1.00E-06;1.00E-06;Low Res;7.58E+06;2.59E+08;2603;36197;50719;0.7;30;25.04.2024 00:00;15.11.2024 00:00;4920;590425;51317379300;5.23;940.05015;0.8564;-88.3826;1.0697;2.2779;1.5093;-1.8606
1;1;20 Layer Full Season High Res;D:\Russell\Delft3D\Projects\ESwA\Results\7mnth\20_highres_filtered;20;z;1;1;1;1.00E-06;1.00E-06;High Res;7.55E+06;2.54E+08;4935;34160;48822;0.7;30;25.04.2024 00:00;20.11.2024 00:00;5016;601945;49950599990;11.71;428.31331;0.8418;-513.842;1.1188;2.5038;1.5823;-3.921
23;0;40 Layer High Res Dicoww4;D:\Russell\Delft3D\Projects\ESwA\Results\7mnth\40High_Dico4;40;z;1;1;1;1.00E-06;1.00E-04;High Res;7.55E+06;2.54E+08;4935;65900;94077;0.7;30;25.04.2024 00:00;20.11.2024 00:00;5016;601945;96297355265;23.7;211.62218;0.7378;-5,022.8572;1.6205;4.3198;2.0784;-15.8059
24;0;40 Layer High Res VicoDicoww3;D:\Russell\Delft3D\Projects\ESwA\Results\7mnth\40_highresVicDic;40;z;1;1;1;1.00E-03;1.00E-03;High Res;7.55E+06;2.54E+08;4935;65900;94077;0.7;30;25.04.2024 00:00;20.11.2024 00:00;5016;601945;96297355265;18.99;264.09254;0.4513;-7,973.2572;2.2843;8.1214;2.8498;-25.2996
25;0;40 Layer High Res Dicoww3;D:\Russell\Delft3D\Projects\ESwA\Results\7mnth\40_highresDic;40;z;1;1;1;1.00E-06;1.00E-03;High Res;7.55E+06;2.54E+08;4935;65900;94077;0.7;30;25.04.2024 00:00;20.11.2024 00:00;5016;601945;96297355265;18.02;278.35653;0.4511;-8,004.9629;2.2872;8.1327;2.8518;-25.3706
